id,title,artist,genre,mood,energy,tempo_bpm,valence,danceability,acousticness,popularity,lyrics
1,Dance Monkey,Tones and I,pop,neutral,0.588,98.03,0.513,0.824,0.692,100,"They say, ""Oh my God, I see the way you shine Take your hands, my dear, and place them both in mine"" You know you stopped me dead while I was passing by And now I beg to see you dance just one more time Ooh, I see you, see you, see you every time And oh my, I, I like your style You, you make me, make me, make me wanna cry And now I beg to see you dance just one more time So they say Dance for me, dance for me, dance for me, oh-oh-oh I've never seen anybody do the things you do before They say Mo"
2,ROXANNE,Arizona Zervas,latin,neutral,0.601,116.74,0.457,0.621,0.052,99,"All for the 'Gram Bitches love the 'Gram Oh, wait, shit Brr, brr (Ayy, yeah, yeah, yeah, ayy) Brr, brr, brr, ayy Skrrt skrrt Ninety four don't need no brakes, yeah Roxanne, Roxanne All she wanna do is party all night God damn, Roxanne Never gonna love me, but it's alright She think I'm an asshole, she think I'm a player She keep running back, though, only 'cause I pay up Roxanne, Roxanne All she wanna do is party all night Met her at a party in the hills, yeah She just wanna do it for the thrill"
3,Circles,Post Malone,pop,neutral,0.762,120.04,0.553,0.695,0.192,98,"Oh, oh, oh Oh,  oh, oh Oh,  oh, oh, oh, oh We couldn't turn around 'til we were upside down I'll be the bad guy now, but know I ain't too proud I  couldn't be there even when I tried You  don't believe it, we do this every time Seasons change and our love went cold Feed  the flame 'cause we can't let go Run away, but we're running in circles Run away, run away I dare you to do something I'm  waiting on you again, so I don't take the blame Run away, but we're running in circles Run away, run away"
4,Blinding Lights,The Weeknd,pop,sad,0.7959999999999999,171.02,0.345,0.513,0.001,98,"Yeah I've been tryna call I've been on my own for long enough Maybe you can show me how to love, maybe I'm going through withdrawals You don't even have to do too much You can turn me on with just a touch, baby I look around and Sin City's cold and empty (Oh) No one's around to judge me (Oh) I can't see clearly when you're gone I said, ooh, I'm blinded by the lights No, I can't sleep until I feel your touch I said, ooh, I'm drowning in the night Oh, when I'm like this, you're the one I trust Hey"
5,The Box,Roddy Ricch,rap,happy,0.586,116.97,0.642,0.896,0.104,98,"Pullin' out the coupe at the lot Told 'em fuck 12, fuck SWAT Bustin' all the bells out the box I just hit a lick with the box Had to put the stick in the box, mmh Pour up the whole damn seal, I'ma get lazy I got the mojo deals, we been trappin' like the '80s She sucked a nigga soul, gotta Cash App Told 'em wipe a nigga nose, say slatt, slatt I won't never sell my soul, and I can back that And I really wanna know where you at, at I was out back where the stash at Cruise the city in a bulletproof "
6,Memories,Maroon 5,pop,neutral,0.32,91.02,0.575,0.764,0.837,98,"Here's to the ones that we got Cheers to the wish you were here, but you're not 'Cause the drinks bring back all the memories Of everything we've been through Toast to the ones here today Toast to the ones that we lost on the way 'Cause the drinks bring back all the memories And the memories bring back, memories bring back you There's a time that I remember, when I did not know no pain When I believed in forever, and everything would stay the same Now my heart feel like December when somebody sa"
7,everything i wanted,Billie Eilish,pop,sad,0.225,120.01,0.243,0.704,0.902,97,"I had a dream I got everything I wanted Not what you'd think And if I'm bein' honest It might've been a nightmare To anyone who might care Thought I could fly (Fly) So I stepped off the Golden, mm Nobody cried (Cried, cried, cried, cried) Nobody even noticed I saw them standing right there Kinda thought they might care (Might care, might care) I had a dream I got everything I wanted But when I wake up, I see You with me And you say, ""As long as I'm here, no one can hurt you Don't wanna lie here,"
8,Falling,Trevor Daniel,pop,sad,0.43,127.09,0.236,0.784,0.123,97,"Oh Ooh, ooh My last made me feel like I would never try again But when I saw you, I felt something I never felt Come closer, I'll give you all my love If you treat me right, baby, I'll give you everything My last made me feel like I would never try again But when I saw you, I felt something I never felt Come closer, I'll give you all my love If you treat me right, baby, I'll give you everything Talk to me, I need to hear you need me like I need ya Fall for me, I wanna know you feel how I feel fo"
9,Don't Start Now,Dua Lipa,pop,happy,0.7929999999999999,123.94,0.677,0.794,0.012,97,"If you don't wanna see me Did a full 180, crazy Thinking 'bout the way I was Did the heartbreak change me? Maybe But look at where I ended up I'm all good already So moved on, it's scary I'm not where you left me at all, so If you don't wanna see me dancing with somebody If you wanna believe that anything could stop me Don't show up, don't come out Don't start caring about me now Walk away, you know how Don't start caring about me now Aren't you the guy who tried to Hurt me with the word ""goodby"
10,Yummy,Justin Bieber,pop,neutral,0.519,145.84,0.495,0.662,0.404,95,"Yeah, you got that yummy-yum That yummy-yum, that yummy-yummy Yeah, you got that yummy-yum That yummy-yum, that yummy-yummy Say the word, on my way Yeah, babe, yeah, babe, yeah, babe Any night, any day Say the word, on my way Yeah, babe, yeah, babe, yeah, babe In the mornin' or the late Say the word, on my way Bona fide stallion Ain't in no stable, no, you stay on the run Ain't on the side, you're number one Yeah, every time I come around, you get it done Fifty-fifty, love the way you split it H"
11,bad guy,Billie Eilish,pop,neutral,0.425,135.13,0.562,0.701,0.328,95,"White shirt now red, my bloody nose Sleepin', you're on your tippy toes Creepin' around like no one knows Think you're so criminal Bruises on both my knees for you Don't say thank you or please I do what I want when I'm wanting to My soul? So cynical So you're a tough guy Like it really rough guy Just can't get enough guy Chest always so puffed guy I'm that bad type Make your mama sad type Make your girlfriend mad tight Might seduce your dad type I'm the bad guy Duh I'm the bad guy I like it whe"
12,My Oh My (feat. DaBaby),Camila Cabello,pop,sad,0.491,105.05,0.383,0.724,0.018,94,"They say he likes a good time (My oh my) He comes alive at midnight (Every night) My mama doesn't trust him (My oh my) He's only here for one thing, but (So am I) Yeah, a little bit older, a black leather jacket A bad reputation, insatiable habits He was onto me, one look and I couldn't breathe, yeah I said, if he kissed me, I might let it happen (Oh) I swear on my life that I've been a good girl (Oh) Tonight, I don't wanna be her They say he likes a good time (My oh my) He comes alive at midnig"
13,Ride It,Regard,pop,happy,0.7509999999999999,117.95,0.884,0.88,0.177,94,"Ride it, we're all alone Ride  it, just lose control Ride  it, ride it, come touch my soul Ride it, ride, let me feel you Ride it, turn the lights down low Ride  it, from head to toe Ride  it, ride it, touch my soul Ride it, ride, let me feel you It's  been a month and twenty days And we're going 'round and 'round, playing silly games Now you're saying, slow it down, not right now Then ya wink at me and walk away Let  it be, let it be, let it be known Hold on, don't go Touching and teasing me, t"
14,HIGHEST IN THE ROOM,Travis Scott,pop,sad,0.4270000000000001,76.47,0.06,0.598,0.055,94,"I got room in my fumes (Yeah) She fill my mind up with ideas I'm the highest in the room (It's lit) Hope I make it outta here (Let's go) She saw my eyes, she know I'm gone (Ah) I see some things that you might fear I'm doin' a show, I'll be back soon (Soon) That ain't what she wanna hear (Nah) Now I got her in my room (Ah) Legs wrapped around my beard Got the fastest car, it zoom (Skrrt) Hope we make it outta here (Ah) When I'm with you, I feel alive You say you love me, don't you lie (Yeah) Won"
15,hot girl bummer,blackbear,pop,happy,0.5589999999999999,129.99,0.678,0.778,0.128,94,"Fuck you, and you, and you I hate your friends and they hate me too I'm through, I'm through, I'm through This that hot girl bummer anthem Turn it up and throw a tantrum This that hot girl bummer anthem Turn it up and throw a tantrum This that throw up in your Birkin bag Hook up with someone random This that social awkward suicide That buy your lips and buy your likes I swear she had a man But shit hit different when it's Thursday night That college dropout music Every day leg day, she be too th"
16,Someone You Loved,Lewis Capaldi,pop,neutral,0.405,109.89,0.446,0.501,0.751,94,"I'm going under, and this time, I fear there's no one to save me This all or nothing really got a way of driving me crazy I need somebody to heal, somebody to know Somebody to have, somebody to hold It's easy to say, but it's never the same I guess I kinda liked the way you numbed all the pain Now, the day bleeds into nightfall And you're not here to get me through it all I let my guard down and then you pulled the rug I was getting kinda used to being someone you loved I'm going under, and this"
17,BOP,DaBaby,rap,happy,0.787,126.77,0.836,0.769,0.189,93,"You know everybody been waiting on that Baby, man I mean, it's like ever since Baby on Baby dropped, man, like, you know (Ever since Baby on Baby dropped) Ain't nobody drop shit (Oh Lord, Jetson made another one) Let's go, hah I needed some shit with some bop in it (Let's go) I flew past the whip with that blunt in my mouth Watch the swervin', that whip had a cop in it (Woo) My bitch got good pussy, fly her 'cross the country I finish the show and I hop in it I got me a milli', I did it legit-ly"
18,Lose You To Love Me,Selena Gomez,pop,sad,0.34,101.99,0.092,0.505,0.576,93,"You promised the world and I fell for it I put you first and you adored it Set fires to my forest And you let it burn Sang off-key in my chorus 'Cause it wasn't yours I saw the signs and I ignored it Rose-colored glasses all distorted Set fire to my purpose And I let it burn You got off on the hurtin' When it wasn't yours, yeah We'd always go into it blindly I needed to lose you to find me This dancing was killing me softly I needed to hate you to love me, yeah To love, love, yeah To love, love,"
19,Life Is Good (feat. Drake),Future,rap,neutral,0.609,142.04,0.508,0.676,0.071,93,"NA Workin' on a weekend like usual Way off in the deep end like usual Niggas swear they passed us, they doin' too much Haven't done my taxes, I'm too turnt up Virgil got a Patek on my wrist goin' nuts Niggas caught me slippin' once, okay, so what? Someone hit your block up, I'd tell you if it was us Manor house in Rosewood, this shit too plush Say my days are numbered, but I keep wakin' up Know you see my texts, baby, please say some Wine by the glass, your man a cheapskate, huh? Niggas gotta mo"
20,Heartless,The Weeknd,pop,sad,0.75,169.95,0.198,0.531,0.006,93,"Young Metro, young Metro, young Metro (Sheesh) Ayy (Ayy) Young Metro, young Metro Never need a bitch, I'm what a bitch need (Bitch need) Tryna find the one that can fix me I've been dodgin' death in the six speed Amphetamine got my stummy feelin' sickly Yeah, I want it all now I've been runnin' through the pussy, need a dog pound Hundred models gettin' faded in the compound Tryna love me, but they never get a pulse down Why? 'Cause I'm heartless And I'm back to my ways 'cause I'm heartless All t"
21,No Idea,Don Toliver,rap,sad,0.614,128.04,0.35,0.656,0.558,92,"I know, I know, I know that you're drunk (Yeah) Tell me what you want after this club (Oh-oh) You know I get nasty (Know I get nasty) Uber ride to my house, called a taxi (Uber ride to my house, yeah) I'm picky with my women, I'm decidin' (Oh) Call me to your crib and I'ma slide in (Yeah) I'm picky with my women, I'm decidin' (Oh) Call me to your crib and I'ma slide in (Call me to your crib and I'ma) First things first let me get that introduction (Let me get that introdu—) We on a long road to "
22,Lucid Dreams,Juice WRLD,r&b,sad,0.5660000000000001,83.9,0.218,0.511,0.349,92,"Enviyon on the mix No, no, no, no No-no, no, no, no No, no, no, no, no No, no, no, no I still see your shadows in my room Can't take back the love that I gave you It's to the point where I love and I hate you And I cannot change you, so I must replace you, oh Easier said than done, I thought you were the one Listenin' to my heart instead of my head You found another one, but I am the better one I won't let you forget me I still see your shadows in my room Can't take back the love that I gave you"
23,Bandit (with YoungBoy Never Broke Again),Juice WRLD,pop,neutral,0.631,180.05,0.425,0.474,0.069,92,"It's funny, the shit I put on this song ain't gon' sound nothin' like the shit we was just doin' Oh, yeah I just want bad bitches Baddest, them bitches is the baddest, uh, uh When I take the molly, I'm a savage Uh, I say, uh I don't need no molly to be savage, uh When I'm on that molly, I feel savage, uh, uh She the definition of a bad bitch Stole her, I'm the definition of a bandit, uh, ayy I don't need no molly to be savage, uh, ayy But when I'm on the molly, I feel savage Ayy, my girl the def"
24,How Do You Sleep?,Sam Smith,pop,sad,0.682,110.57,0.345,0.477,0.153,91,"I'm done hatin' myself for feelin'I'm done cryin' myself awake I gotta leave and start the healin' But when you move like that, I just wanna stay What have I become now? Lookin' through your phone now Oh now, love to you is just a game Look what I have done now Dialling up the numbers on you I don't want my heart to break Baby, how do you sleep when you lie to me? All that shame and all that danger I'm hopin' that my love will keep you up tonight Baby, how do you sleep when you lie to me? All th"
25,Ayy Macarena,Tyga,pop,happy,0.63,96.49,0.715,0.816,0.133,91,"Dale a tu cuerpo alegría Macarena Que tu cuerpo es pa' darle alegría y cosa buena Dale a tu cuerpo alegría, Macarena Hey Macarena (Aight, uh) Ayy, Macarena, Macarena, Macarena (Ayy) Put the chopper on a nigga, turn him to a sprinter (Yee) Bitches on my dick, told 'em give me one minute (One minute) Ayy, Macarena, aight (Ayy) Ayy, Macarena, Macarena, Macarena (Woo) Put the chopper on a nigga, turn him to a sprinter (Woah) Bitches on my dick, tell 'em give me one minute (Minute) Ayy, Macarena, aig"
26,South of the Border (feat. Camila Cabello & Cardi B),Ed Sheeran,pop,happy,0.621,97.99,0.668,0.857,0.148,91,"She got the mmm, brown eyes, caramel thighs Long hair, no wedding ring, hey I saw you lookin' from across the way And now I really wanna know your name She got the mmm, white dress, but when she's wearin' less Man, you know that she drives me crazy The mmm, brown eyes, beautiful smile You know I love watching you do your thing I love her hips, curves, lips say the words""Te amo, mami, ah, te amo, mami"" I kiss her, this love is like a dream So join me in this bed that I'm in Push up on me and swea"
27,Adore You,Harry Styles,pop,neutral,0.7709999999999999,99.05,0.569,0.676,0.024,91,"Walk in your rainbow paradise (Paradise) Strawberry lipstick state of mind (State of mind) I get so lost inside your eyes Would you believe it? You don't have to say you love me You don't have to say nothing You don't have to say you're mine Honey (Ah-ah-ah) I'd walk through fire for you Just let me adore you Oh, honey (Ah-ah-ah) I'd walk through fire for you Just let me adore you Like it's the only thing I'll ever do Like it's the only thing I'll ever do You're wonder under summer sky (Summer s"
28,Futsal Shuffle 2020,Lil Uzi Vert,rap,sad,0.457,136.97,0.296,0.881,0.033,91,"Yo, sing this shit, are y'all fuckin' dumb? Eternal Atake Gotta shoot two at her (Yeah) Gotta shoot two at her (Woah) Blue cheddar (Yeah) That girl, she got with my clone (One, two, three) I told that lil' girl that she gotta just do better (Woah) Are you serious? I swear my money get serious Okay, all my checks, I just be clearin' it She suck my dick 'til she get delirious (Wow) Okay, jump on the jet, so I'm Clearin' it (Woo) Okay, 'Port, but I'm not talking New' (Let's go) Okay, smoke that boy"
29,Goodbyes (feat. Young Thug),Post Malone,latin,sad,0.653,150.07,0.163,0.548,0.456,90,"Me and Kurt feel the same, too much pleasure is pain My girl spites me in vain, all I do is complain She needs something to change, need to take off the e-e-edge So fuck it all tonight And don't tell me to shut up When you know you talk too much But you don't got shit to say (Say) I want you out of my head I want you out of my bedroom tonight (Bedroom) There's no way I could save you (Save you) 'Cause I need to be saved too I'm no good at goodbyes We're both actin' insane, but too stubborn to ch"
30,7 rings,Ariana Grande,pop,sad,0.317,140.05,0.327,0.778,0.592,90,"Yeah, breakfast at Tiffany's and bottles of bubbles Girls with tattoos who like getting in trouble Lashes and diamonds, ATM machines Buy myself all of my favorite things (Yeah) Been through some bad shit, I should be a sad bitch Who woulda thought it'd turn me to a savage? Rather be tied up with calls and not strings Write my own checks like I write what I sing, yeah (Yeah) My wrist, stop watchin', my neck is flossy Make big deposits, my gloss is poppin'You like my hair? Gee, thanks, just bought"
31,Old Town Road - Remix,Lil Nas X,pop,happy,0.619,136.04,0.639,0.878,0.053,90,"Yeah, I'm gonna take my horse to the old town road I'm gonna ride 'til I can't no more I'm gonna take my horse to the old town road I'm gonna ride 'til I can't no more(Kio, Kio) I got the horses in the back Horse tack is attached Hat is matte black Got the boots that's black to match Ridin' on a horse, ha You can whip your Porsche I been in the valley You ain't been up off that porch, now Can't nobody tell me nothin' You can't tell me nothin' Can't nobody tell me nothin' You can't tell me nothin"
32,Ballin' (with Roddy Ricch),Mustard,rap,sad,0.545,97.01,0.244,0.809,0.392,90,"I don't really wanna go I don't really wanna stay But I really hope and pray Can we get it together? Get it together Mustard on the beat, ho I put the new Forgis on the Jeep I trap until the bloody bottoms is underneath 'Cause all my niggas got it out the streets I keep a hundred racks inside my jeans I remember hittin' the mall with the whole team Now a nigga can't answer calls 'cause I'm ballin' I was wakin' up, gettin' racks in the morning I was broke, now I'm rich, these niggas salty All thi"
33,Suicidal,YNW Melly,rap,sad,0.369,140.0,0.235,0.736,0.334,90,"Suicidal Your love is suicidal Lately I've been feeling suicidal Your love is suicidal I thought that we were meant to be You took my heart and made it bleed I gave you all my ecstasy I know you'll be the death of me Left lipstick on my Hennessy Felt like you took my soul from me You gave me all your ecstasy I thought that we were meant to be Your love is suicidal For me, your love is suicidal To me, your love is suicidal To me, your love is suicidal I'm sippin' Hennessy-'y-'y, ooh I'm sippin' H"
34,Ransom,Lil Tecca,pop,sad,0.642,179.97,0.226,0.745,0.02,90,"Turn you to a dancer Yeah Internet Money, bitch I got black, I got white, what you want? Hop outside a Ghost and hop up in a Phantom I know I'm 'bout to blow, I ain't dumb They try to take my flow, I take they ass for ransom I know that I'm gone They see me blowin' up, now they say they want some I got two twin Glocks, turn you to a dancer I see two twin opps, leave 'em on a banner And I got two thick thots, wanna link the gang, yeah I got red, I got blue, what you want? The Chanel or Balenciaga"
35,Before You Go,Lewis Capaldi,pop,sad,0.575,111.88,0.183,0.459,0.604,90,"I fell by the wayside like everyone else I hate you, I hate you, I hate you but I was just kidding myself Our every moment, I start to replace 'Cause now that they're gone, all I hear are the words that I needed to say When you hurt under the surface Like troubled water running cold Well, time can heal but this won't So, before you go Was there something I could've said To make your heart beat better? If only I'd have known you had a storm to weather So, before you go Was there something I could"
36,All I Want for Christmas Is You,Mariah Carey,r&b,sad,0.625,150.28,0.346,0.335,0.164,90,"I don't want a lot for Christmas There is just one thing I need I don't care about the presents Underneath the Christmas tree I just want you for my own More than you could ever know Make my wish come true All I want for Christmas is you, yeah I don't want a lot for Christmas There is just one thing I need (And I) Don't care about the presents Underneath the Christmas tree I don't need to hang my stocking There upon the fireplace (Ah) Santa Claus won't make me happy With a toy on Christmas Day I"
37,Watermelon Sugar,Harry Styles,pop,neutral,0.816,95.39,0.557,0.548,0.122,90,"Tastes like strawberries on a summer evenin' And it sounds just like a song I want more berries and that summer feelin' It's so wonderful and warm Breathe me in, breathe me out I don't know if I could ever go without I'm just thinking out loud I don't know if I could ever go without Watermelon sugar high Watermelon sugar high Watermelon sugar high Watermelon sugar high Watermelon sugar Strawberries on a summer evenin'Baby, you're the end of June I want your belly and that summer feelin' Getting "
38,I Don't Care (with Justin Bieber),Ed Sheeran,pop,happy,0.675,101.96,0.842,0.798,0.091,90,"I'm at a party I don't wanna be at And I don't ever wear a suit and tie, yeah Wonderin' if I could sneak out the back Nobody's even lookin' me in my eyes Then you take my hand Finish my drink, say, ""Shall we dance?"" (Hell, yeah) You know I love ya, did I ever tell ya? You make it better like that Don't think I fit in at this party Everyone's got so much to say (Yeah) I always feel like I'm nobody, mmm Who wants to fit in anyway? 'Cause I don't care when I'm with my baby, yeah All the bad things "
39,Trampoline (with ZAYN),SHAED,pop,neutral,0.459,126.8,0.498,0.619,0.56,90,"I've been havin' dreams Jumpin' on a trampoline Flippin' in the air I never land, just float there As I'm lookin' up Suddenly the sky erupts Flames alight the trees, spread to fallin' leaves Now they're right upon me Wait, if I'm on fire How am I so deep in love? When I dream of dyin' I never feel so loved (So loved) I've been havin' dreams Splashin' in the summer stream Trip and I fall in I wanted it to happen My body turns to ice Crushin' weight of paradise Solid block of gold, lyin' in the co"
40,Beautiful People (feat. Khalid),Ed Sheeran,pop,neutral,0.648,92.98,0.548,0.64,0.124,89,"We are, we are, we are L.A. on a Saturday night in the summer Sundown and they all come out Lamborghinis and their rented Hummers The party's on, so they're headin' downtown ('Round here) Everybody's lookin' for a come up And they wanna know what you're about Me in the middle with the one I love and We're just tryna figure everything out We don't fit in well 'cause we are just ourselves I could use some help gettin' out of this conversation, yeah You look stunning, dear, so don't ask that questi"
41,Yellow Hearts,Ant Saunders,pop,happy,0.438,129.04,0.695,0.865,0.177,89,"She put my name with yellow hearts Her favorite color, like the stars I didn't listen very hard When she told me she was crazy from the start She put my name with yellow hearts (Yeah, she did) I said she was a work of art (Work of art) I didn't listen very hard (Very hard, no, no) When she told me she was crazy from the start I drive down open roads so slow Here comes a train, I'll let it go Ain't got nobody on my phone Don't like being all alone (Don't like being all alone) Not good at keeping "
42,lovely (with Khalid),Billie Eilish,r&b,sad,0.296,115.28,0.12,0.351,0.934,89,"Thought I found a way Thought I found a way out (Found) But you never go away (Never go away) So I guess I gotta stay now Oh, I hope some day I'll make it out of here Even if it takes all night or a hundred years Need a place to hide, but I can't find one near Wanna feel alive, outside I can't fight my fear Isn't it lovely, all alone Heart made of glass, my mind of stone Tear me to pieces, skin to bone Hello, welcome home Walking out of time Looking for a better place (Looking for a better place"
43,Good as Hell (feat. Ariana Grande) - Remix,Lizzo,pop,neutral,0.892,95.93,0.478,0.668,0.298,89,"I do my hair toss, check my nails Baby, how you feelin'? (Feelin' good as hell) Hair toss, check my nails Baby, how you feelin'? (Feelin' good as hell) Woo, child, tired of the bullshit Go on, dust your shoulders off, keep it moving Yes, Lord, tryna get some new shit In there, swimwear, going-to-the-pool shit Come now, come dry your eyes You know you a star, you can touch the sky I know that it's hard, but you have to try If you need advice, let me simplify If he don't love you anymore Just walk"
44,Happier,Marshmello,pop,happy,0.792,100.02,0.671,0.687,0.191,89,"Lately, I've been, I've been thinking I want you to be happier, I want you to be happier When the morning comes When we see what we've become In the cold light of day, we're a flame in the wind Not the fire that we've begun Every argument, every word we can't take back 'Cause with all that has happened I think that we both know the way that this story ends Then only for a minute I want to change my mind 'Cause this just don't feel right to me I wanna raise your spirits I want to see you smile bu"
45,It's You,Ali Gatie,pop,sad,0.463,95.97,0.397,0.732,0.374,89,"It's you, it's always you If I'm ever gonna fall in love, I know it's gon' be you It's you, it's always you Met a lot of people, but nobody feels like you So please don't break my heart, don't tear me apart I know how it starts, trust me, I've been broken before Don't break me again, I am delicate Please don't break my heart, trust me, I've been broken before I've been broken, yeah, I know how it feels To be open and then find out your love isn't real I'm still hurting, yeah, I'm hurting inside "
46,HIGHEST IN THE ROOM (feat. ROSALÍA & Lil Baby) - REMIX,Travis Scott,rap,sad,0.491,153.13,0.114,0.559,0.057,89,"I got room in my fumes (Yeah) She fill my mind up with ideas I'm the highest in the room (It's lit) Hope I make it outta here (Let's go) She saw my eyes, she know I'm gone (Ah) I see some things that you might fear I'm doin' a show, I'll be back soon (Soon) That ain't what she wanna hear (Nah) Now I got her in my room (Ah) Legs wrapped around my beard Got the fastest car, it zoom (Skrrt) Hope we make it outta here (Ah) When I'm with you, I feel alive You say you love me, don't you lie (Yeah) Won"
47,SUGAR,BROCKHAMPTON,rap,neutral,0.5379999999999999,122.97,0.516,0.453,0.449,88,"Spendin' all my nights alone, waitin' for you to call me You're the only one I want by my side when I fall asleep Tell me what I'm waitin' for, tell me what I'm waitin' for I know it's hard but we need each other Know it's hard but we need each other I move mountains on my own, don't need nobody help Changed your mind when I changed my life, better start believin' in myself And we all out lookin' for, lookin' for God so we never see it in ourself Shit, divine intervention move in stealth It's ha"
48,Piece Of Your Heart,MEDUZA,latin,happy,0.7440000000000001,124.08,0.631,0.677,0.04,88,"Show me a piece of your heart, a piece of your love I'm calling you up to gettin' down, down, down The way that we touch is never enough I'm turning you up to gettin' down, down Show me a piece of your heart, a piece of your love I'm calling you up to gettin' down, down, down The way that we touch is never enough I'm turning you up to gettin' down, down, down What? Sorry, just quickly What if it's da, da, da, uh, uh Da, da, da, uh, uh Down, down, down Uh, da, da, da, uh, uh Da, da, da, uh, uh Da"
49,Woah,Lil Baby,rap,neutral,0.602,142.96,0.43,0.882,0.018,88,"New car very noisy Come through and it's roarin' Yeah, yeah You know how I'm coming You know how I'm coming Bend her over, then I murk her Call Gunna if you want you a Birkin ""Oh, Baby, you be lyin' in your verses I be hearin', say you buyin' 'em purses"" I can't even lie, you ain't my type You ain't even all that fine in person I can guarantee you if you my kind She got every bag you can imagine Big house, I can really be braggin'Hundred thousand in my mouth like, ""What's happenin'?"" Not the big"
50,Falling,Harry Styles,r&b,sad,0.267,110.01,0.059,0.567,0.839,88,"I'm in my bed And you're not here And there's no one to blame but the drink and my wandering hands Forget what I said It's not what I meant And I can't take it back, I can't unpack the baggage you left What am I now? What am I now? What if I'm someone I don't want around? I'm falling again, I'm falling again, I'm fallin' What if I'm down? What if I'm out? What if I'm someone you won't talk about? I'm falling again, I'm falling again, I'm fallin' You said you care, and you missed me too And I'm w"
51,Shallow,Lady Gaga,r&b,sad,0.385,95.8,0.323,0.572,0.371,88,"Tell me somethin', girl Are you happy in this modern world? Or do you need more? Is there somethin' else you're searchin' for? I'm fallin' In all the good times I find myself longing for change And, in the bad times, I fear myself Tell me something, boy Aren't you tired tryna fill that void? Or do you need more? Ain't it hard keepin' it so hardcore? I'm falling In all the good times I find myself longing for change And, in the bad times, I fear myself I'm off the deep end, watch as I dive in I'l"
52,rockstar (feat. 21 Savage),Post Malone,rap,sad,0.52,159.8,0.129,0.585,0.124,88,"Hahahahaha Tank God Ayy, ayy I've been fuckin' hoes and poppin' pillies Man, I feel just like a rockstar (Star, ayy, ayy) All my brothers got that gas And they always be smokin' like a Rasta ('Sta) Fuckin' with me, call up on a Uzi And show up, man, them the shottas ('Tas) When my homies pull up on your block They make that thing go grrra-ta-ta-ta (Ta, pow, pow, pow, ayy, ayy) Switch my whip, came back in black I'm startin' sayin', ""Rest in peace to Bon Scott"" (Scott, ayy) Close that door, we bl"
53,Own It (feat. Ed Sheeran & Burna Boy),Stormzy,latin,sad,0.7809999999999999,104.0,0.359,0.817,0.008,88,"Own it Girl, you just own it 'Cause your body's on fire Show me how to control it And go hit your spliff and get higher Girl, I love how you roll it I put my hand there, hold it I'ma be right by ya I'ma be right by ya I'ma be right by ya I'ma be right by ya Lighters up, lighters up, one time, lighters up Pulled up in the party, when you saw me, I was lightin' up my J So go ahead and brighten up my day Lighters in the air when you lighting up the rave And it's feelin' like I met you here before ("
54,July,Noah Cyrus,pop,sad,0.186,72.54,0.321,0.708,0.868,88,"I've been holding my breath I've  been counting to 10 Over  something you said I've been holding back tears While you're throwing back beers I'm  alone in my bed You  know I, I'm afraid of change Guess that's why we stay the same So  tell me to leave I'll pack my bags, get on the road Find someone that loves you Better than I do, darling, I know'Cause  you remind me every day I'm not enough, but I still stay Feels like a lifetime Just tryna get by While we're dying inside I've done a lot of thin"
55,Believer,Imagine Dragons,latin,happy,0.78,124.95,0.666,0.776,0.062,88,"First things first I'ma say all the words inside my head I'm fired up and tired of the way that things have been, oh-ooh The way that things have been, oh-ooh Second thing second Don't you tell me what you think that I could be I'm the one at the sail, I'm the master of my sea, oh-ooh The master of my sea, oh-ooh I was broken from a young age Taking my sulkin' to the masses Writing my poems for the few That look at me, took to me, shook at me, feelin' me Singing from heartache from the pain Taki"
56,If The World Was Ending (feat. Julia Michaels),JP Saxe,pop,happy,0.473,75.8,0.604,0.464,0.866,88,"I was distracted and in traffic I didn't feel it when the earthquake happened But it really got me thinkin', were you out drinkin'? Were you in the living room, chillin', watchin' television? It's been a year now, think I've figured out how How to let you go and let communication die out I know, you know, we know you weren't Down for forever and it's fine I know, you know, we know we weren't Meant for each other and it's fine But if the world was ending, you'd come over, right? You'd come over a"
57,VIBEZ,DaBaby,rap,happy,0.652,154.19,0.777,0.768,0.113,88,"Let's go (Yeah, yeah, Neeko, you made that motherfuckin' beat? Ah, nah) You know it's Baby, nigga, hahaha Hah (Oh Lord, Jetson made another one), ha She wanna fuck with me, but I don't got the time (Mmh, mmh) I just hopped off a private plane and went and hopped on 85 (Yeah) Go call my chauffeur, bitch, 'cause I don't like to drive We in Suburbans back to back and we gon' fill 'em up with vibes (Let's go) Fill 'em with vibes (Yeah), get in and ride (Yeah, yeah) And no, a nigga not blind (Uh-uh) "
58,Money In The Grave (Drake ft. Rick Ross),Drake,rap,sad,0.502,100.54,0.101,0.831,0.101,88,"Yeah, okay Lil CC on the beat, mmm Yeah, yeah I mean, where the fuck should I really even start? I got hoes that I'm keepin' in the dark I got my niggas 'cross the street livin' large Thinkin' back to the fact that they dead Thought my raps wasn't facts 'til they sat with the bars I got two phones, one need a charge Yeah, they twins, I could tell they ass apart I got big packs comin' on the way I got big stacks comin' out the safe I got Lil Max with me, he the wave It's a big gap between us in t"
59,Without Me,Halsey,pop,neutral,0.488,136.04,0.533,0.752,0.297,88,"Found you when your heart was broke I filled your cup until it overflowed Took it so far to keep you close (Keep you close) I was afraid to leave you on your own (Ooh) I said I'd catch you if you fall (Fall) And if they laugh, then fuck 'em all (All) And then I got you off your knees Put you right back on your feet Just so you could take advantage of me Tell me, how's it feel sittin' up there? Feelin' so high, but too far away to hold me You know I'm the one who put you up there Name in the sky,"
60,Rare,Selena Gomez,pop,happy,0.545,115.0,0.631,0.838,0.208,88,"Baby You've been so distant from me lately And lately Don't even wanna call you ""baby"" Saw us gettin' older (Older) Burnin' toast in the toaster My ambitions were too high Waiting up for you upstairs (Upstairs) Why you act like I'm not there? Baby, right now it feels like It feels like you don't care Why don't you recognize I'm so rare? Always there You don't do the same for me, that's not fair I don't have it all I'm not claiming to But I know that I'm special (So special), yeah And I'll bet th"
61,Sunflower - Spider-Man: Into the Spider-Verse,Post Malone,pop,happy,0.479,89.91,0.913,0.76,0.556,88,"Ayy, ayy, ayy, ayy (Ooh) Ooh, ooh, ooh, ooh (Ooh) Ayy, ayy Ooh, ooh, ooh, ooh Needless to say, I keep in check She was a bad-bad, nevertheless (Yeah) Callin' it quits now, baby, I'm a wreck (Wreck) Crash at my place, baby, you're a wreck (Wreck) Needless to say, I'm keeping in check She was a bad-bad, nevertheless Callin' it quits now, baby, I'm a wreck Crash at my place, baby, you're a wreck Thinkin' in a bad way, losin' your grip Screamin' at my face, baby, don't trip Someone took a big L, don"
62,Roses - Imanbek Remix,SAINt JHN,pop,happy,0.7240000000000001,121.97,0.898,0.77,0.017,88,"Roses I walked in the corner with the body screaming dolo Never sold a bag but look like Pablo in a photo This gon' make 'em feel the way like Tony killed Manolo You already know though, you already know though I walk in the corner with the money, on my finger She might get it popping, I might wife her for the winter I already know, already know, nigga roses All I need is roses Turn up baby, turn up, when I turn it on You know how I get too lit when I turn it on Can't handle my behavior when I t"
63,Hate Me (with Juice WRLD),Ellie Goulding,pop,happy,0.768,75.03,0.759,0.657,0.108,88,"Hate me, hate me, still tryna replace me Chase me, chase me, tell me how you hate me Erase me, 'rase me, wish you never dated me Lies, tell me lies, baby, tell me how you hate me I bet you don't kiss her with your eyes closed I bet you're still walkin' on a tightrope Miss me so much, you've been goin' psycho You ain't gotta say it, baby, I know It's a thin line between all this love and hate And if you switch sides, you're gon' have to claim your place So baby, this time you're gon' have to seal"
64,Say So,Doja Cat,latin,happy,0.6729999999999999,110.96,0.786,0.787,0.256,88,"Day to night to morning, keep with me in the moment I'd let you had I known it, why don't you say so? Didn't even notice, no punches there to roll with You got to keep me focused, you want it? Say so Day to night to morning, keep with me in the moment I'd let you had I known it, why don't you say so? Didn't even notice, no punches there to roll with You got to keep me focused, you want it? Say so It's been a long time since you fell in love You ain't coming out your shell, you ain't really been "
65,Robbery,Juice WRLD,rap,neutral,0.6920000000000001,159.97,0.578,0.685,0.328,88,"Man, what? (Haha) This shit funny, one sec Oof, this Hennessy strong as fuck, boy She told me put my heart in the bag (In the bag) And nobody gets hurt (No hurt) Now I'm running from her love, I'm not fast (Fast) So I'm making it worse (Making it worse) Now I'm digging up a grave, from my past I'm a whole different person (I'm a whole different person) It's a gift and a curse (It's a gift and a curse) But I cannot reverse it I can't reverse it It was a gift and a curse And now I'm drinkin' too m"
66,"thank u, next",Ariana Grande,pop,neutral,0.653,106.97,0.412,0.717,0.229,87,"Thought I'd end up with Sean But he wasn't a match Wrote some songs about Ricky Now I listen and laugh Even almost got married And for Pete, I'm so thankful Wish I could say, ""Thank you"" to Malcolm 'Cause he was an angel One taught me love One taught me patience And one taught me pain Now, I'm so amazing Say I've loved and I've lost But that's not what I see So, look what I got Look what you taught me And for that, I say Thank you, next (Next) Thank you, next (Next) Thank you, next I'm so fuckin"
67,Nice To Meet Ya,Niall Horan,pop,sad,0.841,109.03,0.392,0.591,0.012,87,"I like the way you talk, I like the things you wear I want your number tattooed on my arm in ink, I swear'Cause when the morning comes, I know you won't be there Every time I turn around, you disappear I wanna blow your mind, just come with me, I swear I'm gonna take you somewhere warm, you know j'adore la mer'Cause when the morning comes, I know you won't be there Every time I turn around, you disappear (I got love for you) (I got love for you) Nice to meet ya (I got love for you) (I got love f"
68,Good News,Mac Miller,rap,sad,0.32,174.09,0.241,0.794,0.853,87,"I spent the whole day in my head Do a little spring cleanin' I'm always too busy dreamin' Well, maybe I should wake up instead A lot of things I regret, but I just say I forget Why can't it just be easy? Why does everybody need me to stay? Oh, I hate the feeling When you're high but you're underneath the ceiling Got the cards in my hand, I hate dealing, yeah Get everything I need then I'm gone, but it ain't stealing Can I get a break? I wish that I could just get out my goddamn way What is there"
69,Psycho,Red Velvet,latin,neutral,0.6659999999999999,139.99,0.405,0.664,0.193,87,"NA Ooh, ooh, hey, yeah Hmm, yeah, psycho 널 어쩌면 좋을까 이런 맘은 또 첨이라Up and down이 좀 심해 조절이 자꾸 잘 안돼 하나 확실한 건 I don't play the game 우리 진짜 별나대 그냥 내가 너무 좋아해넌 그걸 너무 잘 알고 날 쥐락펴락해 나도 마찬가지인걸 (Oh-oh-oh) 우린 참 별나고 이상한 사이야 서로를 부서지게 (부서지게) 그리곤 또 껴안아 (그리곤 또 껴안아) You got me feeling like a psycho, psycho 우릴 보고 말해 자꾸 자꾸 다시 안 볼 듯 싸우다가도 붙어 다니니 말야 이해가 안 간대 웃기지도 않대 맞아 psycho, psycho (Psycho, psycho) 서로 좋아 죽는 바보 바보 (바보, 바보) 너 없인 어지럽고 슬퍼져 기운도 막 없어요 둘이 잘 만났대 Hey, now we'll be okay Hey, trouble 경고 따윈 없이 오는 너 I'm original, visu"
70,Take What You Want (feat. Ozzy Osbourne & Travis Scott),Post Malone,pop,sad,0.8,139.92,0.272,0.499,0.091,87,"Oh I feel you crumble in my arms down to your heart of stone You bled me dry just like the tears you never show Why don't you take what you want from me? Take what you need from me Take what you want and go Why don't you take what you want from me? Take what you need from me Take what you want and go I never needed anything from you And all I ever asked was for the truth (All I ever asked was for) You showed your tongue and it was forked in two Your venom was lethal, I almost believed you (Almos"
71,Dancing With A Stranger (with Normani),Sam Smith,pop,sad,0.52,103.0,0.347,0.741,0.45,87,"Hmm, mhm I don't wanna be alone tonight (Alone tonight) It's pretty clear that I'm not over you (Over you, over you) I'm still thinking 'bout the things you do (Things you do) So I don't wanna be alone tonight, alone tonight, alone tonight Can you light the fire? (Light the fire, light the fire) I need somebody who can take control (Take control) I know exactly what I need to do 'Cause I don't wanna be alone tonight, alone tonight, alone tonight Look what you made me do, I'm with somebody new Oo"
72,Sucker,Jonas Brothers,pop,happy,0.7340000000000001,137.96,0.952,0.842,0.043,87,"We go together Better than birds of a feather, you and me We change the weather, yeah I'm feelin' heat in December when you're 'round me I've been dancin' on top of cars and stumblin' out of bars I follow you through the dark, can't get enough You're the medicine and the pain, the tattoo inside my brain And, baby, you know it's obvious I'm a sucker for you You say the word and I'll go anywhere blindly I'm a sucker for you, yeah Any road you take, you know that you'll find me I'm a sucker for all"
73,Suge,DaBaby,rap,happy,0.662,75.44,0.844,0.876,0.061,87,"Pooh, you a fool for this one HaOh Lord, Jetson made another one Hah Pack in the mail, it's gone (Uh) She like how I smell, cologne (Yeah) I just signed a deal, I'm on Yeah, yeah I go where I want, I'm good (Good) Play if you want, let's do it (Ha) I'm a young CEO, Suge (Yeah) Yeah, yeah The first nigga play, I'ma body a nigga (Ha) I just checked my balance I'll probably pull up to your hood And come buy me a nigga (No cap) You know that your ho told you that nigga crazy Don't think that she lie"
74,Graveyard,Halsey,pop,sad,0.583,92.04,0.187,0.667,0.231,87,"It's crazy when The thing you love the most is the detriment Let that sink in You can think again When the hand you wanna hold is a weapon and You're nothin' but skin Oh, 'cause I keep diggin' myself down deeper I won't stop 'til I get where you are I keep running, I keep running, I keep running They say I may be making a mistake I woulda followed all the way, no matter how far I know when you go down all your darkest roads I woulda followed all the way to the graveyard Oh, 'cause I keep diggin'"
75,SICKO MODE,Travis Scott,pop,neutral,0.73,155.01,0.446,0.834,0.005,87,"NA Astro, yeah Sun is down, freezin' cold That's how we already know, winter's here My dawg would probably do it for a Louis belt That's just all he know, he don't know nothin' else I tried to show 'em, yeah I tried to show 'em, yeah, yeah Yeah, yeah, yeah Goin' on you with the pick and roll Young La Flame, he in sicko mode NA Woo, made this here with all the ice on in the booth At the gate outside, when they pull up, they get me loose Yeah, Jump Out boys, that's Nike boys, hoppin' out coupes Th"
76,OUT WEST (feat. Young Thug),JACKBOYS,rap,sad,0.591,139.86,0.309,0.802,0.01,87,"Yeah Buddah bless this beat Ayy Bangin' out west (Bangin'), slangin' out west (Yeah) Gold metallic knife, I can shank ya out west (Yeah) I just put a drum on a new Kel-Tec (On a) I just put my cum in her pussy, now it's wet I used to jump off the back of the bus (Yeah), now I jump off of a jet (Yeah) I used to tell the lil' baby, ""This us,"" then I got over the shit I used to like her, but now that I love her The way she was drankin' my spit Your bitch cheatin', she under my cover, we cuddle and "
77,Better Now,Post Malone,pop,sad,0.578,145.04,0.341,0.68,0.331,87,"You prolly think that you are better now, better now You only say that 'cause I'm not around, not around You know I never meant to let you down, let you down Woulda gave you anything, woulda gave you everything You know I say that I am better now, better now I only say that 'cause you're not around, not around You know I never meant to let you down, let you down Woulda gave you anything, woulda gave you everything Oh-oh I did not believe that it would end, no Everything came second to the Benzo "
78,Liar,Camila Cabello,pop,happy,0.498,98.02,0.652,0.74,0.017,87,"I don't care if you're here Or if you're not alone I don't care, it's been too long It's kinda like we didn't happen The way that your lips move The way you whisper slow I don't care, it's good as gone (Ah) I said I won't lose control, I don't want it (Ooh) I said I won't get too close, but I can't stop it (Ooh) Oh no, there you go, making me a liar Got me begging you for more Oh no, there I go, startin' up a fire Oh no, no Oh no, there you go, you're making me a liar I kinda like it though Oh n"
79,Sweet but Psycho,Ava Max,pop,happy,0.7040000000000001,133.0,0.628,0.719,0.069,87,"Oh, she's sweet but a psycho A little bit psycho At night she's screamin', ""I'm-ma-ma-ma out my mind"" Oh, she's hot but a psycho So left but she's right though At night she's screamin', ""I'm-ma-ma-ma out my mind"" She'll make you curse, but she a blessing She'll rip your shirt within a second You'll be coming back, back for seconds With your plate, you just can't help it No, no You'll play alo-o-ong, let her lead you o-o-on You'll be saying, ""No, no"" Then saying, ""Yes, yes, yes,"" 'cause she messi"
80,Up All Night,Khalid,pop,happy,0.7120000000000001,93.99,0.669,0.665,0.001,87,"Take me 'round the world and back again As I'm searching for my soul out there Oh, there's something that I'm wondering (Yeah) Where I'm going when my story ends Doesn't even matter anyway, no, we're Focused and I'm coping with the pain, yeah, we're Only getting older by the day, yeah, we're Only getting older (Only getting older) Doesn't even matter anyway, no, we're Focused and I'm coping with the pain, yeah, we're Only getting older by the day, yeah, we're Only getting older (On my mind all t"
81,bury a friend,Billie Eilish,pop,sad,0.389,120.05,0.196,0.905,0.74,87,"Billie What do you want from me? Why don't you run from me? What are you wondering? What do you know? Why aren't you scared of me? Why do you care for me? When we all fall asleep, where do we go? Come here Say it, spit it out, what is it exactly You're payin'? Is the amount cleanin' you out? Am I satisfactory? Today, I'm thinkin' about the things that are deadly The way I'm drinkin' you down Like I wanna drown, like I wanna end me Step on the glass, staple your tongue (Ahh) Bury a friend, try to"
82,SAD!,XXXTENTACION,rap,neutral,0.613,75.02,0.473,0.74,0.258,87,"Yeah Who am I? Someone that's afraid to let go, uh You decide if you're ever gonna let me know (Yeah) Suicide if you ever try to let go, uh I'm sad, I know, yeah, I'm sad, I know, yeah Who am I? Someone that's afraid to let go, uh You decide if you're ever gonna let me know (Yeah) Suicide if you ever try to let go, uh I'm sad, I know, yeah, I'm sad, I know, yeah I gave her everything She took my heart and left me lonely I think broken heart's contagious I won't fix, I'd rather weep I'm lost then"
83,goosebumps,Travis Scott,pop,neutral,0.728,130.05,0.43,0.841,0.085,86,"Yeah 7:30 in the night, yeah Ooh-oooh, ooh I get those goosebumps every time, yeah, you come around, yeah You ease my mind, you make everything feel fine Worried 'bout those comments I'm way too numb, yeah, it's way too dumb, yeah I get those goosebumps every time, I need the Heimlich Throw that to the side, yeah I get those goosebumps every time, yeah When you're not around (Straight up) When you throw that to the side, yeah (It's lit) I get those goosebumps every time, yeah 7-1-3 Through the 2"
84,3 Nights,Dominic Fike,latin,happy,0.518,151.89,0.877,0.815,0.223,86,"Three nights at the motel under streetlights in the City of Palms Call me what you want, when you want, if you want And you can call me names if you call me up Three nights at the motel under streetlights in the City of Palms Call me what you want, when you want, if you want And you can call me names if you call me up Feel like the least of all your problems You can reach me if you wanna, stay up tonight, stay up at night Green lights in your body language Seems like you could use a little compa"
85,all the good girls go to hell,Billie Eilish,pop,neutral,0.444,185.04,0.569,0.726,0.283,86,"My Lucifer is lonely Standing there, killing time Can't commit to anything but a crime Peter's on vacation, an open invitation Animals, evidence Pearly Gates look more like a picket fence Once you get inside 'em Got friends but can't invite them Hills burn in California My turn to ignore ya Don't say I didn't warn ya All the good girls go to Hell 'Cause even God herself has enemies And once the water starts to rise And Heaven's out of sight She'll want the Devil on her team My Lucifer is lonely "
86,High Hopes,Panic! At The Disco,pop,happy,0.904,82.01,0.681,0.579,0.193,86,"High, high hopes Had to have high, high hopes for a living Shooting for the stars when I couldn't make a killing Didn't have a dime but I always had a vision Always had high, high hopes (High, high hopes) Had to have high, high hopes for a living Didn't know how but I always had a feeling I was gonna be that one in a million Always had high, high hopes Mama said, fulfill the prophecy Be something greater, go make a legacy Manifest destiny, back in the days We wanted everything, wanted everything"
87,MIDDLE CHILD,J. Cole,rap,neutral,0.364,123.98,0.463,0.837,0.149,86,"You good, T-Minus? Niggas been countin' me out I'm countin' my bullets, I'm loadin' my clips I'm writin' down names, I'm makin' a list I'm checkin' it twice and I'm gettin' 'em hit The real ones been dyin', the fake ones is lit The game is off balance, I'm back on my shit The Bentley is dirty, my sneakers is dirty But that's how I like it, you all on my dick I'm all in my bag, this hard as it get I do not snort powder, I might take a sip I might hit the blunt, but I'm liable to trip I ain't popp"
88,Look At Her Now,Selena Gomez,pop,neutral,0.564,154.35,0.55,0.563,0.114,86,"Yeah They fell in love one summer A little too wild for each other Shiny 'til it wasn't Feels good 'til it doesn'tIt was her first real lover His too 'til he had another Oh, God, when she found out Trust levels went way down Of course she was sad But now she's glad she dodged a bullet (Mm) Took a few years to soak up the tears But look at her now, watch her go Mm-mm-mm, mm-mm-mm, mm-mm Look at her now, watch her go Mm-mm-mm, mm-mm-mm, mm-mm Wow, look at her now Mm-mm-mm, mm-mm-mm, mm-mm Look at "
89,Only Human,Jonas Brothers,latin,happy,0.496,94.01,0.874,0.795,0.108,86,"Yeah, ayy I don't want this night to end It's closing time, so leave with me again (Yeah) You got all my love to spend, oh Let's find a place where happiness begins We gon' dance in my living room, slave to the way you move Hurts when I'm leaving you (Ayy) Just dance in the living room, love with an attitude Drunk to an '80s groove (Ayy) We gon' dance in my living room, slave to the way you move Hurts when I'm leaving you (Ayy) Dance in the living room, love with an attitude Drunk It's only huma"
90,Shape of You,Ed Sheeran,pop,happy,0.652,95.98,0.931,0.825,0.581,86,"The club isn't the best place to find a lover So the bar is where I go Me and my friends at the table doing shots Drinking fast and then we talk slow And you come over and start up a conversation with just me And trust me I'll give it a chance now Take my hand, stop, put Van the Man on the jukebox And then we start to dance, and now I'm singing like Girl, you know I want your love Your love was handmade for somebody like me Come on now, follow my lead I may be crazy, don't mind me Say, boy, let'"
91,God's Plan,Drake,pop,sad,0.449,77.17,0.357,0.754,0.033,86,"And they wishin' and wishin' and wishin' and wishin' They wishin' on me, yuh I been movin' calm, don't start no trouble with me Tryna keep it peaceful is a struggle for me Don't pull up at 6 AM to cuddle with me You know how I like it when you lovin' on me I don't wanna die for them to miss me Yes, I see the things that they wishin' on me Hope I got some brothers that outlive me They gon' tell the story, shit was different with me God's plan, God's plan I hold back, sometimes I won't, yuh I feel"
92,TOES (feat. Lil Baby & Moneybagg Yo),DaBaby,rap,neutral,0.5820000000000001,160.0,0.542,0.816,0.079,86,"My heart so cold I think I'm done with ice (Uh, brr) Said if I leave her, she gon' die Well, bitch, you done with life (Okay) Better not pull up with no knife 'Cause I bring guns to fights (Boom) Say you got that sack, I got that sack But ain't no ones in mine (Nope) And my lil' bitch say I'm gettin' too bougie I don't even like dubs in mine (Alright) What I look like with all them twenties? (Huh?) Know them hoes like how I'm coming (Yeah) What I look like with all this money? (Huh?) How I look "
93,All Girls Are The Same,Juice WRLD,r&b,sad,0.529,161.99,0.203,0.671,0.077,86,"Mhm, they're rotting my brain, love These hoes are the same I admit it, another ho got me finished Broke my heart, oh, no, you didn't Fuck sippin', I'ma down a whole bottle Hard liquor, hard truth, can't swallow Need a bartender, put me out my sorrow Wake up the next day in the Monte Carlo With a new woman, tell me she from Colorado And she love women, she'll be gone by tomorrow Who am I kiddin'? All this jealousy and agony that I sit in I'm a jealous boy, really feel like John Lennon I just wan"
94,Hot (Remix) [feat. Gunna and Travis Scott],Young Thug,pop,neutral,0.631,111.98,0.545,0.845,0.188,86,"Wheezy outta here Hot, hot, hot, hot Hot, hot, hot, hot Hot, hot, hot, hot Hot, hot, hot, hot Everything litty, I love when it's hot Turned up the city, I broke off the notch Got some more millis, I keep me a knot I created history and made me a lot He tried to diss me and ended on Fox We call them chopsticks 'cause they gonna chop Took her out of Follies 'cause her pussy pop I run it like Nike, we got it on lock Cartier eye I'm the bossman in a suit but no tie I can't be sober, I gotta stay hig"
95,Perfect,Ed Sheeran,latin,sad,0.448,95.05,0.168,0.599,0.163,86,"I found a love for me Oh darling, just dive right in and follow my lead Well, I found a girl, beautiful and sweet Oh, I never knew you were the someone waiting for me'Cause we were just kids when we fell in love Not knowing what it was I will not give you up this time But darling, just kiss me slow, your heart is all I own And in your eyes, you're holding mine Baby, I'm dancing in the dark with you between my arms Barefoot on the grass, listening to our favourite song When you said you looked a "
96,You Need To Calm Down,Taylor Swift,pop,happy,0.6709999999999999,85.03,0.714,0.771,0.009,86,"You are somebody that I don't know But you're takin' shots at me like it's Patrón And I'm just like, damn, it's 7 AMSay it in the street, that's a knock-out But you say it in a Tweet, that's a cop-out And I'm just like, ""Hey, are you okay?"" And I ain't tryna mess with your self-expression But I've learned a lesson that stressin' and obsessin' 'bout somebody else is no fun And snakes and stones never broke my bones So oh-oh, oh-oh, oh-oh, oh-oh, oh-oh You need to calm down, you're being too loud "
97,Jocelyn Flores,XXXTENTACION,rap,neutral,0.391,134.02,0.437,0.872,0.469,86,"I know you so well, so well I mean, I can do anything that he can I've been pretty— I know you're somewhere, somewhere I've been trapped in my mind, girl, just holding on I don't wanna pretend we're something, we're nothing I've been stuck thinking 'bout her, I can't hold on (I'll be feeling) I'm in pain, wanna put ten shots in my brain I've been trippin' 'bout some things, can't change Suicidal, same time I'm tame Picture this, in bed, get a phone call Girl that you fucked with killed herself T"
98,You should be sad,Halsey,pop,sad,0.585,110.94,0.324,0.591,0.143,86,"I wanna start this out and say I gotta get it off my chest (My chest) Got no anger, got no malice Just a little bit of regret (Regret) Know nobody else will tell you So there's some things I gotta say Gonna jot it down and then get it out And then I'll be on my way No, you're not half the man you think that you are And you can't fill the hole inside of you with money, drugs, and cars I'm so glad I never ever had a baby with you 'Cause you can't love nothing unless there's something in it for you"
99,Let Me Down Slowly,Alec Benjamin,r&b,neutral,0.557,150.07,0.483,0.652,0.74,86,"This night is cold in the kingdom I can feel you fade away From the kitchen to the bathroom sink and Your steps keep me awake Don't cut me down, throw me out, leave me here to waste I once was a man with dignity and grace Now I'm slipping through the cracks of your cold embrace So please, please Could you find a way to let me down slowly? A little sympathy, I hope you can show me If you wanna go, then I'll be so lonely If you're leaving, baby let me down slowly Let me down, down Let me down, dow"
100,Get You The Moon (feat. Snøw),Kina,pop,sad,0.235,118.92,0.09,0.498,0.72,86,"You gave me a shoulder when I needed it You showed me love when I wasn't feeling it You helped me fight when I was giving in And you made me laugh when I was losing it 'Cause you are, you are The reason why I'm still hanging on 'Cause you are, you are The reason why my head is still above water And if I could, I'd get you the moon And give it to you And if death was coming for you I'd give my life for you 'Cause you are, you are The reason why I'm still hanging on 'Cause you are, you are The rea"
101,Bruises,Lewis Capaldi,pop,sad,0.308,111.2,0.361,0.736,0.946,86,"Counting days, counting days Since my love up and got lost on me And every breath that I've been taking Since you left feels like a waste on me I've been holding on to hope That you'll come back when you can find some peace 'Cause every word that I've heard spoken Since you left feels like a hollow street I've been told, I've been told to get you off my mind But I hope I never lose the bruises that you left behind Oh my lord, oh my lord, I need you by my side There must be something in the water"
102,Moonlight,XXXTENTACION,r&b,happy,0.537,128.01,0.711,0.921,0.556,86,"Yeah Spotlight, uh, moonlight, uh Nigga, why you trippin'? Get your mood right, uh Shawty look good in the moonlight All these pussy niggas so bad mind Spotlight, moonlight Nigga, why you trippin'? Get your mood right Shawty look good in the moonlight All these pussy niggas so bad mind Spotlight, uh, moonlight Nigga, why you trippin'? Get your mood right, uh Shawty look good in the moonlight All these pussy niggas so bad mind Spotlight, moonlight Nigga, why you trippin'? Get your mood right Shaw"
103,Boy With Luv (feat. Halsey),BTS,pop,happy,0.862,119.99,0.798,0.645,0.092,85,"NA (워워워워워) (워워워워워) (워워워워워) (워워워워워) 모든 게 궁금해 how's your day? Oh, tell me (Oh yeah, oh yeah, ah yeah, ah yeah) 뭐가 널 행복하게 하는지 Oh, text me (Oh yeah, oh yeah, oh yeah, oh yeah) Your every picture 내 머리맡에 두고 싶어, oh oh bae Come be my teacher 네 모든 걸 다 가르쳐줘Your one, your two Listen my my baby 나는저 하늘을 높이 날고 있어(그때 니가 내게 줬던 두 날개로)이제 여긴 너무 높아 난 내 눈에 널 맞추고 싶어Yeah, you makin' me a boy with love Oh my, my, my, (Uh) oh my, my, my I've waited all my life네 전부를 함께하고 싶어Oh my, my, my, (Yeah) oh my, my, my Looking for "
104,Closer (feat. Halsey),The Chainsmokers,pop,happy,0.524,95.01,0.661,0.748,0.414,85,"Hey, I was doing just fine before I met you I drink too much And that's an issue, but I'm okay Hey, you tell your friends It was nice to meet them But I hope I never see them again I know it breaks your heart Moved to the city in a broke-down car And four years, no calls Now you're lookin' pretty in a hotel bar And I-I-I can't stop No, I-I-I can't stop So, baby, pull me closer In the backseat of your Rover That I know you can't afford Bite that tattoo on your shoulder Pull the sheets right off t"
105,ocean eyes,Billie Eilish,r&b,sad,0.363,144.89,0.169,0.511,0.816,85,I've been watchin' you for some time Can't stop starin' at those ocean eyes Burning cities and napalm skies Fifteen flares inside those ocean eyes Your ocean eyes No fair You really know how to make me cry When you give me those ocean eyes I'm scared I've never fallen from quite this high Fallin' into your ocean eyes Those ocean eyes I've been walkin' through a world gone blind Can't stop thinkin' of your diamond mind Careful creature made friends with time He left her lonely with a diamond mind
106,Maniac,Conan Gray,r&b,neutral,0.647,107.99,0.522,0.623,0.001,85,"Maniac You were with your friends, partyin' When the alcohol kicked in Said you wanted me dead So, you show up at my home, all alone With a shovel and a rose Do you think I'm a joke? 'Cause people like you always want back what they can't have But I'm past that and you know that So, you should turn back to your rat pack, tell 'em I'm trash Tell all of your friends that I'm crazy and drive you mad That I'm such a stalker, a watcher, a psychopath And tell 'em you hate me and dated me just for laug"
107,The Less I Know The Better,Tame Impala,rock,happy,0.74,116.88,0.785,0.64,0.012,85,"Someone said they left together, I ran out the door to get her She was holding hands with Trevor, not the greatest feeling ever Said, ""Pull yourself together, you should try your luck with Heather""Then I heard they slept together, oh, the less I know the better The less I know the better Oh my love, can't you see yourself by my side? No surprise when you're on his shoulder like every night Oh my love, can't you see that you're on my mind Don't suppose we could convince your lover to change his m"
108,One Kiss (with Dua Lipa),Calvin Harris,pop,neutral,0.862,123.99,0.592,0.791,0.037,85,"One kiss is all it takes Fallin' in love with me Possibilities I look like all you need Let me take the night, I love real easy And I know that you'll still wanna see me On the Sunday morning, music real loud Let me love you while the moon is still out Something in you-ou-ou lit up heaven in me-e-e The feeling won't let me slee-ee-eep 'Cause I'm lost in the way you move, the way you feel One kiss is all it takes Fallin' in love with me Possibilities I look like all you need One kiss is all it ta"
109,No Guidance (feat. Drake),Chris Brown,latin,sad,0.454,92.93,0.137,0.698,0.123,85,"Before I die I'm tryna fuck you, baby Hopefully we don't have no babies I don't even wanna go back home Hopefully, I don't leave you on your own Ayy Trips that you plan for the next whole week Bands too long for a nigga so cheap And your flex OD, and your sex OD You got it, girl, you got it (Ayy) You got it, girl, you got (Yeah) Pretty lil' thing, you got a bag and now you wildin'You just took it off the lot, no mileage Way they hittin' you, the DM lookin' violent Talkin' wild, you come around a"
110,Murder On My Mind,YNW Melly,rap,happy,0.73,115.01,0.74,0.759,0.145,85,"Get to roll no... Ayy, I'm in the studio, bro Oh, nah, yeah, call me, ball me Yeah, I'll... bet Yeah, I'm at the studio, hold up though I ain't get to roll no weed, I ain't get to roll no Swishers I was locked up on Christmas, ain't get to see my niggas Ain't get to hug my mama, couldn't even give her no kisses Can't even post on my Instagram 'cause these pussy niggas be snitching Everybody acting suspicious, might probably say that I'm tripping When I'm all alone in my jail cell, I tend to get "
111,idontwannabeyouanymore,Billie Eilish,r&b,sad,0.412,170.16,0.247,0.483,0.737,85,"Don't be that way Fall apart twice a day I just wish you could feel what you say Show, never tell But I know you too well Got a mood that you wish you could sell If teardrops could be bottled There'd be swimming pools filled by models Told ""a tight dress is what makes you a whore"" If ""I love you"" was a promise Would you break it, if you're honest? Tell the mirror what you know she's heard before I don't wanna be you... Anymore Hands getting cold Losing feeling is getting old Was I made from a br"
112,Never Really Over,Katy Perry,pop,sad,0.882,99.99,0.385,0.77,0.194,85,"I'm losing my self control Yeah, you're starting to trickle back in But I don't wanna fall down the rabbit hole Cross my heart, I won't do it again I tell myself, tell myself, tell myself, ""Draw the line"" And I do, I do But once in a while, I trip up, and I cross the line And I think of you Two years, and just like that My head still takes me back Thought it was done, but I Guess it's never really over Oh, we were such a mess But wasn't it the best? Thought it was done, but I Guess it's never re"
113,i love you,Billie Eilish,r&b,sad,0.131,137.45,0.12,0.421,0.952,85,"It's not true Tell me I've been lied to Crying isn't like you, ooh What the hell did I do? Never been the type to Let someone see right through, ooh Maybe won't you take it back? Say you were tryna make me laugh And nothing has to change today You didn't mean to say ""I love you"" I love you and I don't want to, ooh Up all night on another red-eye I wish we never learned to fly Maybe we should just try To tell ourselves a good lie Didn't mean to make you cry Maybe won't you take it back? Say you w"
114,All of Me,John Legend,pop,sad,0.264,119.93,0.331,0.422,0.922,85,"What would I do without your smart mouth? Drawin' me in and you kickin' me out You've got my head spinnin', no kiddin' I can't pin you down What's goin' on in that beautiful mind? I'm on your magical mystery ride And I'm so dizzy, don't know what hit me But I'll be alright My head's under water, but I'm breathing fine You're crazy and I'm out of my mind 'Cause all of me Loves all of you Love your curves and all your edges All your perfect imperfections Give your all to me I'll give my all to you"
115,Can We Kiss Forever?,Kina,latin,sad,0.128,109.99,0.124,0.522,0.894,85,"I tried to reach you, I can't hide How strong's the feeling when we dive I crossed the ocean of my mind My wounds are healing with the salt All my senses intensified Whenever you and I, we dive I crossed the ocean of my mind But in the end I drown You push me down, down All the shame When you called my name I felt pain When you came I tried to reach you, I can't hide How strong's the feeling when we dive I crossed the ocean of my mind My wounds are healing with the salt All my senses intensified"
116,Going Bad (feat. Drake),Meek Mill,pop,neutral,0.496,86.0,0.544,0.889,0.259,85,"Yeah(Wheezy outta here) Jeez, jeez Back home, smokin' legal (Legal) I got more slaps than The Beatles (Beatles) Foreign shit runnin' on diesel, dawg Playin' with my name, that shit is lethal, dawg (Who you say you was?) Don Corleone Trust me, at the top it isn't lonely (Strapped) Everybody actin' like they know me, dawg Don't just say you're down, you gotta show me (What you gotta do?) Bring the clip back empty (It's empty) You asked to see the boss, so they sent me, dawg (Sent me, dawg) I just "
117,Follow God,Kanye West,pop,neutral,0.9,180.29,0.434,0.529,0.0,85,"Father, I stretch Stretch my hands to You Lifelike, this is what your life like, try to live your life right People really know you, push your buttons like typewrite This is like a movie, but it's really very lifelike Every single night, right, every single fight, right? I was looking at the 'Gram and I don't even like likes I was screamin' at my dad, he told me, ""It ain't Christ-like""I was screamin' at the referee just like Mike Lookin' for a bright light, Sigel, what your life like Riding on a"
118,Swervin (feat. 6ix9ine),A Boogie Wit da Hoodie,pop,neutral,0.662,93.02,0.434,0.581,0.015,85,"Uh Yeah Oh, that's London On Da Track, run that shit back We got London On Da Track Swervin' How you look so perfect on your worst days? Double C your purses, you deserve it Niggas in your DM, they be thirsty (Thirsty), and in person But you're curvin' Curvy little body, love your surface (Surface) Yeah, I'm all on your body, make you nervous I like the way you keep up with your earnings Yeah, it's okay, 'cause you swervin' I fuck you from the back and leave you turnin' (Turnin') The type to mak"
119,Candy,Doja Cat,pop,sad,0.516,124.88,0.209,0.689,0.513,85,"I can name a couple ways, baby, this shit might go You just might forget that this was what you're gettin' high for And it might do the things to him, I mean the guy who He's the one who's sweet enough, who'll shoot to make that high note And it's such a typical thing, runnin' over a billion men, oh, ooh Runnin' through a difficult place, you don't need no blood on your hands, no She's just like candy, she's so sweet But you know that it ain't real cherry, know that it ain't real cherry She's ju"
120,Don't Call Me Up,Mabel,pop,sad,0.8809999999999999,98.99,0.234,0.674,0.296,85,"When I'm underneath the bright lights When I'm tryna have a good time 'Cause I'm good now you ain't mine Now, now, now, now, don't call me up When you're looking at my photos Getting hot, losing control You want me more now I let go Now, now, now, now I'm over you and I don't need your lies no more 'Cause the truth is, without you, boy, I'm stronger And I know you said that I changed with my cold heart But it was your game that left scars Ooh, I'm over you Don't call me up I'm going out tonight "
121,Lover (Remix) [feat. Shawn Mendes],Taylor Swift,pop,neutral,0.603,200.0,0.422,0.448,0.433,85,"We could leave the Christmas lights up 'til January And this is our place, we make the rules And there's a dazzling haze, a mysterious way about you, dear Have I known you 20 seconds or 20 years? Can I go where you go? Can we always be this close? Forever and ever, ah Take me out, and take me home You're my, my, my, my lover We could let our friends crash in the living room This is our place, we make the call And I'm highly suspicious that everyone who sees you wants you I've loved you three sum"
122,Say You Won't Let Go,James Arthur,pop,neutral,0.557,85.04,0.494,0.358,0.695,85,"I met you in the dark You lit me up You made me feel as though I was enough We danced the night away We drank too much I held your hair back when You were throwing up Then you smiled over your shoulder For a minute, I was stone cold sober I pulled you closer to my chest And you asked me to stay over I said, I already told ya I think that you should get some rest I knew I loved you then But you'd never know 'Cause I played it cool When I was scared of letting go I knew I needed you But I never sh"
123,Thunder,Imagine Dragons,pop,sad,0.8220000000000001,168.0,0.288,0.605,0.007,85,"Just a young gun with a quick fuse I was uptight, wanna let loose I was dreaming of bigger things And wanna leave my own life behind Not a ""Yes, sir,"" not a follower Fit the box, fit the mold Have a seat in the foyer, take a number I was lightning before the thunder Thunder, thunder Thunder, thun- Thunder, th-th-thunder, thunder Thunder, thunder, thun- Thunder, th-th-thunder, thunder Thunder, feel the thunder (Thunder, thunder, thun-) Lightning and the thunder (Thunder, th-th-thunder, thunder) T"
124,Camelot,NLE Choppa,rap,happy,0.713,175.04,0.762,0.787,0.085,85,"Yeah Fresh DuzIt Yeah Huh? Huh? Huh? I ain't gon' say too much when a nigga speakin' on that hot shit Fuck the police 'cause them bitches ain't gon' stop shit Oppositions mad, if they play they gettin' popped quick Flyest nigga in the game, yeah, I'm a cockpit Posted on Camelot with a hundred some shottas I be swimmin' with the sharks, lil' nigga, you a lobster Bullets heat a nigga up, like he eatin' on some pasta And shout out to Kingston, I keep me some Rastas My niggas trappin' out the bando,"
125,Havana (feat. Young Thug),Camila Cabello,pop,sad,0.523,104.99,0.394,0.765,0.184,84,"Hey Havana, ooh na-na (Ayy) Half of my heart is in Havana, ooh na-na (Ayy, ayy) He took me back to East Atlanta, na-na-na, ah Oh, but my heart is in Havana (Ayy) There's somethin' 'bout his manners (Uh-huh) Havana, ooh na-na (Uh) He didn't walk up with that ""how you doin'?"" (Uh) When he came in the room He said there's a lot of girls I can do with (Uh) But I can't without you I knew him forever in a minute (Hey) That summer night in June And papa says he got malo in him (Uh) He got me feelin' li"
126,Pop Out (feat. Lil Tjay),Polo G,rap,sad,0.639,168.11,0.261,0.772,0.15,84,"JD On Tha Track Iceberg want a bag, bitch We pop out at your party, I'm with the gang And it's gon' be a robbery, so tuck ya chain I'm a killer, girl, I'm sorry, but I can't change We ain't aimin' for your body, shots hit your brain We come from poverty, man, we ain't have a thing It's a lot of animosity, but they won't say my name Them killers rock with me, lil' nigga, don't get banged 'Cause they'll do that job for me while I hop on a plane She don't like her body, left the doctor with a new s"
127,If I Can't Have You,Shawn Mendes,pop,happy,0.809,123.91,0.864,0.692,0.524,84,"I can't write one song that's not about you Can't drink without thinkin' about you Is it too late to tell you that Everything means nothing if I can't have you? I'm in Toronto and I got this view But I might as well be in a hotel room, yeah It doesn't matter 'cause I'm so consumed Spending all my nights reading texts from you Oh, I'm good at keeping my distance I know that you're the feeling I'm missing You know that I hate to admit it But everything means nothing if I can't have you I can't wri"
128,XO Tour Llif3,Lil Uzi Vert,pop,neutral,0.75,155.1,0.401,0.732,0.003,84,"Are you alright? I'm alright, I'm quite alright And my money's right8… (Yeah) Countin' them bands All way to the top 'til they be fallin' over (Yeah, yeah, yeah) Countin' them bands On my way to the top 'til we fallin' over I don't really care if you cry On the real, you shoulda never lied Shoulda saw the way she looked me in my eyes She said, ""Baby, I am not afraid to die"" Push me to the edge All my friends are dead Push me to the edge All my friends are dead Push me to the edge All my friends "
129,Mistletoe,Justin Bieber,pop,happy,0.56,161.99,0.854,0.658,0.498,84,"It's the most beautiful time of the year Lights fill the streets, spreading so much cheer I should be playing in the winter snow But I'ma be under the mistletoe I don't wanna miss out on the holiday But I can't stop staring at your face I should be playing in the winter snow But I'ma be under the mistletoe With you, shawty with you With you, shawty with you With you, under the mistletoe Everyone's gathering around the fire Chestnuts roasting like a hot July I should be chilling with my folks, I "
130,The Middle,Zedd,pop,neutral,0.657,107.01,0.437,0.753,0.171,84,"Take a seat Right over there, sat on the stairs Stay or leave The cabinets are bare, and I'm unaware Of just how we got into this mess, got so aggressive I know we meant all good intentions So pull me closer Why don't you pull me close? Why don't you come on over? I can't just let you go Oh baby, why don't you just meet me in the middle? I'm losing my mind just a little So why don't you just meet me in the middle? In the middle Baby, why don't you just meet me in the middle? I'm losing my mind j"
131,boyfriend (with Social House),Ariana Grande,pop,happy,0.795,190.1,0.702,0.4,0.119,84,"I'm a motherfuckin' train wreck I don't wanna be too much But I don't wanna miss your touch And you don't seem to give a fuck I don't wanna keep you waiting But I do just what I have to do And I might not be the one for you But you ain't allowed to have no boo 'Cause I know we be so complicated But we be so smitten, it's crazy I can't have what I want, but neither can you You ain't my boyfriend (Boyfriend) And I ain't your girlfriend (Girlfriend) But you don't want me to see nobody else And I do"
132,Make No Sense,YoungBoy Never Broke Again,rap,happy,0.733,154.9,0.962,0.876,0.021,84,"Buddah Bless this beat I feel like I'm Gucci Mane in 2006 All these diamonds dancing on my fucking neck cost like four bricks And the way that I be toting on that strap don't make no sense He a million dollar nigga but be posted in the bricks, uh It make no sense, yeah, it make no sense, uh It make no sense, goddamn, make no sense, yeah, uh Make no sense, nah, uh, make no sense, Young Boy Make no sense, nah, it make no sense, slime I could hit it, I could whip it, I could bag it, I could stash i"
133,Never Seen The Rain,Tones and I,pop,sad,0.464,92.07,0.271,0.672,0.43,84,"All your life now You couldn't be mad about it You've been sailing, sailing‚ ooh You couldn't be sad about it And it's been all this time And you haven't lived without it You are shining‚ shining‚ it seems though That your life, you've found it No, but you never No‚ you never seen the rain No, but you never, no‚ you never seen the rain And it gets you down But that's okay You've been pushed 'round You feel the pain And when you fall Just lean on me 'Cause you've never known Never seen Never smel"
134,Wake Me Up,Avicii,pop,happy,0.7829999999999999,124.08,0.643,0.532,0.004,84,Feeling my way through the darkness Guided by a beating heart I can't tell where the journey will end But I know where to start They tell me I'm too young to understand They say I'm caught up in a dream Well life will pass me by if I don't open up my eyes Well that's fine by me So wake me up when it's all over When I'm wiser and I'm older All this time I was finding myself And I didn't know﻿ I was lost So wake me up when it's all over When I'm wiser and I'm older All this time I was finding myse
135,"break up with your girlfriend, i'm bored",Ariana Grande,pop,sad,0.5539999999999999,170.0,0.335,0.726,0.042,84,"You got me some type of way (Hmm) Ain't used to feelin' this way (Mmm-mmm) I do not know what to say (Yeah, yeah) But I know I shouldn't think about it Took one fuckin' look at your face (Hmm) Now I wanna know how you taste (Mmm-mmm) Usually don't give it away (Yeah, yeah) But you know I'm out here thinkin' 'bout it Then I realize she's right there And I'm at home like, ""Damn, this ain't fair"" Break up with your girlfriend (Girlfriend) Yeah, yeah, 'cause I'm bored You could hit it in the mornin'"
136,VALENTINO,24kGoldn,rap,neutral,0.718,151.1,0.539,0.745,0.197,84,"I don't want a valentine, I just want Valentino I just want the neck, I poke her face like a casino Deep throat, know I get it in like a free throw Shawty want some mo', she just can't seem to keep her knees closed I don't want a valentine, I just want Valentino I just want the neck, I poke her face like a casino Deep throat, know I get it in like a free throw Shawty want some mo', she just can't seem to keep her knees closed I fuck her long, ain't no Minute Maid, my diamonds lemonade Flexin' ha"
137,Youngblood,5 Seconds of Summer,pop,sad,0.8540000000000001,120.27,0.152,0.596,0.017,84,"Remember the words you told me ""Love me 'til the day I die"" Surrender my everything 'Cause you made me believe you're mine Yeah, you used to call me baby Now you're calling me by name Takes one to know one, yeah You beat me at my own damn game You push and you push and I'm pulling away Pulling away from you I give and I give and I give and you take Give and you take Youngblood Say you want me, say you want me out of your life And I'm just a dead man walking tonight But you need it, yeah, you nee"
138,Starboy,The Weeknd,pop,neutral,0.588,186.0,0.486,0.678,0.141,84,"I'm tryna put you in the worst mood, ah P1 cleaner than your church shoes, ah Milli point two just to hurt you, ah All red Lamb' just to tease you, ah None of these toys on lease too, ah Made your whole year in a week too, yah Main bitch out your league too, ah Side bitch out of your league too, ah House so empty, need a centerpiece20 racks a table cut from ebony Cut that ivory into skinny pieces Then she clean it with her face man I love my baby You talking money, need a hearing aid You talking"
139,Eastside (with Halsey & Khalid),benny blanco,pop,sad,0.68,89.39,0.319,0.56,0.555,84,"Uh Yeah, yeah When I was young, I fell in love We used to hold hands, man, that was enough (Yeah) Then we grew up, started to touch Used to kiss underneath the light on the back of the bus (Yeah) I know your daddy didn't like me much And he didn't believe me when I said you were the one Oh, every day, she found a way out of the window to sneak out late She used to meet me on the Eastside In the city where the sun don't set And every day, you know that we'd ride Through the backstreets in a blue "
140,HUMBLE.,Kendrick Lamar,pop,neutral,0.621,150.01,0.421,0.908,0.0,84,"Nobody pray for me It's been that day for me Way (Yeah, yeah!) Ayy, I remember syrup sandwiches and crime allowances Finesse a nigga with some counterfeits, but now I'm countin' this Parmesan where my accountant lives, in fact I'm downin' this D'USSÉ with my boo bae tastes like Kool-Aid for the analysts Girl, I can buy yo' ass the world with my paystub Ooh, that pussy good, won't you sit it on my taste bloods? I get way too petty once you let me do the extras Pull up on your block, then break it"
141,I Like It,Cardi B,pop,happy,0.726,136.05,0.65,0.816,0.099,84,"Yeah, baby, I like it like that You gotta believe me when I tell you I said I like it like that You gotta believe me when I tell you I said I like it like— Now I like dollars, I like diamonds I like stuntin', I like shinin' (Yeah) I like million dollar deals Where's my pen? Bitch I'm signin' (Signin') I like those Balenciagas (Those) The ones that look like socks I like going to the jeweler I put rocks all in my watch (Cha-ching) I like texts from my exes when they want a second chance (What?) I"
142,Promises (with Sam Smith),Calvin Harris,pop,neutral,0.768,123.07,0.486,0.781,0.012,84,"Are you drunk enough Not to judge what I'm doin'? Are you high enough To excuse that I'm ruined? 'Cause I'm ruined Is it late enough For you to come and stay over?'Cause we're free to love So tease me, hmmm I make no promises, I can't do golden rings But I'll give you everything (Tonight) Magic is in the air, there ain't no science here So come get your everything (Tonight) I make no promises, I can't do golden rings But I'll give you everything (Tonight) Magic is in the air, there ain't no scie"
143,you should see me in a crown,Billie Eilish,pop,sad,0.5329999999999999,150.46,0.323,0.678,0.462,84,"Bite my tongue, bide my time Wearing a warning sign Wait 'til the world is mine Visions I vandalize Cold in my kingdom size Fell for these ocean eyes You should see me in a crown I'm gonna run this nothing town Watch me make 'em bow One by one by one One by one by You should see me in a crown Your silence is my favorite sound Watch me make 'em bow One by one by one One by one by one Count my cards, watch them fall Blood on a marble wall I like the way they all scream Tell me which one is worse L"
144,Photograph,Ed Sheeran,pop,sad,0.379,107.99,0.201,0.614,0.607,84,"Loving can hurt, loving can hurt sometimes But it's the only thing that I know When it gets hard, you know it can get hard sometimes It is the only thing that makes us feel alive We keep this love in a photograph We made these memories for ourselves Where our eyes are never closing Our hearts were never broken And time's forever frozen, still So you can keep me Inside the pocket of your ripped jeans Holding me close until our eyes meet You won't ever be alone, wait for me to come home Loving can"
145,Peta (feat. Meek Mill),Roddy Ricch,rap,sad,0.573,140.11,0.269,0.778,0.015,84,"Yeah, yeah I used to fuck up my re-up Now, it's the jet with my feet up I got the money and power Now none of these niggas can see us I'm rocking furs on furs (Furs) I'm probably beefing with PETA I gotta pay her to leave her It's probably cheaper to keep her I keep 'bout twenty racks inside the Lam' truck, a nigga slidin', dawg I just put twenty racks on his head, the young nigga slidin', dawg I get a bag, then double it (Double it) All of that talk, it ain't adding up (Adding up) These niggas "
146,Congratulations,Post Malone,pop,neutral,0.804,123.15,0.492,0.63,0.215,84,"Mm-mmm Yeah, yeah Mm-mmm Yeah (Hey) My momma called, seen you on TV, son Said shit done changed ever since we was on I dreamed it all ever since I was young They said I wouldn't be nothing Now they always say, ""Congratulations"" (Uh, uh, uh) Worked so hard, forgot how to vacation (Uh-huh) They ain't never had the dedication (Uh, uh) People hatin', say we changed and look, we made it (Uh, uh) Yeah, we made it (Uh, uh, uh) They was never friendly, yeah Now I'm jumping out the Bentley, yeah And I kn"
147,Bohemian Rhapsody - 2011 Mix,Queen,rock,sad,0.404,71.1,0.224,0.414,0.271,84,"Is this the real life? Is this just fantasy? Caught in a landslide, no escape from reality Open your eyes, look up to the skies and see I'm just a poor boy, I need no sympathy Because I'm easy come, easy go, little high, little low Any way the wind blows doesn't really matter to me, to me Mama, just killed a man Put a gun against his head, pulled my trigger, now he's dead Mama, life had just begun But now I've gone and thrown it all away Mama, ooh, didn't mean to make you cry If I'm not back aga"
148,Panini,Lil Nas X,pop,neutral,0.594,153.85,0.475,0.703,0.342,84,"D-D-Daytrip took it to ten (Hey) Ayy, Panini, don't you be a meanie Thought you wanted me to go up Why you tryna keep me teeny? I It's a dream, he wished it on a genie I got fans finally, ain't you wanting them to see me? I I thought you want this for my life, for my life Said you wanted to see me thrive, you lied Just say to me what you want from me Just say to me what you want from me Ayy, Panini, don't you be a meanie Thought you wanted me to go up Why you tryna keep me teeny now? Now they ne"
149,Loyal (feat. Drake),PARTYNEXTDOOR,rap,sad,0.53,104.95,0.203,0.866,0.517,84,"True, you're a star in my head You, nuh need fi raise war with my friends True, you're so bad, we don't need to pretend But I don't want war with you or my friends You're my best friend You're my best friend Please stay true, but we can part again, yeah, yeah Because, true, you're my best friend All the way 'round, I'm loyal I got money on me and I'm loyal I got money in my pocket, I'm loyal, ooh Pain goes away when I'm tipsy Pain goes away when you're with me (Me) Even when your troubles all lo"
150,"fuck, i'm lonely (with Anne-Marie) - from “13 Reasons Why: Season 3”",Lauv,pop,happy,0.5579999999999999,95.02,0.678,0.806,0.482,84,"I call you one time, two time, three time I  can't wait no more Your  fingers through my hair, that's on my mind I know it's been a minute since you walked right through that door But I still think about you all the time I  don't know, I don't know How  I'm gonna make it out I don't know, I don't know Now  you got me sayin' Fuck, I'm lonely, I'm lonely, I'm lonely as Fuck, come hold me, come hold me, come hold me It's been me, myself, and why did you go, did you go? Oh,  fuck, I'm lonely, I'm lo"
151,EARFQUAKE,"Tyler, The Creator",rap,neutral,0.498,79.64,0.413,0.554,0.23,84,"For real, for real this time For real, for real, for real this time Bitch, I cannot fall short For real, for real, for real this time (Uh, yeah) For real, for real, for real this time 'Cause you make my earth quake Oh, you make my earth quake Riding around, your love be shakin' me up And it's making my heart break 'Cause you make my earth quake Oh, you make my earth quake (Earthquake, ooh) Riding around, your love be shakin' me up And it's making my heart break Don't leave, it's my fault Don't l"
152,Fuck Love (feat. Trippie Redd),XXXTENTACION,rap,sad,0.5329999999999999,131.04,0.329,0.797,0.017,84,"Ooh, baby, I need you in my life, in my life Please, bae, don't go switchin' sides, switchin' sides I swear this is where you reside, you reside Please, bae, don't go switchin' side, switchin' sides Yeah, yeah, yeah, yeah Ooh-ooh, please don't throw your love away, huh Please don't throw your love away, huh Please don't throw your love away, huh Yeah, yeah, yeah, ayy I'm nauseous, I'm dyin' (She ripped my heart right out) Can't find her, someone to— (My eyes are all cried out) Lost it, riots, gu"
153,Used To Love (with Dean Lewis),Martin Garrix,pop,sad,0.693,118.97,0.392,0.651,0.458,83,"Walking through the door of this old and lonely Place that used to feel like us Remembering the only thing that made me Feel like I was worth the love We used to hold hands, now I dance alone We had Springsteen playing so loud We danced in the dark till it felt like home With you, home was anywhere But you will never be left behind Give me a moment, I need just a little more time If I could, I would have made things right We can't go back to the way that we used to love Never apart you're still "
154,ORANGE SODA,Baby Keem,rap,sad,0.564,85.04,0.107,0.83,0.177,83,"Bitch sit on my face, I attack that Choose up, lil' junt, I'm finna pack him When it comes to my bitch, I'm straight active Dirtball in the coupe smokin' cat piss Lil' bitch, shut the fuck up Tell your best friend, shut the fuck up, ayy Lil' bitch, shut the fuck up Tell your best friend, shut the fuck up, ayy You know I love it when you talk dirty Messy, you my orange soda shorty You act like a lil' me, I wanna fuck you You the type to kill me, I won't touch you You want me drop a band on some c"
155,Bad Liar,Imagine Dragons,pop,sad,0.637,177.91,0.083,0.383,0.072,83,"Oh, hush, my dear, it's been a difficult year And terrors don't prey on innocent victims Trust me, darlin', trust me darlin' It's been a loveless year I'm a man of three fears: Integrity, faith, and crocodile tears Trust me, darlin', trust me, darlin' So look me in the eyes (Eyes), tell me what you see (You see) Perfect paradise (—Dise), tearin' at the seams (Seams) I wish I could escape it (Escape), I don't wanna fake it Wish I could erase it (Erase), make your heart believe But I'm a bad liar,"
156,"Taki Taki (with Selena Gomez, Ozuna & Cardi B)",DJ Snake,pop,happy,0.8009999999999999,95.88,0.617,0.842,0.157,83,"NA Wo-oh, oh-oh Báilame como si fuera la última vez (Oh) Y enséñame ese pasito que no sé (Yeah-yeah) Un besito bien suavecito, bebéTaki taki, taki taki, ¡rumba! Wo-oh, oh-oh Hi Music Hi Flow (Snake; jaja) Báilame como si fuera la última vez (Oh-oh) Y enséñame ese pasito que no sé (Oh-oh) Un besito bien suavecito, bebé Taki taki (Oh-oh) Taki taki (Yeah-yeah) Taki taki, quiere un besito o un ñaqui Booty explota como Nagasaki (-aki) Prende los motores Kawasaki (Kawasaki) Que la disco está llena y l"
157,New Rules,Dua Lipa,pop,happy,0.7,116.07,0.608,0.762,0.003,83,"One, one, one, one, one Talkin' in my sleep at night, makin' myself crazy (Out of my mind, out of my mind) Wrote it down and read it out, hopin' it would save me (Too many times, too many times) My love, he makes me feel like nobody else, nobody else But my love, he doesn't love me, so I tell myself, I tell myself One: Don't pick up the phone You know he's only callin' 'cause he's drunk and alone Two: Don't let him in You'll have to kick him out again Three: Don't be his friend You know you're g"
158,Make It Right (feat. Lauv),BTS,pop,sad,0.685,97.55,0.345,0.584,0.03,83,"내가 날 눈치챘던 순간 떠나야만 했어 난 찾아내야 했어 All day all night 사막과 바다들을 건너 넓고 넓은 세계를 헤매어 다녔어 Baby I I could make it better I could hold you tighter 그 먼 길 위에서 Oh you're the light 초대받지 못한 환영받지 못한 나를 알아줬던 단 한 사람 끝도 보이지 않던 영원의 밤 내게 아침을 선물한 건 너야 이제 그 손 내가 잡아도 될까 Oh oh I can make it right All right All right Oh I can make it right All right All right Oh I can make it right 이 세상 속에 영웅이 된 나 나를 찾는 큰 환호와 내 손, 트로피와 금빛 마이크 All day, everywhere But 모든 게 너에게 닿기 위함인 걸 내 여정의 답인 걸 널 찾기 위해 노래해 Baby to you 전보다 조금 더 커진 키에 좀 더 단단해"
159,So Am I,Ava Max,pop,happy,0.6559999999999999,130.09,0.607,0.682,0.074,83,"Do you ever feel like a misfit? Everything inside you is dark and twisted Oh, but it's okay to be different 'Cause baby, so am I (So am I, so am I, so am I-I-I-I-I) Can you hear the whispers all across the room? You feel her eyes all over you like cheap perfume You're beautiful, but misunderstood So why you tryna be just like the neighborhood? I can see ya, I know what you're feelin'So let me tell you 'bout my little secret I'm a little crazy underneath this Underneath this Do you ever feel like"
160,Hot (feat. Gunna),Young Thug,rap,neutral,0.6509999999999999,112.0,0.559,0.855,0.063,83,"Wheezy outta here Hot, hot, hot, hot Hot, hot, hot, hot Hot, hot, hot, hot Hot, hot, hot, hot Everything litty, I love when it's hot Turned up the city, I broke off the notch Got some more millis, I keep me a knot I created history and made me a lot He tried to diss me and ended on Fox We call them chopsticks 'cause they gonna chop Took her out of Follies 'cause her pussy pop I run it like Nike, we got it on lock Cartier eye I'm the bossman in a suit but no tie I can't be sober, I gotta stay hig"
161,Love Yourself,Justin Bieber,r&b,neutral,0.378,100.42,0.515,0.609,0.835,83,"NA For all the times that you rained on my parade And all the clubs you get in using my name You think you broke my heart, oh girl for goodness sake You think I'm cryin' on my own, well I ain't And I didn't wanna write a song 'Cause I didn't want anyone thinking I still care I don't but, you still hit my phone up And baby I'll be movin' on And I think you should be somethin' I don't wanna hold back Maybe you should know that My mama don't like you and she likes everyone And I never like to admit"
162,bad guy (with Justin Bieber),Billie Eilish,pop,happy,0.453,135.06,0.68,0.67,0.252,83,"White shirt now red, my bloody nose Sleepin', you're on your tippy toes Creepin' around like no one knows Think you're so criminal Bruises on both my knees for you Don't say thank you or please I do what I want when I'm wanting to My soul? So cynical So you're a tough guy Like it really rough guy Just can't get enough guy Chest always so puffed guy I'm that bad type Make your mama sad type Make your girlfriend mad tight Might seduce your dad type I'm the bad guy Duh I'm the bad guy I like it whe"
163,no tears left to cry,Ariana Grande,pop,sad,0.713,121.99,0.354,0.699,0.04,83,"Right now, I'm in a state of mind I wanna be in like all the time Ain't got no tears left to cry So I'm pickin' it up, pickin' it up I'm lovin', I'm livin', I'm pickin' it up I'm pickin' it up, pickin' it up I'm lovin', I'm livin', I'm pickin' it up (Oh, yeah) I'm pickin' it up (Yeah), pickin' it up (Yeah) Lovin', I'm livin', so we turnin' up Yeah, we turnin' it up Ain't got no tears in my body I ran out, but boy, I like it, I like it, I like it Don't matter how, what, where, who tries it We out"
164,Be Alright,Dean Lewis,r&b,neutral,0.586,126.68,0.443,0.553,0.697,83,"I look up from the ground To see your sad and teary eyes You look away from me And I see there's something you're trying to hide And I reach for your hand but it's cold You pull away again And I wonder what's on your mind And then you say to me you made a dumb mistake You start to tremble and your voice begins to break You say the cigarettes on the counter weren't your friend's They were my mate's And I feel the colour draining from my face And my friend said ""I know you love her, but it's over,"
165,Lean Wit Me,Juice WRLD,r&b,sad,0.6509999999999999,163.94,0.237,0.665,0.041,83,"Drugs got me sweatin', but the room gettin' colder Lookin' at the devil and the angel on my shoulder Will I die tonight? I don't know, is it over? Lookin' for my next high, I'm lookin' for closure Lean with me, pop with me Get high with me if you rock with me Smoke with me, drink with me Fucked up liver with some bad kidneys Lean with me, pop with me Get high with me if you rock with me Smoke with me, drink with me Fucked up liver with some bad kidneys Told her if I die, I'ma die young Every day"
166,Back In Black,AC/DC,pop,happy,0.7,188.39,0.763,0.31,0.011,83,"Back in black, I hit the sack I've been too long, I'm glad to be back Yes, I'm let loose from the noose That's kept me hanging about I'm just looking at the sky 'cause it's getting me high Forget the hearse, 'cause I'll never die I got nine lives, cat's eyes Abusing every one of them and running wild 'Cause I'm back, yes I'm back Well, I'm back, yes I'm back Well, I'm back, back Well, I'm back in black Yes, I'm back in black Back in the back of a Cadillac Number one with a bullet, I'm a power pa"
167,Young Dumb & Broke,Khalid,pop,sad,0.539,136.95,0.394,0.798,0.199,83,"So you're still thinking of me Just like I know you should I can not give you everything, you know I wish I could I'm so high at the moment I'm so caught up in this Yeah, we're just young, dumb and broke But we still got love to give While we're young dumb Young, young dumb and broke Young dumb Young, young dumb and broke Young dumb Young dumb Young, young dumb and broke Young dumb broke high school kids Yadadadadadadada Yadadadadadada Yadadadadadadada Young dumb broke high school kids We have s"
168,The Scientist,Coldplay,pop,sad,0.442,146.45,0.212,0.56,0.727,83,"Come up to meet you, tell you I'm sorry You don't know how lovely you are I had to find you, tell you I need you Tell you I set you apart Tell me your secrets, and ask me your questions Oh, let's go back to the start Running in circles, coming up tails Heads on a science apart Nobody said it was easy It's such a shame for us to part Nobody said it was easy No one ever said it would be this hard Oh, take me back to the start I was just guessing at numbers and figures Pulling the puzzles apart Que"
169,'Till I Collapse,Eminem,rap,sad,0.847,171.45,0.1,0.548,0.062,83,"'Cause sometimes you just feel tired, feel weak (Yo left, yo left, yo left, right, left) And when you feel weak (Yo left) You feel like you wanna just give up (Yo left, yo left) But you gotta search within you (Right, left) Try to find that inner strength (Yo left, yo left) And just pull that shit out of you (Yo left) And get that motivation to not give up (Right, left, yo left) And not be a quitter, no matter how bad you wanna just fall (Yo left, yo left, right, left) Flat on your face and coll"
170,Thinking out Loud,Ed Sheeran,latin,neutral,0.445,79.0,0.591,0.781,0.474,83,"When your legs don't work like they used to before And I can't sweep you off of your feet Will your mouth still remember the taste of my love? Will your eyes still smile from your cheeks? And darling, I will be loving you till we're seventy And baby, my heart could still fall as hard at twenty-three And I'm thinking 'bout how People fall in love in mysterious ways Maybe just the touch of a hand Well me, I fall in love with you every single day I just wanna tell you I am So honey, now, take me in"
171,Let You Down,NF,latin,neutral,0.7140000000000001,148.0,0.464,0.662,0.312,83,"Feels like we're on the edge right now I wish that I could say I'm proud I'm sorry that I let you down Let you down All these voices in my head get loud I wish that I could shut them out I'm sorry that I let you down Le-le-let you down Yeah, I guess I'm a disappointment, doin' everything I can I don't wanna make you disappointed, it's annoying I just wanna make you feel like everything I ever do Was never tryna make an issue for you, but I guess the more you Thought about everything you were nev"
172,One Dance,Drake,pop,sad,0.625,103.97,0.37,0.792,0.008,83,"Baby, I like your style Grips on your waist, front way, back way You know that I don't play Streets not safe but I never run away Even when I'm away Oti, oti There's never much love when we go OT I pray to make it back in one piece I pray, I pray That's why I need a one dance Got a Hennessy in my hand One more time 'fore I go Higher powers taking a hold on me I need a one dance Got a Hennessy in my hand One more time 'fore I go Higher powers taking a hold on me Baby, I like your style Strength a"
173,Motivation,Normani,pop,happy,0.887,170.92,0.881,0.599,0.019,83,"I'ma break you off, let me be your motivation To  stay and give it tonight And‚  baby‚ turn around‚ let me give you innovation, hey 'Cause I do it so right You got that good good, baby‚ don't you? Got  that good good, baby, don't you? But  you leavin' solo Ain't regular‚ that ain't regular I  ain't gon' keep, keep fightin' for it Ain't gon' keep, keep fightin' for it 'Cause you know this thing here Ain't regular, that ain't regular Fallin'  into the bed Why would we ever do somethin' instead of "
174,In My Feelings,Drake,pop,sad,0.626,91.03,0.35,0.835,0.059,83,"Trap, Trap MoneyBenny This shit got me in my feelings Gotta be real with it, yeah Kiki, do you love me? Are you riding? Say you'll never ever leave from beside me 'Cause I want ya, and I need ya And I'm down for you always KB, do you love me? Are you riding? Say you'll never ever leave from beside me 'Cause I want ya, and I need ya And I'm down for you always Look, the new me is really still the real me I swear you gotta feel me before they try and kill me They gotta make some choices, they runn"
175,i'm so tired...,Lauv,pop,neutral,0.733,102.21,0.534,0.599,0.176,83,"I'm so tired of love songs, tired of love songs Tired of love songs, tired of love Just wanna go home, wanna go home Wanna go home, whoa So tired of love songs, tired of love songs Tired of love songs, tired of love Just wanna go home, wanna go home Wanna go home, whoa Party, trying my best to meet somebody But everybody around me is falling in love to our song I, I, oh I, yeah Hate it, taking a shot 'cause I can't take it But I don't think that they make anything that strong, so I hold on I, I,"
176,Highway to Hell,AC/DC,rock,neutral,0.913,115.72,0.422,0.573,0.059,83,"NA Living easy, living free Season ticket on a one way ride Asking nothing, leave me be Taking everythin' in my stride Don't need reason, don't need rhyme Ain't nothing I'd rather do Goin' down, party time My friends are gonna be there too, yeah I'm on the highway to hell On the highway to hell Highway to hell I'm on the highway to hell No stop signs, speed limit Nobody's gonna slow me down Like a wheel, gonna spin it Nobody's gonna mess me around Hey Satan, payin' my dues Playing in a rocking b"
177,Somebody,Internet Money,rap,sad,0.6709999999999999,89.92,0.333,0.63,0.363,83,"Internet Money, bitch We love you, Tecca Why you jackin' static, jackin' static 'til we roll up I got all these bitches lovin' me like I am Sosa Stop talkin' with your chest, lil' bitty bitch, you better bold up Told her, ""Hit my jack,"" and when she hit me, told her, ""Hold up"" I just want somebody, 'body To treat me like somebody, 'body And not like anybody, 'body All you gotta do is love me for me, girl I just want somebody, 'body (Yeah, yeah) To treat me like somebody, 'body (Yeah, yeah, yeah)"
178,Africa,TOTO,rock,happy,0.373,92.72,0.732,0.671,0.257,83,"I hear the drums echoing tonight But she hears only whispers of some quiet conversation She's coming in, 12:30 flight Her moonlit wings reflect the stars that guide me towards salvation I stopped an old man along the way Hoping to find some old forgotten words or ancient melodies He turned to me as if to say ""Hurry boy, it's waiting there for you"" It's gonna take a lot to drag me away from you There's nothing that a hundred men or more could ever do I bless the rains down in Africa Gonna take so"
179,High Fashion (feat. Mustard),Roddy Ricch,rap,neutral,0.499,97.96,0.511,0.831,0.269,83,"Mustard on the beat, ho Shawty made that ass clap, she don't need no applause High fashion like Goyard G-Wagen or the Rover? I put some ice on you 'cause you got a cold heart I know I gotta keep my shawty on go, go, go Drop that ass to the floor-floor, yeah Ahh, woah You ain't gotta deal with none of these niggas no more If we hop in the Benz is that okay? Is it okay if I call you my Prada bae? I ain't no player, I just got a lot of baes But let me tell you, I like you a lot, bae I wanna start a"
180,FRIENDS,Marshmello,pop,neutral,0.88,95.08,0.534,0.626,0.205,83,"Ooh-oh, ooh-woh Ooh-oh, ooh-woh You say you love me, I say you crazy We're nothing more than friends You're not my lover, more like a brother I known you since we were like ten, yeah Don't mess it up, talking that shit Only gonna push me away, that's it! When you say you love me, that make me crazy Here we go again Don't go look at me with that look in your eye You really ain't going away without a fight You can't be reasoned with, I'm done being polite I've told you one, two, three, four, five,"
181,Good as Hell,Lizzo,r&b,neutral,0.919,95.98,0.535,0.682,0.256,83,"I do my hair toss, check my nails Baby, how you feelin'? (Feelin' good as hell) Hair toss, check my nails Baby, how you feelin'? (Feelin' good as hell) Woo, child, tired of the bullshit Go on, dust your shoulders off, keep it moving Yes, Lord, tryna get some new shit In there, swimwear, going-to-the-pool shit Come now, come dry your eyes You know you a star, you can touch the sky I know that it's hard, but you have to try If you need advice, let me simplify If he don't love you anymore Just walk"
182,Psycho (feat. Ty Dolla $ign),Post Malone,r&b,neutral,0.56,140.06,0.459,0.75,0.546,83,"Damn, my AP goin' psycho, lil' mama bad like Michael Can't really trust nobody with all this jewelry on you My roof look like a no-show, got diamonds by the boatload Come with the Tony Romo for clowns and all the bozos My AP goin' psycho, lil' mama bad like Michael Can't really trust nobody with all this jewelry on you My roof look like a no-show, got diamonds by the boatload Don't act like you my friend when I'm rollin' through my ends, though You stuck in the friend zone, I tell that four-five"
183,I Like Me Better,Lauv,pop,neutral,0.505,91.97,0.419,0.752,0.535,83,"To be young and in love in New York City To not know who I am but still know that I'm good long as you're here with me To be drunk and in love in New York City Midnight into morning coffee, burning through the hours talking Damn I like me better when I'm with you I like me better when I'm with you I knew from the first time, I'd stay for a long time, 'cause I like me better when, I like me better when I'm with you I don't know what it is but I got that feeling Waking up in this bed next to you s"
184,ZEZE,Kodak Black,pop,neutral,0.603,98.04,0.504,0.861,0.052,83,"D.A. got that dope! Ice water, turned Atlantic (Freeze) Nightcrawlin' in the Phantom (Skrrt, Skrrt) Told them hoes that don't you panic Took an island, (Yeah) flood the mansion (Big water) Dropped the roof, more expansion Drive a coupe you can stand in (It's lit) See the bitches undercover (In the sheets) I'm an ass and titty lover (Big ass) Guess we all made for each other Now that all the dawgs free (Yeah, yeah) And we out in these streets (Alright) Can you do it, can you pop it for me? Pull u"
185,xanny,Billie Eilish,r&b,sad,0.125,111.55,0.053,0.521,0.751,83,"What is it about them? I must be missing something They just keep doing nothing Too intoxicated to be scared Better off without them They're nothing but unstable Bring ashtrays to the table And that's about the only thing they share I'm in their secondhand smoke Still just drinking canned Coke I don't need a Xanny to feel better On designated drives home Only one who's not stoned Don't give me a Xanny, now or ever Can you check your Uber rating? Oh my god (And it's like, wait, like, when?) Wakin"
186,SOS (feat. Aloe Blacc),Avicii,pop,sad,0.645,100.0,0.376,0.802,0.272,83,"Can you hear me? S.O.S. Help me put my mind to rest Two times clean again, I'm actin' low A pound of weed and a bag of blow I can feel your love pullin' me up from the underground, and I don't need my drugs, we could be more than just part-time lovers I can feel your touch pickin' me up from the underground, and I don't need my drugs, we could be more than just part-time lovers We could be more than just part-time lovers We could be more than just part-time lovers I get robbed of all my sleep As"
187,In the End,Linkin Park,rock,sad,0.8640000000000001,105.14,0.4,0.556,0.01,83,"It starts with one One thing, I don't know why It doesn't even matter how hard you try Keep that in mind I designed this rhyme to explain in due time All I know Time is a valuable thing Watch it fly by as the pendulum swings Watch it count down to the end of the day The clock ticks life away It's so unreal You didn't look out below Watch the time go right out the window Tryin' to hold on, didn't even know I wasted it all just to watch you go I kept everything inside And even though I tried, it a"
188,The Hills,The Weeknd,pop,sad,0.565,112.99,0.138,0.58,0.067,83,"Yeah Yeah Yeah Your man on the road, he doin' promo You said, ""Keep our business on the low-low""I'm just tryna get you out the friend zone 'Cause you look even better than the photos I can't find your house, send me the info Drivin' through the gated residential Found out I was comin', sent your friends home Keep on tryna hide it but your friends know I only call you when it's half past five The only time that I'll be by your side I only love it when you touch me, not feel me When I'm fucked up,"
189,"All I Want - From ""High School Musical: The Musical: The Series""",Olivia Rodrigo,r&b,sad,0.43,77.6,0.129,0.376,0.09,83,"I found a guy, told me I was a star He held the door, held my hand in the dark And he's perfect on paper, but he's lying to my face Does he think that I'm the kinda girl who needs to be saved? And there's one more boy, he's from my past We fell in love, but it didn't last'Cause the second I figure it out, he pushes me away And I won't fight for love if you won't meet me halfway And I say that I'm through, but this song's still for you All I want is love that lasts Is all I want too much to ask? "
190,2002,Anne-Marie,pop,happy,0.6829999999999999,96.13,0.603,0.697,0.037,83,"I will always remember The day you kissed my lips Light as a feather And it went just like this No, it's never been better Than the summer of 2002 (ooh) Uh, we were only 11 But acting like grown-ups Like we are in the present Drinking from plastic cups Singing, ""Love is forever and ever"" Well, I guess that was true Dancing on the hood in the middle of the woods On an old Mustang, where we sang Songs with all our childhood friends And it went like this, say Oops, I got 99 problems singing bye, by"
191,Eleven,Khalid,latin,sad,0.396,129.0,0.115,0.701,0.112,83,"Got my headlights off, we're sittin' outside If you climb in my car, then we're here all night, ooh A couple blunts rolled and I got my windows down Shorty, it's been a while since you've been this high If you're waitin' on love, then you waitin' for a while If your neighbors wake up, then we gotta turn it down So you say I'm the type you like keepin' around You like keepin' around Late at night, eleven, we're cruisin' Lately, I've been watchin' your movements If I'm the only one that you're cho"
192,Treat You Better,Shawn Mendes,pop,happy,0.8190000000000001,82.7,0.747,0.444,0.106,83,I won't lie to you I know he's just not right for you And you can tell me if I'm off But I see it on your face When you say that he's the one that you want And you're spending all your time In this wrong situation And anytime you want it to stop I know I can treat you better than he can And any girl like you deserves a gentleman Tell me why are we wasting time On all your wasted crying When you should be with me instead I know I can treat you better Better than he can I'll stop time for you The 
193,6 Kiss,Trippie Redd,rap,sad,0.449,142.05,0.229,0.687,0.109,83,"I love Trippie Redd Oh, oh Pourin' up fours, mud in my cup Won't look at the past, it's behind us Fallin' in a bottomless pit, find us Life is a purge, sound of the sirens Do whatever I want, don't give a fuck, live my life, uh-huh, uh-huh I got your wife, she my slut, she take nut, uh-huh, uh-huh And I don't walk shit at all, I'm on the money run I don't got no opps, they stay inside 'cause they scared of my guns Your bitch said she want a real one, I told her, ""Come and find one"" It's funny ho"
194,Summer Days (feat. Macklemore & Patrick Stump of Fall Out Boy),Martin Garrix,pop,sad,0.723,113.78,0.316,0.661,0.179,83,"I got this feeling on a summer day Knew it when I saw her face I just thought that she could be the one She looks good in the morning And she don't even know it I don't want you to go yet Can we stay in the moment? Don't look in the mirror, look into my eyes When you see your reflection, you'll see what I like Oh, you look good in the morning And you don't even know it I knew that I got this feeling on a summer day Knew it when I saw her face I just thought that she could be the one I got this f"
195,The London (feat. J. Cole & Travis Scott),Young Thug,rap,sad,0.586,97.98,0.179,0.796,0.025,83,"Yeah, yeah, yeah Oh, oh, woah Woah, woah Oh(You good, T-Minus?) Oh Me-meet me at The London If you find time, we can run one Talk about some things we can't undo You just send the pin, I can find you6'1"", on the money, 9'2"" You just say the word and I'll run through Two texts, no reply, that's when I knew I knew, I knew, yeah, I knew Yeah, circumnavigate the globe as the cash grows (Grow) Get a nigga whacked like you get the grass mowed (Mowed) I'm talkin' slick when I'm with the Big Slime, nigg"
196,Post Malone (feat. RANI),Sam Feldt,pop,happy,0.642,107.36,0.651,0.59,0.077,83,"One more drink of one more Bacardi One more dance at this afterparty We still going, going strong Speed so fast like a Ferrari We get wild like a safari We still going, going strong And none of these good things, good things, good things All we need, good things, good things, good things Tonight, we go all night long We party like Post Malone Don't tell me to go-o-o Yeah, we are never, ever going home tonight Ain't nobody kill my vibe Don't tell me to go-o-o Yeah, we are never, ever going home Y"
197,Take on Me,a-ha,pop,happy,0.902,84.41,0.876,0.573,0.018,83,"We're talking away I don't know what I'm to say I'll say it anyway Today's another day to find you Shying away I'll be coming for your love, okay? Take on me (Take on me) Take me on (Take on me) I'll be gone In a day or two So needless to say I'm odds and ends But I'll be stumbling away Slowly learning that life is okay Say after me It's no better to be safe than sorry Take on me (Take on me) Take me on (Take on me) I'll be gone In a day or two NA Oh, things that you say Is it a life or just to "
198,Don't Stop Me Now - 2011 Mix,Queen,rock,happy,0.868,156.29,0.609,0.559,0.048,83,"Tonight I'm gonna have myself a real good time I feel alive And the world, I'll turn it inside out, yeah I'm floating around in ecstasy, so (Don't stop me now) (Don't stop me) 'Cause I'm havin' a good time, havin' a good time I'm a shooting star leaping through the sky Like a tiger defying the laws of gravity I'm a racing car passing by like Lady Godiva I'm gonna go, go, go, there's no stopping me I'm burning through the sky, yeah Two hundred degrees, that's why they call me Mister Fahrenheit I'"
199,Something Just Like This,The Chainsmokers,pop,neutral,0.635,103.02,0.446,0.617,0.05,83,"I've been reading books of old The legends and the myths Achilles and his gold Hercules and his gifts Spiderman's control And Batman with his fists And clearly I don't see myself upon that list But she said, where'd you wanna go? How much you wanna risk? I'm not looking for somebody With some superhuman gifts Some superhero Some fairytale bliss Just something I can turn to Somebody I can kiss I want something just like this Doo-doo-doo, doo-doo-doo Doo-doo-doo, doo-doo Doo-doo-doo, doo-doo-doo O"
200,You Are The Reason,Calum Scott,r&b,sad,0.235,171.23,0.218,0.331,0.918,83,"There goes my heart beating 'Cause you are the reason I'm losing my sleep Please come back now And there goes my mind racing And you are the reason That I'm still breathing I'm hopeless now I'd climb every mountain And swim every ocean Just to be with you And fix what I've broken Oh, 'cause I need you to see That you are the reason There goes my hands shaking And you are the reason My heart keeps bleeding I need you now If I could turn back the clock I'd make sure the light defeated the dark I'd"
201,Livin' On A Prayer,Bon Jovi,rock,happy,0.887,122.51,0.795,0.532,0.078,83,"Once upon a time, not so long ago Tommy used to work on the docks, union's been on strike He's down on his luck, it's tough, so tough Gina works the diner all day, working for her man She brings home her pay for love, mmm, for love She says, ""We've got to hold on to what we've got It doesn't make a difference if we make it or not We've got each other and that's a lot for love We'll give it a shot"" Woah, we're halfway there Woah-oh, livin' on a prayer Take my hand, we'll make it, I swear Woah-oh,"
202,Can't Hold Us - feat. Ray Dalton,Macklemore & Ryan Lewis,pop,happy,0.922,146.08,0.847,0.641,0.029,83,"Hey, hey, hey Good to see you Come on, dude, let's go Yeah! Let's go! Ha-ha-ha-ha alright Alright, okay Alright, okay Alright, okay Return of the Mack Get 'em, what it is, what it does, what it is, what it isn'tLooking for a better way to get up outta bed Instead of getting on the Internet And checking on who hit me, get up Thrift shop, pimp-strut walkin' Little bit of humble, little bit of cautious Somewhere between like Rocky and Cosby Sweater game, nope nope, y'all can't copy, yeah Bad, moonw"
203,Every Breath You Take,The Police,rock,happy,0.452,117.4,0.74,0.82,0.543,83,"NA Every breath you take and every move you make Every bond you break, every step you take, I'll be watching you Every single day, every word you say Every game you play, every night you stay, I'll be watching you Oh can't you see, you belong to me How my poor heart aches with every step you take Every move you make and every vow you break Every smile you fake, every claim you stake, I'll be watching you Since you've gone I've been lost without a trace I dream at night I can only see your face I"
204,Immortal,21 Savage,rap,happy,0.87,184.19,0.663,0.741,0.008,83,"21 I feel like the motherfuckin' Grim Reaper The biggest smoke blower Put a motherfuckin' chimney on my stick Brand new MAK-90 with the drum attached (Drum) You a shit talker, we got drums for that (On God) Tryna fist fight? Boy, you dumb for that (Stupid) You gon' get a bullet in your lung for that (Stupid) Draco get to kickin' like Liu Kang (21) F&N on me in the Mulsanne (Straight up, straight up) Glock 19 in the Blue Flame (Straight up, straight up) I was strapped when I slid inside your boo "
205,HAD ENOUGH (feat. Quavo & Offset),Don Toliver,rap,happy,0.789,147.96,0.673,0.75,0.253,83,"I know (I know, I know) I know you had enough I know you had enough (8), of me But stay a while (Ooh, ooh) I know you had enough (Oh, oh) of me (Yeah, yeah, yeah), of me Get on down (Get on), bad enough (Bad enough) You and all your friends hopped out that Bentley truck (Bentley, yeah) You doin' your thing, baby, live it up (Live it up) You showin' out and you don't give a fuck (Yeah) It's a rodeo, go on and touch your toes (Touch your toes) I'ma hit you from the back and that's as far as it goe"
206,Falling Down - Bonus Track,Lil Peep,rap,sad,0.574,120.01,0.273,0.669,0.018,83,"Come, let's watch the rain as it's falling down Now let's do that song for Peep Sunlight on your skin when I'm not around Shit don't feel the same when you're out of town So come, let's watch the rain as it's falling down, yeah Come, let's watch the rain as it's falling down Sunlight on your skin when I'm not around Shit don't feel the same when you're out of town Oh-oh-oh, oh-oh, oh-oh So come, let's watch the rain as it's falling down Oh-oh-oh, oh-oh, oh-oh Rain keeps falling, tears keep falli"
207,Pumped Up Kicks,Foster The People,pop,happy,0.71,127.98,0.965,0.733,0.145,83,"Robert's got a quick hand He'll look around the room, he won't tell you his plan He's got a rolled cigarette Hanging out his mouth, he's a cowboy kid Yeah, he found a six-shooter gun In his dad's closet, oh in a box of fun things I don't even know what But he's coming for you, yeah, he's coming for you All the other kids with the pumped up kicks You better run, better run, outrun my gun All the other kids with the pumped up kicks You better run, better run faster than my bullet All the other kid"
208,Stressed Out,Twenty One Pilots,pop,happy,0.637,169.98,0.648,0.734,0.046,83,"I wish I found some better sounds no one's ever heard I wish I had a better voice that sang some better words I wish I found some chords in an order that is new I wish I didn't have to rhyme every time I sang I was told, when I get older, all my fears would shrink But now I'm insecure, an' I care what people think My name's Blurryface and I care what you think My name's Blurryface and I care what you think Wish we could turn back time to the good old days When our momma sang us to sleep, but now"
209,Here With Me,Marshmello,pop,sad,0.565,99.96,0.181,0.791,0.062,83,"Can I tell you something just between you and me? When I hear your voice, I know I'm finally free Every single word is perfect as it can be And I need you here with me When you lift me up, I know that I'll never fall I can speak to you by saying nothing at all Every single time, I find it harder to breathe 'Cause I need you here with me Every day You're saying the words that I want you to say There's a pain in my heart and it won't go away Now I know I'm falling in deep 'Cause I need you here wi"
210,Love The Way You Lie,Eminem,latin,happy,0.925,86.99,0.641,0.749,0.241,82,"Just gonna stand there and watch me burn? Well, that's all right because I like the way it hurts Just gonna stand there and hear me cry? Well, that's all right because I love the way you lie I love the way you lie I can't tell you what it really is, I can only tell you what it feels like And right now, there's a steel knife in my windpipe I can't breathe, but I still fight while I can fight As long as the wrong feels right, it's like I'm in flight High off her love, drunk from her hate It's like"
211,Location,Khalid,r&b,sad,0.449,80.13,0.326,0.736,0.33,82,"Send me your location, let's Focus on communicating 'Cause I just need the time and place to come through (place to come through) Send me your location Let's ride the vibrations I don't need nothing else but you (do not need nothing else but you) At times I wonder why I fool with you But this is new to me, this is new to you Initially, I didn't wanna fall for you Gather my attention it was all for you, so don'tTake advantage, don't leave my heart damaged I understand that things go a little bit "
212,I'm Yours,Jason Mraz,pop,happy,0.457,150.95,0.718,0.686,0.595,82,"Well, you done done me, and you bet I felt it I tried to be chill, but you're so hot that I melted I fell right through the cracks And now I'm trying to get back Before the cool done run out I'll be giving it my bestest And nothing's gonna stop me but divine intervention I reckon it's again my turn To win some or learn some But I won't hesitate no more No more it cannot wait, I'm yours Hmm (Hey, hey) Well, open up your mind and see like me Open up your plans and, damn, you're free And look into "
213,Sweet Child O' Mine,Guns N' Roses,pop,happy,0.91,125.12,0.63,0.454,0.085,82,"NA She's got a smile that it seems to me Reminds me of childhood memories Where everythin' was as fresh as the bright blue sky (Sky) Now and then when I see her face She takes me away to that special place An' if I'd stare too long, I'd probably break down and cry Woah-oh-oh! Sweet child of mine Woah, oh-oh-oh! Sweet love of mine She's got eyes of the bluest skies As if they thought of rain I hate to look into those eyes and see an ounce of pain Her hair reminds me of a warm, safe place Where as"
214,BEST ON EARTH (feat. BIA),Russ,rap,happy,0.764,179.98,0.625,0.568,0.217,82,"Like the way she work, ayy She always puts me first, ayy And I know I've been around But I swear you got the best on Earth, yeah, yeah, yeah, yeah Uh, I got drip on the floor and it's gettin' nasty He ain't keepin' his hands up off my asscheeks I got somethin' to give him and if he asks me I'm not fillin' up, baby, I let him gas me Yeah Her ass fatter than fat and she got good throat Sit that cat on my lap, I give it good strokes I might have to fly her out to Mykonos Or maybe to Japan so I can "
215,Creep,Radiohead,rock,sad,0.43,91.84,0.104,0.515,0.01,82,When you were here before Couldn't look you in the eye You're just like an angel Your skin makes me cry You float like a feather In a beautiful world I wish I was special You're so fuckin' special But I'm a creep I'm a weirdo What the hell am I doing here? I don't belong here I don't care if it hurts I wanna have control I want a perfect body I want a perfect soul I want you to notice When I'm not around You're so fuckin' special I wish I was special But I'm a creep I'm a weirdo What the hell am
216,Shut Up and Dance,WALK THE MOON,pop,happy,0.866,128.04,0.619,0.578,0.007,82,"NA ""Oh, don't you dare look back Just keep your eyes on me"" I said, ""You're holding back""She said, ""Shut up and dance with me"" This woman is my destiny She said, ""Ooh hoo Shut up and dance with me"" We were victims of the night The chemical, physical kryptonite Helpless to the bass and the fading light Oh, we were bound to get together Bound to get together She took my arm I don't know how it happened We took the floor and she said ""Oh, don't you dare look back Just keep your eyes on me"" I said, "
217,Close To Me (with Diplo) (feat. Swae Lee),Ellie Goulding,pop,neutral,0.758,144.11,0.492,0.574,0.097,82,"Even though we both know we're liars And we start each other's fires We just know that we'll be alright Even though we're kicked out the party 'Cause we both hate everybody We're the ones they wanna be like So don't let me down Keep me in trouble Born to be wild Out in the jungle And I don't wanna be somebody without your body Close to me And if it wasn't you, I wouldn't want anybody Close to me (Yeah, yeah) 'Cause I'm an animal, animal-al like Animal like you And I don't wanna be somebody witho"
218,Chanel,Frank Ocean,pop,neutral,0.503,110.13,0.473,0.776,0.874,82,"My guy pretty like a girl And he got fight stories to tell I see both sides like Chanel See on both sides like Chanel Swimmin' laps through pool water Heated like I'm underworld Hide my tattoos in Shibuya Police think I'm of the underworld 12 treat a nigga like he twelve How you lookin' up to me and talkin' down? (Yeah) Can't you see I am the big man? (Big man) God level, I am the I am (Woah) Now film it with that drone cam, in the pink like Killa Cam Put a zoom on that stick, Noé, up so close I"
219,Taste (feat. Offset),Tyga,latin,sad,0.5589999999999999,97.99,0.342,0.884,0.024,82,"D.A. Hah Slide on it pimp game with my pinky ring Lotta gang, lotta bitches, and a icy chain Why you claim that you rich? That's a false claim I be straight to the whip, no baggage claim Whole lotta styles, can't even pronounce the name You ain't got no style, see you on my Instagram I be rockin' it like it's fresh out the pan Only when I'm takin' pics, I'm the middleman Walk, talk it like a boss, I just lift a hand Three million cash, call me Rain Man Money like a shower, that's my rain dance A"
220,Panini - DaBaby Remix,Lil Nas X,rap,neutral,0.598,153.9,0.496,0.717,0.22,82,"D-D-Daytrip took it to ten (Hey) Ayy, Panini, don't you be a meanie Thought you wanted me to go up Why you tryna keep me teeny? I It's a dream, he wished it on a genie I got fans finally, ain't you wanting them to see me? I I thought you want this for my life, for my life Said you wanted to see me thrive, you lied Just say to me what you want from me Just say to me what you want from me Ayy, Panini, don't you be a meanie Thought you wanted me to go up Why you tryna keep me teeny now? Now they ne"
221,"Baguettes in the Face (feat. NAV, Playboi Carti & A Boogie Wit da Hoodie)",Mustard,rap,sad,0.525,99.98,0.312,0.883,0.189,82,"Mustard on the beat, ho I make shit look easy, but they don't know what it take (Take) Don't ask me the time, I got baguettes in the face (Bling) Virgil dropped some Louis, I want everything he made (Made) When it come to hoes, I never be the one to save Keep on throwing ones, these bitches keep on showing ass Bitches on my body and I'm just tryna relax They always come off cool but in the end they come out wack (Wack) Her boyfriend getting mad, I told her he could take you back Have you ever be"
222,Wolves,Selena Gomez,pop,sad,0.804,124.99,0.306,0.724,0.124,82,"In your eyes, there's a heavy blue One to love, and one to lose Sweet divine, a heavy truth Water or wine, don't make me choose I wanna feel the way that we did that summer night, night Drunk on a feeling, alone with the stars in the sky I've been running through the jungle I've been running with the wolves To get to you, to get to you I've been down the darkest alleys Saw the dark side of the moon To get to you, to get to you I've looked for love in every stranger Took too much to ease the ange"
223,IDGAF,Dua Lipa,pop,neutral,0.544,97.03,0.51,0.836,0.04,82,"You call me all friendly Tellin' me how much you miss me That's funny, I guess you've heard my songs Well, I'm too busy for your business Go find a girl who wants to listen 'Cause if you think I was born yesterday, you have got me wrong So I cut you off I don't need your love 'Cause I already cried enough I've been done I've been movin' on since we said goodbye I cut you off I don't need your love So you can try all you want Your time is up, I'll tell you why You say you're sorry, but it's too l"
224,Another One Bites The Dust - Remastered 2011,Queen,rock,happy,0.528,109.97,0.754,0.933,0.112,82,"Ooh, let's go! Steve walks warily down the street With the brim pulled way down low Ain't no sound but the sound of his feet Machine guns ready to go Are you ready? Hey, are you ready for this? Are you hanging on the edge of your seat? Out of the doorway the bullets rip To the sound of the beat, yeah Another one bites the dust Another one bites the dust And another one gone, and another one gone Another one bites the dust, yeah Hey, I'm gonna get you too Another one bites the dust How do you thi"
225,That's What I Like,Bruno Mars,pop,happy,0.56,134.07,0.86,0.853,0.013,82,"Hey, hey, hey I got a condo in Manhattan Baby girl, what's hatnin'? You and your ass invited So gon' and get to clappin'So pop it for a player Pop, pop it for me Turn around and drop it for a player Drop, drop it for me I'll rent a beach house in Miami (-ami) Wake up with no jammies (Nope) Lobster tail for dinner Julio serve that scampi (Julio!) You got it if you want it Got, got it if you want it Said you got it if you want it Take my wallet if you want it now Jump in the Cadillac, girl, let's "
226,Uptown Funk,Mark Ronson,pop,happy,0.609,114.99,0.928,0.856,0.008,82,"Doh, doh, doh, doh, doh, doh, doh, doh, doh Doh, doh, doh, doh, doh, doh, doh, doh Doh, doh, doh, doh, doh, doh, doh, doh Doh, doh, doh, doh (Aww, ow) This hit, that ice cold Michelle Pfeiffer, that white gold This one, for them hood girls Them good girls, straight masterpieces Stylin', wilin', livin' it up in the city Got Chucks on with Saint Laurent Gotta kiss myself, I'm so pretty (mwah!) I'm too hot (Hot damn) Call the police and the fireman I'm too hot (Hot damn) Make a dragon wanna retire "
227,Hotel California - 2013 Remaster,Eagles,rock,happy,0.508,147.12,0.609,0.579,0.006,82,"On a dark desert highway Cool wind in my hair Warm smell of colitas Rising up through the air Up ahead in the distance I saw a shimmering light My head grew heavy and my sight grew dim I had to stop for the night There she stood in the doorway I heard the mission bell And I was thinking to myself ""This could be Heaven or this could be Hell""Then she lit up a candle And she showed me the way There were voices down the corridor I thought I heard them say ""Welcome to the Hotel California Such a love"
228,"Hey, Soul Sister",Train,pop,happy,0.8859999999999999,97.01,0.795,0.673,0.185,82,"Heyy Heeey Heey Your lipstick stains On the front lobe of my left-side brains I knew I wouldn't forget you And so I went and let you Blow my mind Your sweet moonbeam The smell of you In every single dream I dream I knew when we collided You're the one I have decided Who's one of my kind Hey, soul sister Ain't that Mr. Mister On the radio, stereo? The way you move ain't fair, you know Hey, soul sister I don't want to miss a Single thing you do, tonight Heyy Heeey Heey Just in time I'm so glad you"
229,Mind Is A Prison,Alec Benjamin,r&b,happy,0.6609999999999999,151.15,0.694,0.636,0.527,82,"I don't live in California, I'll inform you, that's not where I reside I'm just a tenant, paying rent inside this body and IGot two windows, and those windows, well, I call them my eyes I'm just going where the wind blows, I don't get to decide Sometimes, I think too much, yeah, I get so caught up I'm always stuck in my head I wish I could escape, I tried to yesterday Took all the sheets off my bed Then I tied up my linen with five strips of ribbon I found Scaled the side of the building, I ran "
230,Hop Off A Jet (feat. Travis Scott),Young Thug,rap,sad,0.476,145.0,0.353,0.823,0.012,82,"Wheezy outta here Everything we do, we own Fuck a cab, let's hop off a jet (Woo, let's go, hop off a jet) 'Bout to hop off the jet (Hop off the jet, hop off the jet) I put the glow on her wrists (Yeah), I got that glow on my bitch (Yeah) I keep the drum on the TEC, hop out the Cullinan, baby (Skrrt) Won't you tell me that you tried? Hop in a McLaren, please, let's just ride Hop in a McLaren, zoom Baby, tell me why you starin', zoom, yeah Hop, hop right on a jet, uh (Yeah) Way more smoother than "
231,Do I Wanna Know?,Arctic Monkeys,rock,neutral,0.532,85.03,0.405,0.548,0.186,82,"Have you got colour in your cheeks? Do you ever get that fear that you can't shift the type That sticks around like summat in your teeth? Are there some aces up your sleeve? Have you no idea that you're in deep? I've dreamt about you nearly every night this week How many secrets can you keep?'Cause there's this tune I found That makes me think of you somehow an' I play it on repeat Until I fall asleep, spillin' drinks on my settee (Do I wanna know?) If this feelin' flows both ways? (Sad to see y"
232,my strange addiction,Billie Eilish,r&b,neutral,0.305,100.03,0.563,0.939,0.35,82,"No, Billy, I haven't done that dance since my wife died There's a whole crowd of people out there who need to learn how to do The Scarn Don't ask questions you don't wanna know Learned my lesson way too long ago To be talkin' to you, belladonna Shoulda taken a break, not an Oxford comma Take what I want when I wanna And I want ya Bad, bad news One of us is gonna lose I'm the powder, you're the fuse Just add some friction You are my strange addiction You are my strange addiction My doctors can't "
233,Unforgettable,French Montana,pop,happy,0.769,97.98,0.733,0.726,0.029,82,"It's not good enough for me Since I've been with you, ooh It's not gonna work for you Nobody can equal me (I know) I'm gonna sip on this drink, when I'm fucked up I should know how to pick up I'm gonna catch the rhythm While she push up against me, ooh, and she tipsy I had enough convo for 24 I peep'd you from across the room Pretty little body dancin' like GoGo, hey And you are unforgettable I need to get you alone (ooh) Why not? A fuckin' good time never hurt nobody I got a little drink but it"
234,Praise The Lord (Da Shine) (feat. Skepta),A$AP Rocky,rap,sad,0.569,80.02,0.294,0.85,0.061,82,"Get it Text a message, I don't know the number Flexin' on these niggas, every bone and muscle Steady taking shots, but never hurting numbers Even then, y'all don't worry nothin' And I'd like to give a shout-out to my niggas with a game plan And shout-outs to my niggas with escape plans Uh, twenty bands, rain dance We could either rain check or we can make plans Pockets loaded, rocket loaded, okay, let's rock and roll this It's time to go, Lock, Stock, and Two Smoking Barrels Locked and loaded, d"
235,Talk (feat. Disclosure),Khalid,latin,sad,0.4,135.98,0.346,0.901,0.051,82,"Can we just talk? Can we just talk? Talk about where we're goin' Before we get lost, lend me your thoughts Can't get what we want without knowin' I've never felt like this before I apologize if I'm movin' too far Can we just talk? Can we just talk? Figure out where we're goin' Yeah, started off right I can see it in your eyes I can tell that you're wantin' more What's been on your mind? There's no reason we should hide Tell me somethin' I ain't heard before Oh, I've been dreamin' 'bout it And it"
236,Faucet Failure,Ski Mask The Slump God,rap,happy,0.552,99.99,0.615,0.935,0.111,82,"Woah, Heh Chase TheMoney, Chase TheMoney!Bitch be for real, huh Let's make a deal, bitch be for real Is you off a pill? Okay Let's make a deal, Rumpelstiltskin (Hm) She wanna see my purple pickle up in the wind (Okay!) Chancletas off, bitch get in (Ayy, ayy) And if your nigga don't like me, hit chinny-chin-chin (Huh) Bitch, I'm hotter than a pepper, no mint (Huh) Big stepper, no stilts, big tilt, uh1 K, bought my bitch a new kilt, uh (Yup) New skirt, I skrrt, big drift, uh (Yup) New grills, 10 K"
237,There's Nothing Holdin' Me Back,Shawn Mendes,pop,happy,0.813,122.0,0.969,0.866,0.38,82,"I wanna follow where she goes I think about her and she knows it I wanna let her take control 'Cause everytime that she gets close, yeah She pulls me in enough to keep me guessing (Mmmm) And maybe I should stop and start confessing, confessing, yeah Oh, I've been shaking I love it when you go crazy You take all my inhibitions Baby, there's nothing holdin' me back You take me places that tear up my reputation Manipulate my decisions Baby, there's nothing holdin' me back There's nothing holdin' me"
238,Sanguine Paradise,Lil Uzi Vert,rap,sad,0.603,134.97,0.207,0.729,0.095,82,"We be throwin' money in a spiral Every time your girl hear my song, yeah, turn her right into my ho She shake her ass (I'm working on dying), do the eye roll Got a skinny thong like a tightrope I be blowin' up like some pyro Coupe 150, call it Kyro If she left with me, she the right ho Man, she ridin' me like a BMX Man, she said the D is for Dyno I got two horns like a rhino It's no way you could buy ho But I bought a mansion with a slide door Yes, I opened up the slide door So you can hear her "
239,No Role Modelz,J. Cole,pop,neutral,0.521,100.0,0.458,0.696,0.302,82,"NA First things first: rest in peace Uncle Phil For real, you the only father that I ever knew I get my bitch pregnant, I'ma be a better you Prophecies that I made way back in the Ville, fulfilled Listen, even back when we was broke, my team ill Martin Luther King woulda been on Dreamville Talk to a nigga One time for my L.A. sisters One time for my L.A. hoes Lame niggas can't tell the difference One time for a nigga who know Don't save her, she don't wanna be saved Don't save her, she don't wan"
240,Death (feat. DaBaby),Trippie Redd,rap,happy,0.82,164.0,0.613,0.802,0.058,82,"Ya dig? You gon' die You gon' die You gon' die Yeah, uh, what that mean? Yeah, what that mean? I'm outside, pop out gang with the team, bitch, uh What that mean? We all lit, that's on gang, that's on me, bitch, uh Yeah, huh, murder, murder, slatt (Yeah) Choppa big, it blow you back (Yeah) Hanging with them slatts (Yeah) Pussy nigga, we tote gats (Yeah, yeah) Nigga, you get whacked (Gang, gang) That's on gang and that's all facts, uh (Yeah, yeah) We shoot .223's (Bah), we'll take your life (Gang)"
241,When I Was Your Man,Bruno Mars,latin,sad,0.28,72.8,0.387,0.612,0.932,82,"Same bed but it feels just a little bit bigger now Our song on the radio but it don't sound the same When our friends talk about you, all it does is just tear me down 'Cause my heart breaks a little when I hear your name It all just sounds like oooooh ooh Mmm, too young, too dumb to realize That I should have bought you flowers And held your hand Should have gave you all my hours When I had the chance Take you to every party 'Cause all you wanted to do was dance Now my baby's dancing But she's d"
242,Mo Bamba,Sheck Wes,r&b,sad,0.625,146.03,0.261,0.729,0.194,82,"16yrold Bitch!Daytrip took it to 10 I got hoes Callin' a young nigga phone (Ring, ring) Where's Ali with the mothafuckin' dope? (Bitch, bitch) I be ballin' like a mothafuckin' pro (Like a, huh, like a, huh) I be ballin' like my nigga Mo (Bamba, bitch) Sheck Wes, I ain't a mothafuckin' joke (Haha, hahahahaha) Steph Wes, stay with the fuckin' pole (Pa, pa, pa-pa) You fuck around and get poled (You get poled, bitch)'Cause I got hoes (So many fuckin' hoes) Callin' a young nigga phone (Ring-ring, rin"
243,Writing on the Wall (feat. Post Malone & Cardi B),French Montana,latin,neutral,0.836,112.01,0.497,0.773,0.283,82,"Montana Posty (Hahaha) Okurr(La-la-la-la, uhh) Ayy, uh huh From the block, now we're snipin' on the opps like Somalians (Uh-huh) Egyptian cloth on my body, diamonds like 6ix9ine hair (Hair) Now we comin' through the back, we don't go to the concierge (Yeah, hey-hey) Now that boy run fashion, Cardi in that Fashion Nova gear (Ha) We started the wave, now everybody lookin' the same Tell me how you want it (Woah) Shorty buss it down, give us the money, keep the crown Tell me how you want it I been a"
244,FML,Arizona Zervas,r&b,happy,0.575,100.09,0.616,0.822,0.113,82,"(Um, Reuel, stop playing) Yeah, I see you got that new Mercedes I might let you drive me crazy Usually I ain't the type to stay, uh 'Cause you could fall in and go psycho Ain't no tellin' where this might go But I take my chances either way So come and fuck my life up, baby Fuck my life up Come and fuck my life up, baby Fuck my life up Come and fuck my life up, baby Fuck my life up Come and fuck my life up, baby Fuck my life up (Ooh, yeah, yeah, yeah) You look like somebody that could really hol"
245,Nonstop,Drake,latin,neutral,0.412,154.98,0.422,0.912,0.016,82,"Tay Keith, fuck these niggas up! Look, I just flipped a switch (Flipped, flipped) I don't know nobody else that's doin' this Bodies start to drop, ayy (Hit the floor) Now they wanna know me since I hit the top, ayy This a Rollie, not a stopwatch, shit don't ever stop This the flow that got the block hot, shit got super hot, ayy Give me my respect (Give me my respect) I just took it left like I'm ambidex' Bitch, I move through London with the Eurostep (Two) Got a sneaker deal and I ain't break a "
246,Attention,Charlie Puth,pop,happy,0.613,100.07,0.797,0.775,0.109,82,"Woah-oah, hm-hmm You've been runnin' 'round, runnin' 'round, runnin' 'round Throwin' that dirt all on my name 'Cause you knew that I, knew that I, knew that I'd Call you up You've been going 'round, going 'round, going 'round Every party in LA 'Cause you knew that I, knew that I, knew that I'd Be at one, oh I know that dress is karma, perfume regret You got me thinking 'bout when you were mine, ooh And now I'm all up on ya, what you expect? But you're not coming home with me tonight You just wan"
247,Heartless (feat. Morgan Wallen),Diplo,pop,sad,0.555,111.0,0.255,0.764,0.275,82,"Heartless (Heartless, heartless) So heartless (So heartless, so heartless) Say you goin' out late I count down 'til you call me It's just one of those things That you do when you're lonely And you're all about the chase But you won't ever let me catch you And I wish I was the same But I know I'm gonna let you In again and when I do It's gonna hurt like Hell And you don't mean to That's what I tell myself But why you gotta be so heartless? I know you think it's harmless You're tearing me apart an"
248,Graduation (with Juice WRLD),benny blanco,pop,happy,0.65,154.97,0.605,0.731,0.107,82,"Oh-oh-oh, woah, woah It's fire Huh, as we go on, we remember All the times we spent together (Ooh, woah) As our lives change (Ooh, woah), from whatever We will still be (We will still), friends forever First off, tell the girl in my math class I'm rich And you broke, bitch, I had the last laugh And to the dumb nigga in my science lab How'd it feel when we fought and you caught a jab? Man, fuck prom, fuck the teacher that was always talkin' on the intercom And fuck the student that we thought was"
249,GATTI,JACKBOYS,rap,neutral,0.6759999999999999,143.48,0.472,0.594,0.135,82,"AXL Hahaha, huh? Hahaha Tired of niggas cappin' (Tired of niggas cappin') Trap House vibes Niggas frontin' their jewels (Yeah, this is a Melo beat) They ain't expectin' this one (And it's like that) Facts, my bitch love coco (Haha) Woo back, baby (Woo back, baby), woo (Haha, yeah) Let me see some, okay, okay (I see ya), okay, okay Look, you cannot say Pop and forget the Smoke (Yeah) I'm from the Floss where niggas tote (Woah) They couldn't be Crips, so they turned Folks (Bah) Drivin' through the"
250,Feelings,Lauv,pop,sad,0.466,103.02,0.246,0.694,0.093,81,"Is my love too much? Or is it just enough for you, for you? 'Cause it's getting late, would you like to stay? Ah 'Cause I'm bad at reading signs But I, I wanna do whatever you wanna do If you wanted to, girl, we could cross that line ""Know we've been friends And love only knows broken ends"" Yeah, that's what you said But girl, let me change your mind Mmm, mmm, mmm 'Cause feelings are hard to find Mmm, mmm, mmm Feelings are hard But I feel 'em in my chest A tiny war within But when I pull you clo"
251,Bad Bad Bad (feat. Lil Baby),Young Thug,rap,happy,0.596,111.96,0.892,0.974,0.098,81,"Wheezy outta here Rose gold seats on a fuckin' helicopter Double C, no Chanel, 'cause she bad, bad, bad Ridin' Kawasaki, and I could cop you a new 'Rari Let you ride it, know your route and you're bad, bad, bad No playin', no Atari, I won't play with you for nothin'I can eat you like Hibachi 'cause you bad, bad, bad I just took the doors off the 'Ghini, now I'm ridin' And I'm slidin' in her sideways, now she call me her zaddy Rich nigga shit, I bought my thottie a new Patek Got a model, got a th"
252,Tip Toe (feat. A Boogie Wit da Hoodie),Roddy Ricch,rap,neutral,0.6729999999999999,92.96,0.574,0.757,0.095,81,"Rose gold Rollie, I'm the nigga put the whole damn hood on, huh Patron of the New, I had put the drip on Ask me how many niggas I done put on My private planes 'bout to fly with the good old I fuck with bougie bitches, fuck a hood ho Hit that bitch from the back and told her ditto Seen the jakes and a nigga had to get low She looking at the Patek like some Skittles Her husband been talking tough, I turned her widow Giuseppe got me on my tip-toe Why you wifin' on a flip ho? Brought the strap, I'm"
253,Without You (feat. Sandro Cavazza),Avicii,pop,sad,0.858,133.99,0.295,0.662,0.002,81,"You said that we would always be Without you I feel lost at sea Through the darkness you'd hide with me Like the wind we'd be wild and free You said you'd follow me anywhere But your eyes tell me you won't be there I've gotta learn how to love without you I've gotta carry my cross without you Stuck in the middle and I'm just about to Figure it out without you And I'm done sitting home without you Fuck, I'm going out without you I'm gonna to tear this city down without you I'm goin' Bonnie and Cl"
254,Sweet Dreams (Are Made of This) - Remastered,Eurythmics,pop,happy,0.711,125.14,0.875,0.692,0.227,81,"Sweet dreams are made of this Who am I to disagree? I've traveled the world and the seven seas Everybody's lookin' for something Some of them want to use you Some of them want to get used by you Some of them want to abuse you Some of them want to be abused Sweet dreams are made of this Who am I to disagree? I've traveled the world and the seven seas Everybody's lookin' for something Hold your head up Keep your head up, movin' on Hold your head up, movin' on Keep your head up, movin' on Hold your"
255,"Let Me Go (with Alesso, Florida Georgia Line & watt)",Hailee Steinfeld,pop,happy,0.708,103.07,0.742,0.663,0.034,81,"You made plans and I, I made problems We were sleeping back to back We know this thing wasn't built to last Good on paper, picture perfect Chased the high too far, too fast Picket white fence, but we paint it black Ooh, and I wished you had hurt me harder than I hurt you Ooh, and I wish you wouldn't wait for me, but you always do I've been hopin' Somebody loves you in the ways I couldn't Somebody's taking care of All of the mess I've made Someone you don't have to change I've been hopin' Someone"
256,Sweet Home Alabama,Lynyrd Skynyrd,rap,happy,0.605,97.8,0.886,0.596,0.181,81,"One, two, three NA Big wheels keep on turnin' Carry me home to see my kin Singin' songs about the Southland I miss Alabamy once again And I think it's a sin, yes Well I heard Mr. Young sing about her (Southern man) Well, I heard ol' Neil put her down Well, I hope Neil Young will remember A Southern man don't need him around, anyhow Sweet home Alabama Where the skies are so blue Sweet home Alabama Lord, I'm coming home to you In Birmingham they love the governor, (Boo! Boo! Boo!) Now we all did w"
257,Slide Away,Miley Cyrus,pop,sad,0.5379999999999999,148.05,0.288,0.53,0.17,81,"Woo-ooh, woo-ooh, woo-ooh Woo-ooh, woo-ooh, woo-ooh Once upon a time, it was paradise Once upon a time, I was paralyzed Think I'm gonna miss these harbor lights But it's time to let it go Once upon a time, it was made for us Woke up one day, it had turned to dust Baby, we were found, but now we're lost So it's time to let it go I want my house in the hills Don't want the whiskey and pills I don't give up easily But I don't think I'm down So won't you slide away? Back to the ocean, I'll go back t"
258,listen before i go,Billie Eilish,r&b,sad,0.0561,79.76,0.082,0.319,0.935,81,"Take me to the rooftop I wanna see the world when I stop breathing Turnin' blue Tell me love is endless, don't be so pretentious Leave me like you do (Like you do) If you need me, wanna see me Better hurry 'cause I'm leavin' soon Sorry can't save me now Sorry I don't know how Sorry there's no way out (Sorry) But down Hmm, down Taste me, the salty tears on my cheek That's what a year-long headache does to you I'm not okay, I feel so scattered Don't say I'm all that matters Leave me, déjà vu (Hmm)"
259,Silence,Marshmello,pop,sad,0.7609999999999999,141.97,0.286,0.52,0.256,81,"Yeah, I'd rather be a lover than a fighter (Fighter) 'Cause all my life, I've been fighting Never felt a feeling of comfort, oh And all this time, I've been hiding And I never had someone to call my own, oh nah I'm so used to sharing Love only left me alone But I'm at one with the silence I found peace in your violence Can't tell me there's no point in trying I'm at one, and I've been quiet for too long I found peace in your violence Can't tell me there's no point in trying I'm at one, and I've "
260,Redbone,Childish Gambino,r&b,neutral,0.347,160.14,0.572,0.743,0.167,81,"Daylight I wake up feeling like you won't play right I used to know, but now that shit don't feel right It made me put away my pride So long You made a nigga wait for some, so long You make it hard for boy like that to go on I'm wishing I could make this mine, oh If you want it, yeah You can have it, oh, oh, oh If you need it, ooh We can make it, oh If you want it You can have it But stay woke Niggas creepin' They gon' find you Gon' catch you sleepin' (Ooh) Now stay woke Niggas creepin' Now don'"
261,Smells Like Teen Spirit,Nirvana,rock,happy,0.912,116.76,0.72,0.502,0.0,81,"Load up on guns, bring your friends It's fun to lose and to pretend She's over-bored and self-assured Oh no, I know a dirty word Hello, hello, hello, how low Hello, hello, hello, how low Hello, hello, hello, how low Hello, hello, hello With the lights out, it's less dangerous Here we are now, entertain us I feel stupid and contagious Here we are now, entertain us A mulatto, an albino A mosquito, my libido Yeah, hey, yay I'm worse at what I do best And for this gift, I feel blessed Our little gro"
262,Black & White,Juice WRLD,rap,sad,0.736,147.95,0.233,0.776,0.08,81,"I'm in my black Benz, uh Doin' cocaine with my black friends, uh We'll be high as hell before the night ends, yeah We'll be high before the night ends Before the night ends Switch up to the white Benz, uh (Yeah) Doin' codeine with my white friends, uh (Friends) Uh, we'll be high as hell before the night ends, yeah (Night ends) Before the night ends (Woah) Before the night begins Lord have mercy (Mercy) I know that these Perkys finna hurt me, ayy (Finna hurt) Sometimes I feel like they doin' surg"
263,Mask Off,Future,pop,sad,0.434,150.06,0.281,0.833,0.01,81,"Call it how it is (Call it how it is) Hendrix I promise, I swear, I swear You heard, spit it, yo Percocets (Ya), molly, Percocets (Percocets) Percocets (Ya), molly, Percocets (Percocets) Rep the set (Yee), gotta rep the set (Gang, gang) Chase a check (Chase it), never chase a bitch (Don't chase no bitches) Mask on (Off), fuck it, mask off (Mask) Mask on (Off), fuck it, mask off (Mask) Percocets ('Cets), molly, Percocets (Percocets) Chase a check (Chase it), never chase a bitch (Don't chase no bi"
264,Feel It Still,Portugal. The Man,r&b,happy,0.795,79.03,0.754,0.801,0.042,81,"Can't keep my hands to myself Think I'll dust 'em off, put 'em back up on the shelf In case my little baby girl is in need Am I coming out of left field? Ooh woo, I'm a rebel just for kicks, now I been feeling it since 1966, now Might be over now, but I feel it still Ooh woo, I'm a rebel just for kicks, now Let me kick it like it's 1986, now Might be over now, but I feel it still Got another mouth to feed (I'm a rebel just for kicks now) Leave it with a baby sitter, mama, call the grave digger G"
265,HIP,Mamamoo,pop,happy,0.731,138.03,0.824,0.782,0.038,81,"NA All I wanna be is 멋짐 내 마음대로 골라 (Kick it) 머리 어깨 무릎 다 hip해 Do it, do it, like me do it 나를 따라 해 (Hey, kick it) Clapping, clapping 모두 같이 Hip, hip, hip, hip I love you 네가 뭐라든 간에 Respect you 네가 뭘 하든 간에 (She's crazy) 늘 따끈따끈해 그 관심이 따끔따끔해 또 힐끔 힐끔 힐끔 (Hip, hip, hip, hip) 이젠 모든 일이 가뿐해 Veteran 성공을 썰어 먹어 마치 Michelin 누구보다 빠른 걸음을 걸었네 비시즌 잊은 지도 오래야 뒷걸음 All I wanna be is 멋짐 내 멋대로 골라 (Kick it) 머리 어깨 무릎 다 hip-hip-hip-hip 삐삐삐 논란이 돼 my fashion (Oh) 별로 신경 안 써 그저 action (Yeah) 자꾸 click me, click me, 홀린 듯이 zoom Clos"
266,Dusk Till Dawn - Radio Edit,ZAYN,pop,sad,0.4370000000000001,180.04,0.097,0.258,0.101,81,"Not tryna be in there Not tryna be cool Just tryna be in this Tell me, how you choose? Can you feel where the wind is? Can you feel it through All of the windows Inside this room? 'Cause I wanna touch you baby And I wanna feel you too I wanna see the sunrise and your sins Just me and you Light it up, on the run Let's make love tonight Make it up, fall in love, try (baby I'm right here) But you'll never be alone I'll be with you from dusk till dawn I'll be with you from dusk till dawn Baby, I'm r"
267,Electricity (with Dua Lipa),Silk City,pop,neutral,0.67,118.16,0.505,0.588,0.01,81,"Falling into you, baby Even electricity can't compare to what I feel When I'm with you Ooh, baby Giving up my ghost for you And now I'm see-through You give me a feeling, feeling so strong I know you've been treating, treating yourself wrong So let me care for you Ooh, baby I'ma love you differently I'll give you electricity Give it to you And even if I could I wouldn't turn on you And I would stop the world for you, you know I wanna let you know, I'll never let this feeling go This love has no "
268,Whatever It Takes,Imagine Dragons,pop,neutral,0.655,134.94,0.556,0.672,0.036,81,"Falling too fast to prepare for this Tripping in the world could be dangerous Everybody circling is vulturous Negative, nepotist Everybody waiting for the fall of man Everybody praying for the end of times Everybody hoping they could be the one I was born to run, I was born for this Whip, whip Run me like a racehorse Pull me like a ripcord Break me down and build me up I wanna be the slip, slip Word upon your lip, lip Letter that you rip, rip Break me down and build me up Whatever it takes'Cause"
269,Don't Let Me Down,The Chainsmokers,pop,neutral,0.8690000000000001,159.8,0.422,0.532,0.157,81,"Crashing, hit a wall Right now I need a miracle Hurry up now, I need a miracle Stranded, reaching out I call your name, but you're not around I say your name, but you're not around I need you, I need you, I need you right now Yeah, I need you right now So don't let me, don't let me, don't let me down I think I'm losing my mind now It's in my head, darling, I hope That you'll be here when I need you the most So don't let me, don't let me, don't let me down D-don't let me down Don't let me down Do"
270,Thunderstruck,AC/DC,pop,sad,0.889,133.52,0.257,0.501,0.0,81,"Thunder, ah Thunder, ah Thunder, ah Thunder, ah Thunder, ah Thunder, ah Thunder, ah Thunder, ah Thunder, ah Thunder, ah I was caught In the middle of a railroad track (Thunder) I looked 'round And I knew there was no turning back (Thunder) My mind raced And I thought, what could I do? (Thunder) And I knew There was no help, no help from you (Thunder) Sound of the drums Beating in my heart The thunder of guns Tore me apart You've been - thunderstruck Went down the highway Broke the limit, we hit "
271,Sunday Best,Surfaces,pop,happy,0.525,112.02,0.694,0.878,0.183,81,"Feeling good, like I should Went and took a walk around the neighborhood Feeling blessed, never stressed Got that sunshine on my Sunday best Every day can be a better day despite the challenge All you gotta do is leave it better than you found it It's gonna get difficult to stand but hold your balance I just say whatever cause there is no way around it cause Everyone falls down sometimes But you just gotta know it'll all be fine It's ok, uh-huh It's ok, it's ok Feeling good, like I should Went a"
272,Look Back at It,A Boogie Wit da Hoodie,pop,neutral,0.5870000000000001,96.06,0.536,0.791,0.407,81,"Look back at it She ain't never do this before, but she good at it Said she never made love, but she good at it (She good at it) She make a nigga feel good when I look at it (Yeah) I get goosebumps when I look at it (Look at it) Oh, girls just wanna have fun with it (Fun with it) All the girls just wanna have fun with me (Fun with me) These girls ain't really no good for me, yeah Drrrat, da-da, da Drrrat, da-da-da, da Drrrat, da-da-um-da Drrrat, da-da-da-um-da Yeah, got a new Benz that I ain't p"
273,Best Friend,Rex Orange County,pop,sad,0.7140000000000001,144.98,0.32,0.575,0.395,81,"I should've stayed at home 'Cause right now I see all these people that love me But I still feel alone Can't help but check my phone I coulda made you mine But no, it wasn't meant to be and see I wasn't made for you And you weren't made for me Though it seemed so easy And that's because I wanna be your favorite boy I wanna be the one that makes your day The one you think about as you lie awake I can't wait to be your number one I'll be your biggest fan and you'll be mine But I still wanna break "
274,Beautiful (feat. Camila Cabello),Bazzi,pop,sad,0.7170000000000001,100.03,0.249,0.638,0.346,81,"Hey Beautiful, beautiful, beautiful, beautiful angel Love your imperfections, every angle Tomorrow comes and goes before you know So I just had to let you know The way that Gucci look on you, amazing But nothing can compare to when you're naked Now a Backwood and some Henny got you faded Saying you the one for me, I need to face it Started when we were younger Swear to God that I loved her Sorry that your mum found out Guess that we just really had the thunder Ain't nobody else that I'd be under"
275,Instagram,Dimitri Vegas & Like Mike,pop,happy,0.906,96.07,0.95,0.765,0.125,81,"NA Just bought a black Ferrari House in the hills in L.A Say that you'll take care of me Sorry, but I don't need a plan like that Don't need a man like that What'd you say? You say that you've been on TV? And I should come back to your place? Hold up, let me set you straight School's in session, let me educate Who the hell do you think I am? I don't give a fuck about your Instagram Listen up, 'cause I'm not that girl Ain't enough liquor in the whole wide world Who the hell do you think I am? I d"
276,ilomilo,Billie Eilish,r&b,neutral,0.423,120.02,0.572,0.855,0.724,81,"Told you not to worry But maybe that's a lie Honey, what's your hurry? Won't you stay inside? Remember not to get too close to stars They're never gonna give you love like ours Where did you go? I should know, but it's cold And I don't wanna be lonely So show me the way home I can't lose another life Hurry, I'm worried The world's a little blurry Or maybe it's my eyes The friends I've had to bury They keep me up at night Said I couldn't love someone 'Cause I might break If you're gonna die, not "
277,Better,Khalid,pop,sad,0.552,97.95,0.112,0.596,0.076,81,"Better Nothing, baby Nothing feels better I'm not really drunk, I never get that fucked up I'm not, I'm so sober Love to see you shine in the night like the diamond you are (Love to see you shine in the night like the diamond you are) I'm good on the side, it's alright, just hold me in the dark (I'm good on the side, it's alright, just hold me in the dark) No one's gotta know what we do, hit me up when you're bored (No one's gotta know what we do, hit me up when you're bored) 'Cause I live down "
278,Devil Eyes,Hippie Sabotage,pop,sad,0.396,99.11,0.199,0.391,0.702,81,"You've got the devil in your eyes You went and took me by surprise Say what you wanna say I won't go back If you wanna hit the road then let's go then Let's just go and see the world and just show them What it really means to live life golden Yeah we're golden, babygirl we're golden They about to see a shine cause we're golden They can never break us down cause we're golden They about to see us glow cause we're golden Yeah we're golden, babygirl we're golden They about to see a shine cause we're"
279,Easier,5 Seconds of Summer,pop,happy,0.428,175.81,0.618,0.505,0.489,81,"Is it easier to stay? Is it easier to go? I don't wanna know, oh But I know that I'm never, ever gonna change And you know you don't want it any other way Why do we always gotta run away? And we wind up in the same place It's like we're looking for the same thing Same thing, yeah Yeah, do we really gotta do this now? Right here with all your friends around In the morning, we can work it out Work it out I love you so much that I hate you Right now, it's so hard to blame you 'Cause you're so damn "
280,Mine,Bazzi,pop,happy,0.789,142.93,0.717,0.71,0.016,81,"Huh, yeah, naw I just, had a lil' bit too much of Hennessy Just gotta tell you how I feel, look You so fuckin' precious when you smile Hit it from the back and drive you wild Girl, I lose myself up in those eye-eye-eye-eye-eyes I just had to let you know you're mine Hands on your body, I don't wanna waste no time Feels like forever even if forever's tonight Just lay with me, waste this night away with me You're mine, I can't look away, I just gotta say I'm so fucking happy you're alive Swear to "
281,Juicy,Doja Cat,r&b,neutral,0.6579999999999999,170.04,0.458,0.786,0.086,81,"I keep it juicy juicy, I eat that lunch (Yeah) She keep that booty booty, she keep that plump (Yeah yeah) That natural beauty beauty, yeah, yeah If you could see it from the front, wait 'til you see it from the back, back, back, back, back (Wait 'til you see it from the...) Back, back, yeah, back, back, back (Wait 'til you see it from the...) Back, back, back, back, back (Wait 'til you see it from the...) If you could see it from the front, wait 'til you see it from the back He like the Doja and"
282,"Fire On Fire - From ""Watership Down""",Sam Smith,r&b,sad,0.407,115.12,0.341,0.584,0.476,81,"My mother said I'm too romantic She said, ""You're dancing in the movies"" I almost started to believe her Then I saw you and I knew Maybe it's 'cause I got a little bit older Maybe it's all that I've been through I'd like to think it's how you lean on my shoulder And how I see myself with you I don't say a word But still, you take my breath and steal the things I know There you go, saving me from out of the cold Fire on fire would normally kill us But this much desire, together, we're winners The"
283,Californication,Red Hot Chili Peppers,rock,sad,0.767,96.48,0.328,0.592,0.002,81,"Psychic spies from China try to steal your mind's elation An' little girls from Sweden dream of silver screen quotation And if you want these kind of dreams, it's Californication It's the edge of the world and all of Western civilization The sun may rise in the east at least it's settled in a final location It's understood that Hollywood sells Californication Pay your surgeon very well to break the spell of aging Celebrity skin, is this your chin or is that war you're waging? First born unicorn "
284,Happy Now,Kygo,pop,neutral,0.575,118.0,0.492,0.693,0.374,81,"We don't wanna believe it, that it's all gone It's just a matter of minutes before the sun goes down We're afraid to admit it, but I know you know, know that We should've known better, but kept on trying And it's time that we see it, the fire's dying out Can't believe that I say this, we're out of chances now And I just want you to know that You and me, it was good, but it wasn't right And it'll be hard, but I know I will make it out Step by step, I'll move on and get on with life So I let go, a"
285,Billie Jean,Michael Jackson,rock,happy,0.654,117.05,0.847,0.92,0.024,81,"She was more like a beauty queen from a movie scene I said, ""Don't mind, but what do you mean, I am the one Who will dance on the floor in the round?"" She said I am the one Who will dance on the floor, in the round She told me her name was Billie Jean As she caused a scene Then every head turned with eyes that dreamed of being the one Who will dance on the floor in the round People always told me, ""Be careful of what you do Don't go around breaking young girls' hearts"" (Hee-eeh) And mother alway"
286,"i hate u, i love u (feat. olivia o'brien)",gnash,edm,sad,0.275,92.6,0.18,0.492,0.687,81,"Feeling used, but I'm Still missing you and I can't See the end of this Just wanna feel your kiss against my lips And now all this time is passing by But I still can't seem to tell you why It hurts me every time I see you Realize how much I need you I hate you, I love you I hate that I love you Don't want to, but I can't put Nobody else above you I hate you, I love you I hate that I want you You want her, you need her And I'll never be her I miss you when I can't sleep Or right after coffee or r"
287,Heathens,Twenty One Pilots,pop,neutral,0.396,90.02,0.548,0.732,0.084,81,"All my friends are heathens, take it slow (In the city, boy, in the city) Wait for them to ask you who you know Please don't make any sudden moves You don't know the half of the abuse All my friends are heathens, take it slow Wait for them to ask you who you know Please don't make any sudden moves You don't know the half of the abuse Welcome to the room of people Who have rooms of people that they loved one day Stocked away Just because we check the guns at the door Doesn't mean our brains will "
288,Under the Bridge,Red Hot Chili Peppers,rock,neutral,0.345,84.58,0.458,0.559,0.058,81,"Sometimes I feel like I don't have a partner Sometimes I feel like my only friend Is the city I live in, the city of angels Lonely as I am, together we cry I drive on her streets 'cause she's my companion I walk through her hills 'cause she knows who I am She sees my good deeds and she kisses me windy Well, I never worry, now that is a lie I don't ever wanna feel like I did that day But take me to the place I love, take me all the way'Cause I don't ever wanna feel like I did that day But take me"
289,"Rocket Man (I Think It's Going To Be A Long, Long Time)",Elton John,rock,sad,0.532,136.57,0.341,0.601,0.432,81,"She packed my bags last night, pre-flight Zero hour: 9:00 a.mAnd I'm gonna be high as a kite by then I miss the Earth so much, I miss my wife It's lonely out in space On such a timeless flight And I think it's gonna be a long, long time'Til touchdown brings me 'round again to find I'm not the man they think I am at home Oh no, no, no I'm a rocket man Rocket man, burning out his fuse up here alone And I think it's gonna be a long, long time'Til touchdown brings me 'round again to find I'm not the"
290,Meant to Be (feat. Florida Georgia Line),Bebe Rexha,latin,neutral,0.7829999999999999,154.08,0.579,0.643,0.047,81,"Baby, lay on back and relax Kick your pretty feet up on my dash No need to go nowhere fast Let's enjoy right here where we at Who knows where this road is supposed to lead? We got nothing, but time As long as you're right here next to me, everything's gonna be alright If it's meant to be, it'll be, it'll be Baby, just let it be If it's meant to be, it'll be, it'll be Baby, just let it be So won't you ride with me, ride with me? See where this thing goes If it's meant to be, it'll be, it'll be Ba"
291,What I Like About You (feat. Theresa Rex),Jonas Blue,pop,neutral,0.8,102.46,0.553,0.46,0.289,81,"All my life I've been a good girl Tryna do what's right, never told no lies Then you came around and suddenly my world Turned upside down, now there's no way out I tried to fight against it, shut out what all my friends said Can't get you out of my head, oh-woah-woah-woah-woah I keep letting you in, though I know it's not a good thing I got you under my skin, oh-woah-woah-woah You're so outta line You make me bad and I don't know why But that's what I like about ya Yeah, that's what I like about"
292,Sum 2 Prove,Lil Baby,rap,neutral,0.552,124.04,0.418,0.823,0.017,81,"You know Lil Ced, that's my nigga, I made him a millionaire, fuck it, we all rich I ain't tryna have babies right now, so we fuck with the rubber, but I got a raw bitch Know this money bring envy, you probably wan' be me, but bro, we can't beef 'bout no small shit Overseas, got the crowd doin' moshpits Can't believe that I'm still in the 'partments Businessman, went and got me an office Million dollar deals, I get 'em often Me and Dolla was servin' on Sparks Street Hot lil' jit, he gon' stay wit"
293,Under Pressure - Remastered,Queen,rock,neutral,0.7120000000000001,113.8,0.462,0.671,0.429,81,"Mmm num ba de Dum bum ba be Doo buh dum ba beh beh Pressure pushing down on me Pressing down on you, no man ask for Under pressure that burns a building down Splits a family in two Puts people on streets Um ba ba be Um ba ba be De day da Ee day da- that's okay It's the terror of knowing what this world is about Watching some good friends screaming, ""Let me out!""Pray tomorrow gets me higher Pressure on people, people on streets Day day de mm hm Da da da ba ba Okay Chipping around, kick my brains "
294,Numb,Linkin Park,rock,sad,0.863,110.02,0.243,0.496,0.005,81,"I'm tired of being what you want me to be Feeling so faithless, lost under the surface I don't know what you're expecting of me Put under the pressure of walking in your shoes Caught in the undertow, just caught in the undertow Every step that I take is another mistake to you Caught in the undertow, just caught in the undertow I've become so numb, I can't feel you there Become so tired, so much more aware I'm becoming this, all I want to do Is be more like me and be less like you Can't you see t"
295,UP THE SMOKE (with Offset),Stunna 4 Vegas,rap,happy,0.765,142.99,0.896,0.907,0.051,81,"(Young Grind, stop playin' with me) (EVRGRN with the heat, yeah) Hey (Woo, woo Woo, woo) Produced by Cre8 (Hey) Up-Up the smoke Diamonds, they choke (Ice, ice, ice) Fuck my bro (Smash, smash) I'm in the white Lamborghini, the Pope (White) Hundred racks, they gon' take your soul (Hundred racks) Glock with the three and the O (Glock) Bought a yacht, put the kids on the boat (Yacht) Put a brick in the figure, the four (Hey, hey) Got a stick, it's a SIG, it'll blow (Brrt, brrt) Mix up a four (Woo, w"
296,Come Thru (with Usher),Summer Walker,r&b,neutral,0.728,152.0,0.46,0.679,0.159,80,"We got London on da Track I should've known better Can't even pretend like I don't want it again On the brain all the time Thinkin' of all the things that we did You did somethin' 'Cause shit like this don't happen too often It's the way you put it down I don't want no one else around Got me takin' a step on the wild side Cuttin' all ties With them other guys Way you, way you look in my eyes Lovin' me nice and slow You make me wanna come through Quarter after two Just to put it down on you You m"
297,Love Songs - Bonus,Kaash Paige,r&b,neutral,0.355,120.03,0.453,0.641,0.831,80,"I miss my cocoa butter kisses, hope you smile when you listen Ain't no competition, just competin' for attention And you like, ""I'm not on no games"" Well, baby, I been peepin', and you ain't been the same Like, who been on your mind? Who got your time? Who you been vibin' with and why I can't make you mine? You used to be texting me, checking me, calling me your slime And now you treat me like my worth less than a dime And if we paint a perfect picture, we can make it last forever And you the on"
298,Mixed Personalities (feat. Kanye West),YNW Melly,rap,sad,0.44,149.94,0.352,0.661,0.457,80,"Because I am hard, you will not like me Say you want someone Say you want someone Said you want someone Say you want someone I think I got mixed personalities This bitch switched up my whole mentality This girl, she got mixed personalities One day she's happy, then she mad at me Say you want someone that'll love you Someone who could please you Someone who can kiss on and rub you Fuck you like this, fuck you like that Oh, now, I got mixed personalities She got me stressin', singin' melodies For "
299,Vulnerable,Selena Gomez,r&b,sad,0.573,100.03,0.38,0.695,0.132,80,"If I give you every piece of me, I know that you could drop it Give you the chance, I know that you could take advantage once you got it If I open up my heart to you, I know that you could lock it Throw away the key, and keep it there forever in your pocket If I give the opportunity to you, then would you blow it? If I was the greatest thing to happen to you, would you know it? If my love was like a flower, would you plant it? Would you grow it? I'ma give you all my body, are you strong enough t"
300,I Wanna Dance with Somebody (Who Loves Me),Whitney Houston,r&b,happy,0.8240000000000001,118.81,0.867,0.709,0.207,80,"Clock strikes upon the hour And the sun begins to fade Still enough time to figure out How to chase my blues away I've done alright up to now It's the light of day that shows me how And when the night falls, loneliness calls Oh, I wanna dance with somebody I wanna feel the heat with somebody Yeah, I wanna dance with somebody With somebody who loves me Oh, I wanna dance with somebody I wanna feel the heat with somebody Yeah, I wanna dance with somebody With somebody who loves me I've been in love"
301,Empty,Juice WRLD,rap,neutral,0.561,77.56,0.449,0.745,0.076,80,"From the unknown I ran away, I don't think I'm coming back home Whoa-whoa-whoa-whoa-whoa-whoa Like a crawlspace, it's a dark place I roam Ain't no right way, just the wrong way I know I problem-solve with Styrofoam My world revolves around a black hole The same black hole that's in place of my soul, uh Empty, I feel so goddamn empty I may go rogue Don't tempt me, big bullet holes Tote semi-autos Huh, yeah I'm keepin' it real, real I'm keepin' it real, uh, yeah Life gets tough, shit is getting re"
302,8,Billie Eilish,r&b,neutral,0.235,62.45,0.462,0.735,0.698,80,"Wait a minute, let me finish I know you don't care But can you listen? I came committed, guess I overdid it Wore my heart out on a chain Around my neck, but now it's missin', hmm Da-da-da-da-da-da (Hmm) Da-da-da-da-da-da-da (Hmm, hmm, hmm, hmm) Oh, hmm, hmm So I think I better go I never really know how to please you You're lookin' at me like I'm see-through I guess I'm gonna go I just never know how you feel Do you even feel anything? Da-da-da-da-da-da-da Da-da-da-da-da-da-da Oh, hmm, hmm You s"
303,emotions,iann dior,rap,sad,0.63,80.51,0.163,0.63,0.013,80,"In my head, she said it's all in my head (My head) But it's not, think I'd rather be dead (Be dead) Can't forgive or forget what you did (You did) She said I drove her away with my emotions (I drove her away) Can't take the pain anymore, I'm feeling hopeless (Can't take the pain) In my head, she said it's all in my head (My head) But it's not, think I'd rather be dead (Be dead) Can't forgive or forget what you did (You did) I don't even know why I try You did me wrong And I can't forget that Tel"
304,Fine China,Future,rap,neutral,0.542,166.11,0.551,0.656,0.048,80,"The world on drugs Ten (Yeah) thousand dollar plates Thousand dollar plates Thousand dollar plates, fine china Shorty like a, uh Shorty like a(Wheezy outta here) Shorty like a thousand dollar plate, fine china Tell her that she beautiful every day, I remind her Then I jump in her pussy like a lake, I'm a diver And her last man was a pussy, had a vagina I get lost in her eyes, like dust from the skies It's her body or nobody, I refuse to compromise So if she leaves, I'ma kill her, oh, she'll die "
305,Can't Stop,Red Hot Chili Peppers,rock,happy,0.938,91.46,0.875,0.618,0.018,80,"Can't stop, addicted to the shindig Chop Top, he says I'm gonna win big Choose not a life of imitation Distant cousin to the reservation Defunkt, the pistol that you pay for This punk, the feelin' that you stay for In time I want to be your best friend East side love is living on the West End Knocked out, but, boy, you better come to (Oh, oh-oh) Don't die, you know, the truth as some do (Oh-oh) Go write your message on the pavement (Oh-oh) Burn so bright, I wonder what the wave meant White heat "
306,Be Honest (feat. Burna Boy),Jorja Smith,r&b,happy,0.737,98.06,0.635,0.757,0.311,80,"I know you want me Every day, not only when you're lonely‚ yeah You see me think you know me But you don't even know nothing about me‚ yeah You see my thick thighs Lost it when you look into my brown eyes See‚ my little waist can make you switch sides You never know the devil in the disguise So why don't you stand up, baby, and Tell me‚ tell me, tell me do you want me on top? So let me show you, show you‚ show you, I don't need to back it up Don't wanna hold ya, mold ya, scold ya Split you in ha"
307,Sign of the Times,Harry Styles,rock,sad,0.595,119.97,0.222,0.516,0.028,80,"Just stop your crying, it's a sign of the times Welcome to the final show Hope you're wearing your best clothes You can't bribe the door on your way to the sky You look pretty good down here But you ain't really good We never learn, we been here before Why are we always stuck and running from The bullets? The bullets? We never learn, we been here before Why are we always stuck and running from The bullets? The bullets? Just stop your crying, it's a sign of the times We gotta get away from here W"
308,The Real Slim Shady,Eminem,rap,happy,0.6609999999999999,104.5,0.76,0.949,0.03,80,"May I have your attention, please? May I have your attention, please? Will the real Slim Shady please stand up? I repeat, will the real Slim Shady please stand up? We're gonna have a problem here... Y'all act like you never seen a white person before Jaws all on the floor like Pam like Tommy just burst in the door And started whoopin' her ass worse than before They first were divorced, suin' her over furniture (Agh!) It's the return of the ""Ah, wait, no way, you're kidding He didn't just say wha"
309,Don't,Bryson Tiller,rap,sad,0.356,97.0,0.19,0.765,0.222,80,"Don't, don't play with her, don't be dishonest (Ayy) Still not understandin' this logic (Ayy) I'm back and I'm better (And I'm better) I want you bad as ever Don't let me just let up I wanna give you better Baby, it's whatever Somebody gotta step up Girl, I'm that somebody, so I'm next up Be damned if I let him catch up It's easy to see that you're fed up I am on a whole 'nother level Girl, he only fucked you over 'cause you let him Fuck him, girl, I guess he didn't know any better Girl, that ma"
310,Feel Good Inc.,Gorillaz,rock,happy,0.705,138.56,0.772,0.818,0.008,80,"Hahahahahahahahahahahahahahahahaha, Feel Good Sha, sha-ba-sha ka, sha-ba-, Feel Good Sha, sha-ba-da, sha-ba-da, Feel Good Sha, sha-ba-da, sha-ba-da, Feel Good Sha, sha-ba-da, sha-ba-da, Feel Good Sha, sha-ba-da, sha-ba-da, Feel Good Sha, sha-ba-da, sha-ba-da, Feel Good (Change) Sha, sha-(Change) ba-da (Change), sha-ba-da (Change) (Change) Sha, sha-(Change) ba-da (Change), sha-ba-da (Change) City's breaking down on a camel's back They'll just have to go, 'cause they don't know wack So all you fil"
311,Zombie,The Cranberries,rock,sad,0.635,166.98,0.305,0.307,0.016,80,"Another head hangs lowly Child is slowly taken And the violence caused such silence Who are we mistaken? But you see, it's not me, it's not my family In your head, in your head, they are fightin'With their tanks and their bombs and their bombs and their guns In your head, in your head, they are cryin' In your head, in your head Zombie, zombie, zombie-ie-ie What's in your head, in your head? Zombie, zombie, zombie-ie-ie-ie, oh Du, du, du, du Du, du, du, du Du, du, du, du Du, du, du, du Another mo"
312,Bank Account,21 Savage,rap,sad,0.346,75.02,0.376,0.884,0.015,80,"Ooh, ooh, ooh, ow, ow, ow Wow, wow, ow, ah, ow, ah, ah, ah I buy a new car for the bitch (for real) I tear down the mall with the bitch (for real) You can't even talk to the bitch (no) She fucking with bosses and shit (on God) I pull up in 'Rari's and shit (skrrr) With choppers and Harley's and shit (for real) I be Gucci'd down (Gucci) You wearing Lacoste and shit (bitch) Yeah, Moncler, yuh, fur came off a bear, yuh (yeah) Triple homicide, put me in a chair, yuh (in jail) Triple cross the plug, "
313,Famous Hoes,NLE Choppa,rap,sad,0.627,81.48,0.332,0.732,0.346,80,"Cash MoneyAP NLE the top shotta I got the bomb like Al-Qaeda Get a bitch and make her famous, next minute she block me Thirty in this Perky, need to slow down on the Roxys Got a call, my nigga died, I damn near skipped a heartbeat Lookin' for your love, but your feelings is departing Pull up on the wrong street, you niggas getting blicked out Gun up in my hand while I fuck her with my dick out We was really in the trenches, thuggin' in the Choppa house Don't you tell me that it's smoke, because "
314,Lucky You (feat. Joyner Lucas),Eminem,rap,neutral,0.7859999999999999,153.07,0.575,0.876,0.063,80,"Woah, Joyner, Joyner, yeah, yeah, yeah Yeah, I done did a lot of things in my day, I admit it I don't take back what I say, if I said it then I meant it All my life I want a Grammy, but I'll prolly never get it I ain't never had no trophy or no motherfuckin' ribbon (Yah I said it) Fuck the system, I'm that nigga, bend the law, cut the rules I'm about to risk it all, I ain't got too much to lose Y'all been eatin' long enough, it's my turn to cut the food Pass the plate! Where my drink? This my da"
315,Start Wit Me (feat. Gunna),Roddy Ricch,rap,neutral,0.479,130.03,0.408,0.886,0.077,80,"(Oh Lord, Jetson made another one) I been done ride through another nigga city I got a brand new Draco with me Clip got thirty-three, Scottie Pippen Bitch nigga ain't heard of me, I got a Richard Drippin', my sweatsuit Givenchy I brought my strap in the party And my diamonds offset like Cardi Got a bad bitch with me, she a Barbie, huh You don't wanna start with me Got some hood niggas postin' in Le Jardin I have his nigga on back of a carton Spend Larry Bird, thirty-three on Cartier I got thirty"
316,Put A Little Love On Me,Niall Horan,r&b,sad,0.465,95.97,0.299,0.584,0.678,80,"We fight, we get high holdin' on to love We came down 'cause there was nothing holdin' us Is it wrong that I still wonder where you are? Is it wrong that I still don't know my heart? Are you all dressed up but with nowhere to go? Are your tears falling down when the lights are low? Another Friday night tryna put on a show Do you hate the weekend 'cause nobody's callin'? I've still got so much love hidden beneath this skin So, darlin' Put a little love on me Put a little love on me When the light"
317,Chop Suey!,System Of A Down,rock,sad,0.934,127.29,0.286,0.419,0.0,80,"We're rolling ""Suicide"" Wake up (Wake up) Grab a brush and put a little makeup Hide your scars to fade away the shakeup (Hide the scars to fade away the) Why'd you leave the keys upon the table? Here you go, create another fable You wanted to! Grab a brush and put a little makeup You wanted to! Hide the scars to fade away the shakeup You wanted to! Why'd you leave the keys upon the table? You wanted to! I don't think you trust In my self-righteous suicide I cry when angels deserve to die Wake up"
318,Save That Shit,Lil Peep,rap,sad,0.583,106.0,0.145,0.534,0.026,80,"Fuck my life, can't save that, girl Don't tell me you could save that shit All she want is payback for the way I always play that shit You ain't gettin' nothin' that I'm sayin' Don't tell me you is Nothin' like them other motherfuckers I can make you rich (I can make you rich) I can make you this, baby, I can make you that I can take you there, but baby, you won't make it back Growing sick of this and I don't wanna make you sad Do I make you scared? Baby, won't you take me back? Nothin' like the"
319,YOSEMITE,Travis Scott,r&b,sad,0.5539999999999999,128.05,0.144,0.785,0.283,80,"Ice on my neck, flawless baguettes Hop off a jet, barely get rest Cash through the month, I get a check Yves Saint Laurent on my pants and my chest Chanel, her dress, clean up her mess I eat her flesh, you know the rest Count up a hun', cop a Rolex Shine like the sun, you truly blessed Two-tone Patek In the Clearport like I Uber these jets VVSs on me got my Gucci shirt wet Put a M in my bag, gon' get used to these racks I went to school where they teach you finesse Five hundred shoes for the dri"
320,Shotta Flow (Feat. Blueface) [Remix],NLE Choppa,rap,neutral,0.511,120.08,0.568,0.894,0.025,80,"I wish everything I touch would turn to gold NLE, you heard me? Baby Mexico Choppa, man, Top Shotta Baby Mexico Shotta, you heard me? We finna talk our shit, you heard me? YNR (Yeah) Midas got a jugg, ayy (Yeah, yeah) Yeah, yeah, yeah, yeah I am a menace, keep me a rack just like tennis I'm with the shit like I'm Dennis I started this shit, I'ma finish Niggas be hatin', tryna blemish my image Who want the smoke? .223 came with the scope Extended clip long as a rope We wipe his nose, just like he"
321,Everybody Wants To Rule The World,Tears For Fears,rock,neutral,0.795,112.07,0.535,0.645,0.347,80,Welcome to your life There's no turning back Even while we sleep We will find you Acting on your best behaviour Turn your back on mother nature Everybody wants to rule the world It's my own design It's my own remorse Help me to decide Help me make the most Of freedom and of pleasure Nothing ever lasts forever Everybody wants to rule the world There's a room where the light won't find you Holding hands while the walls come tumbling down When they do I'll be right behind you So glad we've almost m
322,How I Move (feat. Lil Baby),Flipp Dinero,rap,happy,0.635,119.95,0.808,0.826,0.102,80,"Yeah, I really run it up, yeah I really run it up, yeah I really run it up, yeah I really run it up, yeah (Spazzin' out, Pluto, spazzin' out, Pluto) I really run it up, yeah Ain't play no games with this shit I got that worker from Polo then hit up my guala Then told him, ""We made for this shit"" Niggas stay workin' for commas, we stack up that guala See, I put my name on this shit Flipp with that smoke, on that ganja, I bang for that comma See, I put my name on this shit Hol' up, you (Yeah) You "
323,Don't Stop Believin',Journey,rock,neutral,0.748,118.85,0.514,0.5,0.127,80,"Just a small-town girl Livin' in a lonely world She took the midnight train goin' anywhere Just a city boy Born and raised in South Detroit He took the midnight train goin' anywhere NA A singer in a smoky room The smell of wine and cheap perfume For a smile, they can share the night It goes on and on and on and on Strangers waitin' Up and down the boulevard Their shadows searchin' in the night Streetlight people Livin' just to find emotion Hidin' somewhere in the night Workin' hard to get my fil"
324,STARGAZING,Travis Scott,rap,sad,0.789,150.01,0.056,0.487,0.009,80,"NA Rollin', rollin', rollin', got me stargazin' (Yeah) Sippin' on purp, feelin' like the Barre Baby (It's lit) Whatever I downed, it got me goin' crazy (Yah) Psychedelics got me goin' crazy (Alright) I was hot as hell out in the heat (Yeah, yeah) Then a storm came in and saved my life Head up to the sky, down on my knees (Straight up) Out of nowhere, you came here to save the night In the nighttime (Woo, yeah) Rollin', rollin', rollin', got me stargazin' (Roll) Psychedelics got me goin' crazy (O"
325,Baby Sitter (feat. Offset),DaBaby,rap,sad,0.73,92.51,0.394,0.852,0.022,79,"You know I ain't come to play, let's get it (Turn me up) I'm snappin' off the rip Your ho say I'm her favorite nigga (Hah) You probably don't wan' let your baby mama take a picture (Why? Go Grizz) 'Cause I'm the type of Baby that's gon' fuck the babysitter (Marii Beatz, turn me up) I just did a show and pulled off laughin' on a hatin' nigga (Hah) Them bitches aimin' at y'all fast, I'm on these rapper niggas' ass I pulled that .40 out, he better have an angel with him You tryna book me for a show"
326,Enter Sandman,Metallica,rock,happy,0.828,123.26,0.604,0.577,0.002,79,"Say your prayers, little one, don't forget, my son To include everyone I tuck you in, warm within, keep you free from sin'Til the Sandman he comes Sleep with one eye open Gripping your pillow tight Exit light Enter night Take my hand We're off to never never-land Something's wrong, shut the light, heavy thoughts tonight And they aren't of Snow White Dreams of war, dreams of liars, dreams of dragons' fire And of things that will bite, yeah Sleep with one eye open Gripping your pillow tight Exit l"
327,Who Needs Love,Trippie Redd,rap,happy,0.516,108.96,0.874,0.85,0.763,79,"Yeah Fuck your love, fuck it, I don't want none of it (Yeah) Fuck your trust, fuck it, I don't want none of it, no (Yeah) Fuck you, fuck you, I don't need your love, ho, yeah (Don't need your love, don't need your love) Yeah, but who needs love? (Love) That ain't never changed shit (Yeah) Still the same, I never changed, bitch (Yeah) I been roamin' 'round with the same clique I been rollin' 'round with the gang, bitch Fuck your squad and who you came with In a foreign car, I'm switchin' lanes qu"
328,Contra La Pared,Sean Paul,latin,neutral,0.588,94.05,0.598,0.828,0.016,79,"NA SP 'longside J Balvin, men El negocio socio De día y de noche me llama (Night and day, leggo', biri-bam-bam-bam) Que quiere de nuevo en mi cama (Latino gang, Want me in her bed biri-bam-bam) No fue suficiente una vez (Sean da' Paul, uh-yeah, bam-bam-bam) Ahora de día y de noche reclama (That's what she said, biri-bam, ¡wuh!) Well in come the ting dem call chickschicks pack it, and we don't play games Straight business, baby girl Tainy pon the track Hear what mi sayin' Balvin, tell 'em again ("
329,Dance Again,Selena Gomez,r&b,neutral,0.552,111.98,0.465,0.784,0.045,79,"Happiness Ain't something you sit back and you wait for Mmm, ah Confidence Is throwing your heart through every brick wall Mmm, ah I kickstart the rhythm All the trauma's in remission No, I don't need permission Feels so, feels so, feels so good to dance again Feels so, feels so, feels so good to dance again With my emotions undressed, I'm going in with everything To dance again Feels so, feels so, feels so good Vulnerable Ain't easy, believe me, but I go there Mmm, ah It's like I'm ten feet tal"
330,Changes,Lauv,r&b,sad,0.455,148.18,0.204,0.532,0.452,79,"I'm getting rid of all my clothes I don't wear I think I'm gonna cut my hair 'Cause these days, I don't feel like me, mmm I think I'm gonna take a break from alcohol Probably won't last that long But Lord knows I could use some sleep, mmm Changes, they might drive you half-insane But it's killing you to stay the same But it's all gonna work out, it's all gonna work out someday Moments, livin' with your eyes half-open You've been thinking 'bout these changes It's all gonna work out, it's all gonn"
331,These Days,Rudimental,latin,neutral,0.809,92.21,0.55,0.653,0.194,79,"I know you moved onto someone new Hope life is beautiful You were the light for me to find my truth I just wanna say, thank you Leaving to find my soul Told her I had to go And I know it ain't pretty When our hearts get broke Too young to feel this old Watching us both turn cold Oh, I know it ain't pretty When two hearts get broke Yeah, I know it ain't pretty When two hearts get broke I hope someday we'll sit down together And laugh with each other about these days, these days All our troubles, "
332,Little Do You Know,Alex & Sierra,edm,sad,0.292,145.88,0.37,0.5,0.746,79,"Little do you know How I'm breaking while you fall asleep Little do you know I'm still haunted by the memories Little do you know I'm trying to pick myself up piece by piece Little do you know I need a little more time Underneath it all I'm held captive by the hole inside I've been holding back For the fear that you might change your mind I'm ready to forgive you but forgetting is a harder fight Little do you know I need a little more time I'll wait, I'll wait I love you like you've never felt t"
333,Nevermind,Dennis Lloyd,latin,sad,0.688,99.98,0.079,0.6,0.159,79,"What if I left and it made no sense And you tell your friends And they hold your hands Baby, never mind, never mind What if I left and it made no sense And you tell your friends And they hold your hands Baby, never mind, never mind Alright, I'm ready now, ready now I ain't gonna, I ain't gonna fall back down, no Alright, I'll take it on, take it on me Take it on me, hmm, baby All I, I ever ask, ever ask Are you gonna, are you gonna be my lover? Tonight, and take it with, take it with me Take it "
334,Reply (feat. Lil Uzi Vert),A Boogie Wit da Hoodie,rap,sad,0.623,112.15,0.219,0.512,0.019,79,"Woah, if I write (It's Joe From YO) If I write you, girl, will you reply? (Go Grizz) Follow my commands, come on, girl, comply You only want me 'cause my life's televised And I can see all them lies in your eyes But I'm no different, selling dreams for tonight Just so I could have my way, rubbin' on your thighs In the morning, go back home because I do not have no ties Yeah, but if I (But if I) If I write you, girl, tell me, would you reply? (Would you reply?) You know I used to be a thief up in"
335,Hear Me Calling,Juice WRLD,rap,neutral,0.687,88.93,0.499,0.699,0.308,79,"Ring, do you hear me calling? Purps On The Beat Me no want no drama Do you hear me calling? Do you hear me calling? Me no want no drama Not a fighter, a lover Do you hear me calling? Do you hear me calling? Me no want no drama I just want you, my darling Break away and make a way to make it Love the way you lookin' when you naked Treat your heart just like a blunt of OG Roll it up, I kissed it and I smoke it Gots to be joking Where in the fuck did you think you were going? Foldin' and packin' yo"
336,Let It Be - Remastered 2009,The Beatles,rock,neutral,0.403,143.46,0.41,0.443,0.631,79,"When I find myself in times of trouble, Mother Mary comes to me Speaking words of wisdom, “let it be”And in my hour of darkness, she is standing right in front of me Speaking words of wisdom, “let it be” Let it be, let it be Let it be, let it be Whisper words of wisdom Let it be And when the brokenhearted people living in the world agree There will be an answer, let it be For though they may be parted, there is still a chance that they will see There will be an answer, let it be Let it be, let i"
337,"Down Like That (feat. Rick Ross, Lil Baby & S-X)",KSI,rap,neutral,0.8,139.47,0.596,0.591,0.353,79,"Why you gotta go, go and let me down like that? (Ayy) Down like that Oh, why? Why you go and let me down like that? (Ayy) Down like I was nothin' but loyal to you right from the start You changed up on me as soon as things were getting hard I've always seen the light despite us being in the dark And you let me down like that, yeah, down like that (Oh why) Yeah, yeah, I want that knockdown Fuck up the system, make it shut down I'm cold with this, slow man down like Freezer (Mm) Wanna backstab lik"
338,Into You,Ariana Grande,edm,sad,0.7340000000000001,107.85,0.372,0.623,0.016,79,"I'm so into you, I can barely breathe And all I wanna do is to fall in deep But close ain't close enough, 'til we cross the line, hey yeah So name a game to play, and I'll roll the dice, hey Oh baby, look what you started The temperature's rising in here Is this gonna happen? Been waiting and waiting for you to make a move Before I make a move So, baby, come light me up, and, baby, I'll let you on it A little bit dangerous, but, baby, that's how I want it A little less conversation and a little "
339,Dreams - 2004 Remaster,Fleetwood Mac,rock,happy,0.4920000000000001,120.15,0.789,0.828,0.064,79,"NA Now here you go again, you say you want your freedom Well, who am I to keep you down? It's only right that you should play the way you feel it But listen carefully to the sound of your loneliness Like a heartbeat drives you mad In the stillness of remembering what you had And what you lost and what you had and what you lost Thunder only happens when it's raining Players only love you when they're playing Say women they will come and they will go When the rain washes you clean, you'll know, yo"
340,1950,King Princess,latin,sad,0.535,71.91,0.269,0.6,0.648,79,"I hate it when dudes try to chase me But I love it when you try to save me‘Cause I'm just a lady (Ah) I love it when we play 1950 It's so cold that your stare's 'bout to kill me I'm surprised when you kiss me So tell me why my Gods look like you And tell me why it's wrong So I'll wait for you, I'll pray I will keep on waiting for your love For you, I'll wait I will keep on waiting for your Did you mean it when you said I was pretty? That you didn't wanna live in a city Where the people are shitt"
341,Sex on Fire,Kings of Leon,rock,sad,0.905,153.4,0.374,0.542,0.002,79,Lay where you're layin' Don't make a sound I know they're watchin' They're watchin'All the commotion The kiddie like play It has people talkin' Talkin' You! Your sex is on fire The dark of the alley The breakin' of day Head while I'm drivin' I'm drivin'Soft lips are open Them knuckles are pale Feels like you're dyin' You're dyin' You! Your sex is on fire Consumed! With what's just transpired Hot as a fever Rattle of Bones I could just taste it Taste it If it's not forever If it's just tonight Oh
342,Should I Stay or Should I Go - Remastered,The Clash,rock,happy,0.833,113.38,0.816,0.742,0.079,79,"Oh! Darling, you got to let me know Should I stay or should I go? If you say that you are mine I'll be here till the end of time So you got to let me know Should I stay or should I go? It's always tease, tease, tease You're happy when I'm on my knees One day it's fine and next it's black So if you want me off your back Well, come on and let me know Should I stay or should I go? Should I stay or should I go now? Should I stay or should I go now? If I go, there will be trouble And if I stay it wil"
343,Kill This Love,BLACKPINK,edm,neutral,0.861,131.97,0.58,0.738,0.32,79,"NA Yeah, yeah, yeah BLACKPINK in your area Yeah, yeah, yeah 천사 같은 ""hi"" 끝엔 악마 같은 ""bye"" 매번 미칠듯한 high 뒤엔 뱉어야 하는 price 이건 답이 없는 test 매번 속더라도 yes 딱한 감정의 노예 얼어 죽을 사랑해, eh Here I come kickin' the door, uh 가장 독한 걸로 줘, uh 뻔하디 뻔한 그 love, love 더 내놔봐 give me some more 알아서 매달려 벼랑 끝에 한마디면 또 like 헤벌레 해 그 따뜻한 떨림이 새빨간 설렘이 마치 heaven 같겠지만 You might not get in it Look at me, look at you 누가 더 아플까 You smart 누가 you are 두 눈에 피눈물 흐르게 된다면 So sorry 누가 you are 나 어떡해 나약한 날 견딜 수 없어 애써 두 눈을 가린 채 사랑의 숨통을 끊어야겠어 Let's kill this "
344,No Scrubs,TLC,r&b,neutral,0.675,92.91,0.59,0.743,0.025,79,"A scrub is a guy that thinks he's fly He's also known as a busta (Busta, busta) Always talkin' about what he wants And just sits on his broke ass So no, I don't want your number (Uh, uh) No, I don't want to give you mine and No, I don't want to meet you nowhere (No, no) No, I don't want none of your time and (Uh) No, I don't want no scrubs A scrub is a guy that can't get no love from me Hangin' out the passenger side of his best friend's ride Trying to holla at me (Whoo) I don't want no scrubs A"
345,Wonderwall - Remastered,Oasis,rock,neutral,0.8959999999999999,174.3,0.469,0.378,0.0,79,"Today is gonna be the day that they're gonna throw it back to you By now, you should have somehow realised what you gotta do I don't believe that anybody feels the way I do about you now Backbeat, the word is on the street that the fire in your heart is out I'm sure you've heard it all before, but you never really had a doubt I don't believe that anybody feels the way I do about you now And all the roads we have to walk are winding And all the lights that lead us there are blinding There are man"
346,Tap (feat. Meek Mill),NAV,rap,neutral,0.6759999999999999,85.02,0.452,0.901,0.065,79,"Yeah, yeah, yeah Yeah, yeah, yeah(I'm in London, got my beat from London) Yeah, yeah In the trap, hang in places that you can't go Glock .40, he got smokey, yeah, the draco Thousand nights on that corner eatin' egg rolls Bad bitch Puerto Rican, look like J. Lo, woah They tried to extort me, I ain't pay though Only thing I gave 'em was a halo A-hole, Uber on the way, ho Fuck her from the back, put my thumb all in her A-hole I got bands for real, diamonds on me, they dance for real All these stick"
347,Run Rudolph Run - Single Version,Chuck Berry,r&b,happy,0.715,152.13,0.957,0.681,0.812,79,"Out of all the reindeers, you know you're the mastermind Run, run Rudolph, Randalph ain't too far behind Run, run Rudolph, Santa's got to make it to town Santa make him hurry, tell him he can take the freeway down Run, run Rudolph cause I'm reeling like a merry-go-round Said Santa to a boy ""Child, what have you been longing for?"" ""All I want for Christmas is a Rock and Roll electric guitar"" And then away went Rudolph whizzing like a shooting star Run, run Rudolph, Santa has to make it to town Sa"
348,Falling Like The Stars,James Arthur,r&b,sad,0.351,177.6,0.19,0.296,0.823,79,"I swear to God, when I come home I'm gonna hold you so close I swear to God, when I come home, I'll never let go Like a river, I flow to the ocean I know You pull me close, guiding me home And I need you to know that we're Fallin' so fast, we're fallin' like the stars, fallin' in love And I'm not scared to say those words With you I'm safe, we're fallin' like the stars, we're fallin' in love I swear to God, I can see Four kids and no sleep We'll have one on each knee, you and me, hmm And when th"
349,Jealous,Labrinth,r&b,sad,0.155,128.53,0.094,0.435,0.873,79,"I'm jealous of the rain That falls upon your skin It's closer than my hands have been I'm jealous of the rain I'm jealous of the wind That ripples through your clothes It's closer than your shadow Oh, I'm jealous of the wind I wished you the best of All this world could give And I told you when you left me There's nothing to forgive But I always thought you'd come back, tell me all you found was Heartbreak and misery It's hard for me to say, I'm jealous of the way You're happy without me I'm jea"
350,DNA.,Kendrick Lamar,rap,neutral,0.523,139.91,0.422,0.638,0.005,79,"I got, I got, I got, I got— Loyalty, got royalty inside my DNACocaine quarter piece, got war and peace inside my DNAI got power, poison, pain and joy inside my DNA I got hustle though, ambition flow inside my DNAI was born like this, since one like this, immaculate conception I transform like this, perform like this, was Yeshua new weapon I don't contemplate, I meditate, then off your fucking head This that put-the-kids-to-bed This that I got, I got, I got, I got— Realness, I just kill shit 'cau"
351,Last Resort,Papa Roach,rock,happy,0.89,90.6,0.692,0.589,0.0,79,"Cut my life into pieces, this is my last resort Suffocation, no breathing Don't give a fuck, if I cut my arm bleeding This is my last resort Cut my life into pieces I've reached my last resort – suffocation, no breathing Don't give a fuck, if I cut my arms bleeding Do you even care, if I die bleeding? Would it be wrong, would it be right If I took my life tonight? Chances are that I might Mutilation out of sight And I'm contemplatin' suicide 'Cause I'm losin' my sight, losin' my mind Wish somebo"
352,No One,Alicia Keys,edm,sad,0.5479999999999999,90.04,0.166,0.644,0.021,79,"I just want you close Where you can stay forever You can be sure That it will only get better You and me together Through the days and nights I don't worry 'cause Everything's going to be alright People keep talking, they can say what they like But all I know is everything's gonna be alright No one, no one, no one Can get in the way of what I'm feelin' No one, no one, no one Can get in the way of what I feel for you, you, you Can get in the way of what I feel for you When the rain is pouring dow"
353,All The Stars (with SZA),Kendrick Lamar,r&b,neutral,0.633,96.92,0.552,0.698,0.06,79,"Love, let's talk about love Is it anything and everything you hoped for? Or do the feeling haunt you? (Haunt) I know the feeling haunt you (Haunt) This may be the night that my dreams might let me know All the stars are closer All the stars are closer All the stars are closer This may be the night that my dreams might let me know All the stars are closer All the stars are closer All the stars are closer Tell me what you gon' do to me Confrontation ain't nothin' new to me You can bring a bullet, "
354,7 Years,Lukas Graham,latin,sad,0.473,119.99,0.34,0.765,0.287,79,"Once I was seven years old my momma told me Go make yourself some friends or you'll be lonely Once I was seven years old It was a big big world, but we thought we were bigger Pushing each other to the limits, we were learning quicker By eleven smoking herb and drinking burning liquor Never rich so we were out to make that steady figure Once I was 11 years old my daddy told me Go get yourself a wife or you'll be lonely Once I was 11 years old I always had that dream like my daddy before me So I s"
355,Look At Me!,XXXTENTACION,rap,sad,0.726,139.06,0.349,0.763,0.259,79,"Ayy, I'm like, ""Bitch, who is your mans?"" (Ayy) Can't keep my dick in my pants (Ayy) My bitch don't love me no mo' (Ayy) She kick me out, I'm like, ""Vro"" Damn, son, where'd you find this? Yah, ayy Yah, ayy, yah Ayy, haha, yah, yah, yah Ayy Ayy, ayy, ayy I'm like, ""Bitch, who is your mans?"" (Ayy) Can't keep my dick in my pants (Ayy) My bitch don't love me no mo' (Ayy) She kick me out, I'm like, ""Vro"" (Ayy) That bitch don't wanna be friends (Ayy) I gave her dick, she amen (Ayy) She put her tongue "
356,Look Alive (feat. Drake),BlocBoy JB,rap,neutral,0.581,140.02,0.595,0.922,0.001,79,"Tay Keith, fuck these niggas up! Yeah, yeah (Ooh) Yeah (Ooh)6 God, BlocBoy, 6 God, BlocBoy (Ooh) (Word) 6 God, BlocBoy, 6 God, BlocBoy (Ooh) (BlocBoy, 6 God) Yeah (Hey) 901 Shelby Drive, look alive, look alive ('Live) Niggas came up on this side, now they on the other side (Word, word, word) Oh well, fuck 'em, dawg, we gon' see how hard they ride (Huh, fuck 'em) I get racks to go outside and I split it with the guys (Outside) We up on the other side, niggas actin' like we tied I've been gone sin"
357,20/20,Lil Tjay,rap,neutral,0.336,100.04,0.536,0.886,0.557,79,"I feel like the greatest Only been at this for two years, thank God this shit happened so quick Fashion me the latest, money comin' in but so do hatred Shit ain't how I pictured, but I faced it Emotions, I erased it, fuck havin' feelings, I replaced it Should've peeped that fu' shit from the basis This when the mistakes hit, tired of gettin' caught up in this fake shit I just can't sit comfy with no snake shit I been holdin' demons inside, I can't lie So if you ain't ready to die, then don't try"
358,Tiny Dancer,Elton John,rock,sad,0.428,145.07,0.282,0.414,0.382,79,"Blue jean baby, L.A. lady Seamstress for the band Pretty-eyed, pirate smile You'll marry a music man Ballerina, you must've seen her Dancing in the sand And now she's in me, always with me Tiny dancer in my hand Jesus freaks out in the street Handing tickets out for God Turning back, she just laughs The boulevard is not that bad Piano man, he makes his stand In the auditorium Looking on, she sings the songs The words she knows, the tune she hums But, oh, how it feels so real Lying here with no o"
359,Money,Cardi B,latin,sad,0.59,130.0,0.219,0.95,0.005,79,"Look, my bitches all bad, my niggas all real I ride on his dick in some big tall heels Big fat checks, big large bills Front, I'll flip like ten cartwheels Cold ass bitch, I give broads chills Ten different looks and my looks all kill I kiss him in the mouth, I feel all grills He eat in the car, that's meals on wheels (Woo) I was born to flex (Yes) Diamonds on my neck I like boardin' jets, I like mornin' sex (Woo) But nothing in this world that I like more than checks (Money) All I really wanna "
360,Come Together - Remastered 2009,The Beatles,rock,sad,0.376,165.01,0.187,0.533,0.03,79,"Shoot me Shoot me Shoot me Shoot me Here come old flat-top, he come groovin' up slowly He got ju-ju eyeball, he one holy roller He got hair down to his knee Got to be a joker, he just do what he please Shoot me Shoot me Shoot me Shoot me He wear no shoeshine, he got toe-jam football He got monkey finger, he shoot Coca-Cola He say, ""I know you, you know me""One thing I can tell you is you got to be free Come together, right now Over me Shoot me Shoot me Shoot me Shoot me He bag production, he got "
361,Glitter,BENEE,r&b,neutral,0.589,116.93,0.58,0.801,0.086,79,"Everyone else has left now I bet that this got you stressed out Wonderin', what can we do now? Maybe let it burn out Where I can't feel my face Mm, minds twisted in weird ways Wonderin', what can we do now? Maybe let it burn out Glitter's sparklin' on your heart now, darling Won't you stay? I'm here wonderin' what to say You're putting me away now I know it's getting late now, baby Maybe you should stay here with me Let's just make it our own party Stick together like glitter, glitter, glitter, "
362,Body,Loud Luxury,latin,neutral,0.764,121.96,0.582,0.752,0.048,79,"Babe, don't make a sound 2 a.m. love gotta keep it down (keep it down) Don't wait around for a signal now Gimme some verbs, I ain't talkin' nouns (I'm naughty) You wanna ride in the Six You wanna dine in the Six (dine in the Six) But when I lean for the kiss You said I'll probably send you some pics And I'm like Hell nah, been waitin' too long (I've been waitin') Hell nah, I want that crew love (Come here, baby) Hell nah, been waitin' too long (I've been waitin') Hell nah, I want that crew love "
363,Exchange,Bryson Tiller,rap,sad,0.433,160.14,0.274,0.53,0.108,79,"This what happen when I think 'bout you I get in my feelings, yeah I start reminiscing, yeah Next time around, fuck, I want it to be different, yeah Waiting on a sign, guess it's time for a different prayer Lord, please save her for me, do this one favor for me I had to change my player ways, got way too complicated for me I hope she's waiting for me Everywhere she go they playin' my song That's why I say the things that I say That way I know you can't ignore me But so, so (Yeah) So give me all "
364,I Forgot That You Existed,Taylor Swift,r&b,neutral,0.316,92.88,0.541,0.664,0.298,79,"How many days did I spend thinking 'Bout how you did me wrong, wrong, wrong? Lived in the shade you were throwing 'Til all of my sunshine was gone, gone, gone And I couldn't get away from ya In my feelings more than Drake, so yeah Your name on my lips, tongue-tied Free rent, living in my mind But then something happened one magical night I forgot that you existed And I thought that it would kill me, but it didn't And it was so nice So peaceful and quiet I forgot that you existed It isn't love, i"
365,I Love It (& Lil Pump),Kanye West,latin,sad,0.522,104.05,0.329,0.901,0.011,79,"'Cause you know in the old days They couldn't say the shit they wanted to say They had to fake orgasms and shit We can tell niggas today: ""Hey, I wanna cum, mothafucka!"" You're such a fuckin' ho, I love it (I love it) You're such a fuckin' ho, I love it (I love it) You're such a fuckin' ho, I love it (Love it, love it) (I'ma fuck a bitch, tell her cousin) Your boyfriend is a dork, McLovin (Dork) (McLovin; ooh, ooh, ooh) I just pulled up in a Ghost (Ghost) Fucked that bitch up out in London (Up o"
366,Mr. Blue Sky,Electric Light Orchestra,rock,neutral,0.338,177.78,0.477,0.388,0.652,79,"""Morning! Today's forecast calls for blue skies."" The sun is shining in the sky There ain't a cloud in sight It's stopped raining, everybody's in the play And don't you know, it's a beautiful new day, hey Running down the Avenue See how the sun shines brightly In the city, on the streets where once was pity Mr. Blue Sky is living here today, hey Mr. Blue Sky, please tell us why You had to hide away for so long (So long) Where did we go wrong? Mr. Blue Sky, please tell us why You had to hide away"
367,In My Room,Frank Ocean,r&b,happy,0.647,158.04,0.67,0.861,0.594,79,"No sleeper seats, that's a mattress No sleeper seats, that's a mattress You ain't stingy, split your tablets with me You won't flinch when camera's flashing, flashing Not fake laid back, no, it's natural And I think you made for the life I lead I'm not fake patient, I don't fake sick, huh That kinda coffin don't need lean Rest in peace Got this lust for life in me, yeah Horny for the game, uh First they kiss, then they bite soft, uh Then that bitch wanna play it off, huh Fuck it, I'm pretty stil"
368,We Will Rock You - Remastered,Queen,rock,neutral,0.4970000000000001,81.31,0.475,0.692,0.676,79,"Buddy, you're a boy, make a big noise Playing in the street, gonna be a big man someday You got mud on your face, you big disgrace Kicking your can all over the place, singing We will, we will rock you We will, we will rock you Buddy, you're a young man, hard man Shouting in the street, gonna take on the world someday You got blood on your face, you big disgrace Waving your banner all over the place We will, we will rock you Sing it out We will, we will rock you Buddy, you're an old man, poor ma"
369,Location (feat. Burna Boy),Dave,rap,neutral,0.496,109.98,0.55,0.812,0.271,79,"JAE5 If you send me the location Then I'll be right there And make I come check you, my baby No time, no And my dawg is on probation Another 5 years Me bring girls to his location No time, no Send me the location This year 'bout vacations Flight catching, train taking Soon as my nigga off probation Your boyfriend's on a waiting ting Looking for one wish, on a Ray J ting I pree'd that girl, outrageous ting But she can't see 'cause I got shades and ting Bare girls wanna throw shade and ting No sha"
370,Hot Girl Summer (feat. Nicki Minaj & Ty Dolla $ign),Megan Thee Stallion,rap,neutral,0.8140000000000001,98.98,0.57,0.872,0.005,79,"(Bone Collector the plug) Real hot girl shit Real, real ass bitch, give a fuck 'bout a nigga Hot Barbie summer Real, real, real ass bitch, give a fuck 'bout a nigga(What Juicy say? He be like, ""Shut the fuck up"") Don't run from me, friend, haha Real ass nigga, give a fuck 'bout a bitch It is what it is, this some five star dick She a big ol' freak, it's a must that I hit It's a Hot Girl Summer, so you know she got it lit Real ass bitch, know she got it lit Hot Girl Summer so you know she got it "
371,Brown Eyed Girl,Van Morrison,rap,happy,0.583,150.57,0.907,0.491,0.182,79,"Hey, where did we go? Days when the rains came Down in the hollow Playin' a new game Laughing and a running, hey, hey Skipping and a jumping In the misty morning fog with Our hearts a thumpin' and you My brown-eyed girl You, my brown-eyed girl Whatever happened To Tuesday and so slow? Going down the old mine With a transistor radio Standing in the sunlight laughing Hiding behind a rainbow's wall Slipping and sliding All along the waterfall, with you My brown-eyed girl You, my brown-eyed girl Do "
372,hostage,Billie Eilish,r&b,sad,0.123,129.56,0.039,0.427,0.868,79,"I wanna be alone Alone with you, does that make sense? I wanna steal your soul And hide you in my treasure chest I don't know what to do To do with your kiss on my neck I don't know what feels true But this feels right, so stay a sec Yeah, you feel right, so stay a sec And let me crawl inside your veins I'll build a wall, give you a ball and chain It's not like me to be so mean, you're all I wanted Just let me hold you Like a hostage Gold on your fingertips Fingertips against my cheek Gold leaf "
373,Millions,Young Thug,rap,happy,0.531,99.03,0.74,0.942,0.002,78,"(Me and Wheezy, that's the wave) Yeah, yeah Millions, put it in the casket and buried it Millions, niggas with me, bitches think we terrorists Billions, stack this cash and lay low like barbarians Brazilians, wax it and pass it to Australians Ayy, I suppose it's a proposal (I suppose it's a proposal) Ayy, most these niggas, they some bozos Ayy, put the racks in the console (Racks) Ayy, blowin' O's just like Cheerios Pakistanian bitch wanna lay with me (Ayy) I been in the trenches, slangin' since"
374,Killing In The Name,Rage Against The Machine,rock,happy,0.833,88.78,0.661,0.466,0.027,78,"Killing in the name of Some of those that work forces, are the same that burn crosses Some of those that work forces, are the same that burn crosses Some of those that work forces, are the same that burn crosses Some of those that work forces, are the same that burn crosses Ugh!Killing in the name of Killing in the name of Now you do what they told ya Now you do what they told ya Now you do what they told ya Now you do what they told ya And now you do what they told ya And now you do what they t"
375,RNP (feat. Anderson .Paak),YBN Cordae,rap,happy,0.7140000000000001,196.04,0.628,0.611,0.184,78,"One of y'all niggas gon' be fuckin' with me I got two bad bitches gon' be rubbin' my feet I got three young niggas down to bust out the heat And all y'all ain't got nothin' on me Ooh, not one of y'all niggas gon' be fuckin' with me I got two bad bitches gon' be rubbin' my feet I got three young niggas down to bust out the heat And all y'all ain't got nothin' on me Uh, okay, put your fucking hands up, this the fucking anthem Smiling 'cause I'm young, rich, black, and I'm handsome Not to mention w"
376,bad vibes forever,XXXTENTACION,rap,happy,0.526,129.88,0.746,0.799,0.334,78,"Ooh-ooh-ooh, got you grindin' all on that Ridin' on that thang, make a young nigga eyes roll in my brain What we gon' do-ooh-ooh? I can barely keep control Catch the vibe with me, get the feel with me, vibe with me Ooh-ooh-ooh, got you grindin' all on that Ridin' on that thang, make a young nigga eyes roll in my brain What we gon' do-ooh-ooh? I can barely keep control Catch the vibe with me, get the feel with me, vibe with me I said, ""Hey, put your pride right to the side"" (Yeah) I can waste you"
377,Act Up,City Girls,r&b,sad,0.638,97.08,0.313,0.938,0.017,78,"(Earl on the beat) Real ass bitch, give a fuck 'bout a nigga Big Birkin bag, hold five, six figures Stripes on my ass so he call this pussy Tigger Fuckin' on a scammin' ass, rich ass nigga Same group of bitches, ain't no adding to the picture Drop a couple racks, watch this ass get bigger Drinkin' on liquor, and I'm lookin' at your nigga If his money right, he can eat it like a Snicker I ain't got time for you fake ass hoes Talkin' all loud in them fake ass clothes Fake ass shoes match that fake"
378,Leave Me Alone,Flipp Dinero,rap,happy,0.743,150.02,0.742,0.792,0.107,78,"Yeah, yeah Yeah, I miss you but I got no time for that (Damn, yeah) Yeah, ayy, yeah, ayy (Young Forever) Yeah, I miss you but I got no time for that How could you? Wish you had never played me Have no time for that (Damn) Claiming you're my lady, got no time for that How could you move it like you're crazy? I ain't call you back (Damn) Leave me alone Drunk as fuck Bitch you dumb as fuck Running up the bucks (D-damn, ayy) Leave me alone Drunk as fuck Bitch, you dumb as fuck Bitch, you done or wha"
379,Wait a Minute!,WILLOW,r&b,happy,0.705,101.0,0.672,0.764,0.037,78,"Wait a minute I think I left my conscience on your front doorstep, oh Wait a minute I think I left my consciousness in the sixth dimension But I'm here right now, right now (Right now, right now) Just sitting in a cloud, oh wow I'm here right now, right now with you, oh wow, oh wow (Right now, with you) I don't even care I'll run my hands through your hair You wanna run your fingers through mine But my dreads too thick and that's alright Hold on, wait a minute Feel my heart's intention, oh Hold "
380,Envy Me,Calboy,rap,neutral,0.488,149.04,0.584,0.74,0.234,78,"Now I lay me down to sleep (Now I lay me down to sleep), ayy I pray the Lord my soul to keep (I pray the Lord my soul to keep), yeah, ayy Like a locksmith, I got the keys (Like a locksmith, I got the keys), yeah, ayy Pull up, make opp niggas bleed (Pull up, make opp niggas bleed), yeah, ayy I got water like overseas, yeah, ayy (Overseas) Bitch, I ball like NBA (Bitch, I ball like NBA), yeah, ayy Bitch, I ball like MVP (Bitch, I ball like MVP), yeah, ayy I got money, they envy me (I got money, th"
381,Nuketown (feat. Juice WRLD),Ski Mask The Slump God,rap,happy,0.617,149.96,0.632,0.808,0.113,78,"Round one, fight Yeah, yeah The Pharmacy Uh-uh Like a tongue, bitch, I'm looking like a lick, uh-uh Think I'm Thanos, rock diamond my fist, uh-uh Entertainment with your bitch at night like Nick Drake and Josh how we team your bitch, uh-uh Michael Jackson, one glove, I hit, uh-huh Crying in the club with my stick, uh-huh Icky Vicky spit, how I got slimes on deck Metal on me like they just flicked Bic, uh-huh Two girls, two cups, know I had to level up Ate a Mario mushroom quick, uh-huh Know thes"
382,Easy - Remix,DaniLeigh,r&b,neutral,0.301,100.03,0.511,0.799,0.195,78,"Yeah, yeah Let me catch ya vibe, let's just take our time Just relax your mind and take it easy Don't have to decide, you do, I do, I Don't have to be mine, let's take it easy Damn, we so fi', bae Whippin' through the 305 highway Love it how you ride in the fast lane Make me wanna say, ""That's my babe,"" yeah Dani gotta behave, gotta be chill like a Sunday Never wanna look too thirsty But your drip got me feeling wavy Make you feel lucky, lucky Make you wanna love me, love me Baby, when you with "
383,Bang Bang,YNW Melly,rap,neutral,0.522,179.69,0.442,0.657,0.156,78,"Ayy, look Know what I'm sayin', I'm straight out the mud with this shit, you hear me? I be grinding like I'm still poor, you know what I'm saying? That's what you gotta keep doing out here Yeah, yeah, yeah, yeah, yeah, you hear me? YNW Melly You niggas talking like you with it 'til we pulling up Yeah, 'til we pulling up These niggas talking like they with it 'til we pulling up, ayy Bang bang, with the pistol I come bang bang We are not the same, I bang Blood gang Hit your ass, now your ass like "
384,Stairway to Heaven - Remaster,Led Zeppelin,rock,sad,0.34,82.43,0.197,0.338,0.58,78,"NA There's a lady who's sure all that glitters is gold And she's buying a stairway to heaven When she gets there she knows, if the stores are all closed With a word she can get what she came for Ooh, ooh, and she's buying a stairway to heaven There's a sign on the wall but she wants to be sure 'Cause you know sometimes words have two meanings In a tree by the brook, there's a songbird who sings Sometimes all of our thoughts are misgiven Ooh, makes me wonder Ooh, makes me wonder There's a feeling"
385,Dream On,Aerosmith,rock,sad,0.433,160.9,0.224,0.307,0.388,78,"Every time​ that I look in the mirror All these lines on my face getting clearer The past is gone It went by like dusk to dawn Isn't that the way? Everybody's got their dues in life to pay, yeah I know nobody knows Where it comes and where it goes I know it's everybody's sin You got to lose to know how to win Half my life's in books' written pages Lived and learned from fools and from sages You know it's true All the things come back to you Sing with me, sing for the year Sing for the laughter a"
386,Paradise City,Guns N' Roses,rock,neutral,0.952,100.27,0.475,0.273,0.017,78,"Take me down to the Paradise City Where the grass is green and the girls are pretty(Take me home) Oh, won't you please take me home? Take me down to the Paradise City Where the grass is green and the girls are pretty(Take me home) Oh, won't you please take me home? Just an urchin living under the street, I'm a Hard case that's tough to beat I'm your charity case, so buy me something to eat I'll pay you at another time, take it to the end of the line Rags and riches, or so they say, you gotta Kee"
387,Rodeo,Lil Nas X,rap,happy,0.679,140.08,0.657,0.706,0.139,78,"Daytrip took it to 10 (Hey) Oh, here we go, please let me know Oh, 'fore you go, don't leave me in the cold If I took you everywhere, then well, you wouldn't know how to walk If I spoke on your behalf, then well, you wouldn't know how to talk If I gave you everything and everything is what I bought I can take it all back, I never cared 'bout what you thought I didn't mean to make you mad, I don't like when you upset I'ma call you later on, baby girl, don't you forget I'ma take you from this part"
388,Radioactive,Imagine Dragons,edm,sad,0.784,136.24,0.236,0.448,0.106,78,"Whoah-oh Whoah-oh Whoah-oh Whoah I'm waking up to ash and dust I wipe my brow and I sweat my rust I'm breathing in the chemicals Yeah, ah I'm breaking in, shaping up then Checking out on the prison bus This is it, the apocalypse Whoa I'm waking up, I feel it in my bones Enough to make my system blow Welcome to the new age, to the new age Welcome to the new age, to the new age Whoa-oh, whoa I'm radioactive, radioactive Whoa-oh, whoa I'm radioactive, radioactive I raise my flags, don my clothes It"
389,Clout (feat. Cardi B),Offset,rap,neutral,0.622,140.02,0.424,0.919,0.228,78,"Diamonds on fleek Bitch, I ain't talking about the heat, oh Put it on, streets We straight out the streets We straight out the streets Straight out the streets to a penthouse Straight out the streets to a penthouse, Miami beach (Yayo) Niggas talk crazy on tweets (Who) They don't want it 'cause I come to defeat (They don't wanna) I peep, these niggas all sweet (Weak) Bamboo sticks all in the Jeep (Brr, brr) There's a new weirdo every week (Weirdo) Get the whip, put it up for my seats (Put it up) "
390,If I Ain't Got You,Alicia Keys,r&b,sad,0.445,118.39,0.166,0.609,0.603,78,"Some people live for the fortune Some people live just for the fame Some people live for the power, yeah Some people live just to play the game Some people think That the physical things Define what's within And I've been there before And that life's a bore So full of the superficial Some people want it all But I don't want nothing at all If it ain't you, baby If I ain't got you, baby Some people want diamond rings Some just want everything But everything means nothing If I ain't got you, yeah S"
391,Get You (feat. Kali Uchis),Daniel Caesar,r&b,sad,0.294,74.04,0.358,0.658,0.422,78,"Through drought and famine, natural disasters My baby has been around for me Kingdoms have fallen, angels be calling None of that could ever make me leave Every time I look into your eyes I see it You're all I need Every time I get a bit inside I feel it Oooooooh, who would've thought I'd get you Oooooooh, who would've thought I'd get you And when we're making love (uh) Your cries, they can be heard from far and wide It's only the two of us Everything I need between those thighs Every time I loo"
392,PAID MY DUES,NF,rap,sad,0.784,146.0,0.38,0.812,0.136,78,"Clicks, clicks, clicks, they'll do anything to get a few Tick, tick, tick, that's the sound before my head explodes Quit, quit, quit, look at you up on your pedestals Quick, quick, quick, here the critics come, it's time to go I read your article, it kinda hurt me I don't know who hired you or what your friends say in your circle But the fact that you released it tells me two things are for certain They get paid for trashin' people, I get paid 'cause I stay workin' (Yeah) Dropped The Search and "
393,Drowning (feat. Kodak Black),A Boogie Wit da Hoodie,r&b,happy,0.81,129.01,0.814,0.839,0.501,78,"I'm drownin' I'm drownin' I'm drownin' I'm drownin' Wrist so icy, wonder why she like me, bitch I'm drownin'In water, I just bought a Cuban, dipped it in a fountain Everywhere that I go it's a light show, I'm surrounded Bust down, bust down, bust down, bust down, bust down, bitch I'm drownin'I just bought a Cuban ring and dipped it in a fountain Chain so heavy I feel like I'm holdin' up a mountain Everywhere that I go it's a light show, I'm surrounded Bust down, bust down, bust down, bust down, "
394,Seven Nation Army,The White Stripes,rock,sad,0.469,123.91,0.313,0.74,0.006,78,"I'm gonna fight 'em off A seven nation army couldn't hold me back They're gonna rip it off Taking their time right behind my back And I'm talking to myself at night Because I can't forget Back and forth through my mind Behind a cigarette And the message coming from my eyes Says ""Leave it alone"" Don't want to hear about it Every single one's got a story to tell Everyone knows about it From the Queen of England to the Hounds of Hell And if I catch it coming back my way I'm gonna serve it to you An"
395,Otherside,Red Hot Chili Peppers,rock,neutral,0.795,123.23,0.513,0.458,0.003,78,"How long, how long will I slide? Separate my side I don't, I don't believe it's bad Slit my throat, it's all I ever I heard your voice through a photograph I thought it up it brought up the past Once you know you can never go back I've got to take it on the otherside Centuries are what it meant to me A cemetery where I marry the sea Stranger things could never change my mind I've got to take it on the otherside Take it on the otherside Take it on Take it on How long, how long will I slide? Separ"
396,Down Below,Roddy Ricch,rap,sad,0.454,119.97,0.34,0.926,0.036,78,"Scott Storch A nigga came from the bottom, down below'Member them cold nights, I was sleepin' on the floor Always dreamed about the Forgiatto feet, now they down below A nigga got so much money on me, I can't count no more 'Member I was in the project walls, couldn't even get a loan Now these niggas got they hands out, if I ain't give it, I'd be wrong 'Member I was in the county jail none of these bitches wasn't pickin' up the phone Now they bangin' my line, I ain't got time no more A nigga star"
397,This Is Me,Keala Settle,r&b,sad,0.7040000000000001,191.7,0.1,0.284,0.006,78,"I am not a stranger to the dark ""Hideaway,"" they say ""'Cause we don't want your broken parts"" I've learned to be ashamed of all my scars ""Runaway,"" they say ""No one'll love you as you are"" But I won't let them break me down to dust I know that there's a place for us For we are glorious When the sharpest words wanna cut me down I'm gonna send a flood, gonna drown them out I am brave, I am bruised I am who I'm meant to be, this is me Look out 'cause here I come And I'm marching on to the beat I dr"
398,How You Remind Me,Nickelback,rock,neutral,0.764,172.09,0.543,0.446,0.001,78,"Never made it as a wise man I couldn't cut it as a poor man stealing Tired of living like a blind man I'm sick of sight without a sense of feeling And this is how you remind me This is how you remind me of what I really am This is how you remind me of what I really am It's not like you to say sorry I was waiting on a different story This time I'm mistaken For handing you a heart worth breaking And I've been wrong, I've been down Been to the bottom of every bottle These five words in my head Scre"
399,Jump - 2015 Remaster,Van Halen,rock,happy,0.835,129.99,0.796,0.572,0.171,78,"I get up, and nothing gets me down You got it tough, I've seen the toughest around And I know, baby, just how you feel You've got to roll with the punches to get to what's real Oh can't you see me standing here? I've got my back against the record machine I ain't the worst that you've seen Oh can't you see what I mean? Might as well jump (Jump!) Might as well jump Go ahead, jump (Jump!) Go ahead, jump Hey you! Who said that? Baby, how you been? You say you don't know You won't know until we begi"
400,Isis,Joyner Lucas,rap,happy,0.8370000000000001,120.02,0.855,0.918,0.234,78,"Attention Deficit Hyperactivity Disorder, or better known as ADHD, is a mental disorder that affects an individual's ability to focus Causing them to move around more frequently They may also have trouble controlling their impulsive behaviors One time for them prayin' on my downfall (Yeah) Two times for the homies in the chow hall (Whoa) Three times for them hoes on the internet Shittin' on niggas when they really should get out more Four times for the days that were all bad (Woo!) Five times fo"
401,Hey Ya!,OutKast,latin,happy,0.974,79.53,0.965,0.728,0.103,78,"1, 2, 3, uh! My baby don't mess around Because she loves me so, and this I know for sure (Uh) But does she really wanna But can't stand to see me walk out the door? (Ah) Don't try to fight the feeling 'Cause the thought alone is killing me right now (Uh) Thank God for Mom and Dad For sticking to together 'cause we don't know how (C'mon) Hey ya! Hey ya! Hey ya! Hey ya! Hey ya! Hey ya! Hey ya! Hey ya! You think you've got it, oh, you think you've got it But “got it” just don't get it 'til there's "
402,Falling for U,Peachy!,rock,sad,0.358,79.51,0.397,0.516,0.741,78,I was hanging with you And then I realized I didn't think it was true I was surprised When I found out I'd fallen for you I didn't wanna believe My feelings for you I didn't wanna believe That I could lose you If I told you just how I felt But I can't help it I'm falling for you And I can't quit it 'Cause I'm stuck on you And it might be pathetic And you might be skeptical But I just want to be with you Please tell me boy can you Get a clue or come through 'Cause I just want to be with you I'm s
403,Toxicity,System Of A Down,rock,neutral,0.873,116.68,0.481,0.413,0.0,78,"NA Conversion, software version 7.0Looking at life through the eyes of a tire hub Eating seeds as a pastime activity The toxicity of our city, of our city You, what do you own the world? How do you own disorder, disorder? Now, somewhere between the sacred silence Sacred silence and sleep Somewhere between the sacred silence and sleep Disorder, disorder, disorder More wood for their fires, loud neighbors Flashlight reveries caught in the headlights of a truck Eating seeds as a pastime activity Th"
404,All The Small Things,blink-182,rock,happy,0.897,148.73,0.684,0.434,0.01,78,"All the small things True care, truth brings I'll take one lift Your ride, best trip Always, I know You'll be at my show Watching, waiting Commiserating Say it ain't so I will not go Turn the lights off Carry me home Na na na na na na na Na na na na na na na Na na na na na na na Na na na na na na na Late night, come home Work sucks, I know She left me roses by the stairs Surprises let me know she cares Say it ain't so I will not go Turn the lights off Carry me home Na na na na na na na Na na na "
405,Wet Dreamz,J. Cole,r&b,neutral,0.705,175.48,0.584,0.504,0.075,78,"NA Cole, Cole world, yeah Let me take y'all back, man As I do so well Wasn't nothin' like that Man, it wasn't nothin' like that first time, she was in my math class Long hair, brown skin with a fat ass Sat beside me, used to laugh, had mad jokes The teacher always got mad so we passed notes It started off so innocent She had a vibe and a nigga started diggin' it I was a youngin, straight crushin', tryna play the shit cool But a nigga couldn't wait to get to school ‘Cause when I seen them thighs "
406,Arms Around You (feat. Maluma & Swae Lee),XXXTENTACION,latin,sad,0.723,104.97,0.288,0.703,0.03,78,"Oh-oh (Ooh, ooh)(Lil Pump Maluma, baby) Oh, woo-oh-oh, oh, ya-ah-aah Mally, Mally Mall Arms around you Te amo, mami, let me hold you Got my arms right around you, girl, oi Good lovin', arms all around you To make sure no one could harm you Damn, lil mami, let me have you, oi Yes, she drivin' me crazy (Yeah) I take drugs on the daily (Ooh) Pull out the 'Rari or the Mercedes (Which one?) Yeah, she got my heart racing, racing (Yeah) Foreign cars, foreign hoes Yeah, we got a lot of those (Ooh)10 ban"
407,Bring Me To Life,Evanescence,rock,sad,0.943,94.61,0.296,0.331,0.007,78,"How can you see into my eyes like open doors? Leading you down into my core Where I've become so numb, without a soul My spirit's sleeping somewhere cold Until you find it there and lead it back home Wake me up, wake me up inside I can't wake up, wake me up inside Save me, call my name and save me from the dark Wake me up, bid my blood to run I can't wake up, before I come undone Save me, save me from the nothing I've become Now that I know what I'm without You can't just leave me Breathe into m"
408,Have You Ever Seen The Rain,Creedence Clearwater Revival,rock,happy,0.6970000000000001,116.11,0.774,0.741,0.066,78,"Someone told me long ago There's a calm before the storm I know, it's been comin' for some time When it's over, so they say It'll rain a sunny day I know, shinin' down like water I want to know, have you ever seen the rain? I want to know, have you ever seen the rain? Comin' down on a sunny day Yesterday, and days before Sun is cold and rain is hard I know, been that way for all my time'Til forever, on it goes Through the circle, fast and slow I know, it can't stop, I wonder I want to know, have"
409,OTW,Khalid,r&b,sad,0.6779999999999999,72.99,0.28,0.652,0.183,78,"Na, na, na, na, ooh Oh, no, oh, ayy Put it in drive, I'll be outside, I'll be on the way I'll be on the way You can meet me in five, I'll be all night, I'll be a-all day I'll be a-all day Put it in drive, I'll be outside, I'll be on the way I'll be on the way You can meet me in five, I'll be all night, I'll be all day I'll be all day Yeah, yeah, yeah This the type of shit that you been waiting all year for Back in town for a minute if you with it (yeah) Got a lot of time, I just need somewhere t"
410,stupid,Tate McRae,r&b,sad,0.579,96.01,0.262,0.673,0.069,78,"Only think about him on the weekdays and weekends Only in the mornings and evenings Only when I wake up and sleep in Oh my God Should have read the warning on the label, I don't Said, ""Proceed with caution,"" but I won't Guess I do it often, I know I'm already gone (I'm already gone) It's sad but true I'd go to Hell and back if I could go there with you What do I do? Oh my God, I'm a fool Keep on coming back to you I'm so stupid for ya I'm so stupid for ya You're so bad for my health But I just c"
411,Can I Be Him,James Arthur,r&b,neutral,0.5429999999999999,107.97,0.479,0.696,0.308,78,You walked into the room And now my heart's been stolen You took me back in time to when I was unbroken Now you're all I want And I knew it from the very first moment Cause a light came on when I heard that song And I want you to sing it again I swear that every word you sing You wrote them for me Like it was a private show But I know you never saw me When the lights come on and I'm on my own Will you be there to sing it again Could I be the one you talk about in all your stories Can I be him I 
412,Bitter Sweet Symphony,The Verve,rock,neutral,0.917,171.18,0.518,0.356,0.034,78,"'Cause it's a bitter sweet symphony that's life Trying to make ends meet, you're a slave to money then you die I'll take you down the only road I've ever been down You know the one that takes you to the places Where all the veins meet, yeah No change, I can change I can change, I can change But I'm here in my mould I am here in my mould But I'm a million different people from one day to the next I can't change my mould No, no, no, no, no, no, no(Have you ever been down?) Well I've never prayed, "
413,The Chain - 2004 Remaster,Fleetwood Mac,rock,neutral,0.67,151.55,0.481,0.545,0.009,78,"Fuck Listen to the wind blow Watch the sun rise Run in the shadows Damn your love, damn your lies And if you don't love me now You will never love me again I can still hear you saying You would never break the chain (Never break the chain) And if you don't love me now (You don't love me now) You will never love me again I can still hear you saying (Still hear you saying) You would never break the chain (Never break the chain) Listen to the wind blow Down comes the night Run in the shadows Damn y"
414,I Took A Pill In Ibiza - Seeb Remix,Mike Posner,latin,happy,0.713,101.96,0.69,0.663,0.035,78,"I took a pill in Ibiza To show Avicii I was cool And when I finally got sober, felt 10 years older But fuck it, it was something to do I'm living out in LA I drive a sports car just to prove I'm a real big baller cause I made a million dollars And I spend it on girls and shoes But you don't wanna be high like me Never really knowing why like me You don't ever wanna step off that roller coaster And be all alone You don't wanna ride the bus like this Never knowing who to trust like this You don't "
415,Nights,Frank Ocean,r&b,neutral,0.5479999999999999,89.82,0.423,0.466,0.42,78,"NA Round your city, round the clock Everybody needs you No, you can't make everybody equal Although you got beaucoup family You don't even got nobody bein' honest with you Breathe 'til I evaporated My whole body see through Transportation, handmade (G) And I know it better than most people I don't trust 'em anyways You can't break the law with them Get some gushy, have a calm night Shooters killin' left and right Workin' through your worst night If I get my money right You know I won't need you "
416,Welcome to the Black Parade,My Chemical Romance,rock,sad,0.905,96.95,0.236,0.217,0.0,78,"When I was a young boy My father took me into the city To see a marching band He said, ""Son, when you grow up Would you be the savior of the broken The beaten and the damned?"" He said, ""Will you defeat them? Your demons, and all the non-believers The plans that they have made? Because one day, I'll leave you A phantom to lead you in the summer To join the black parade...""When I was a young boy My father took me into the city To see a marching band He said, ""Son, when you grow up Would you be the"
417,REEL IT IN,Aminé,rap,neutral,0.342,128.98,0.423,0.754,0.073,78,"Right now Reel it in I got the bag, tell a friend She got some ass, bring it in Bitch, I'm the news, CNN (Yeah) Reel it in I got the bag, tell a friend She got some ass, bring it in Bitch, I'm the news, CNN (Yeah, hey) Drippin'Rollie got the tick tock missin' (Shinin') Bitch pimpin' (Ayy) Broke niggas got me livid (Wow) You Jordan or Pippen (True), I'm Kobe, I'm never gon' dish it (Or miss it) I'm business as fuck and I ain't got the time to just kick it I don't trust nobody 'cause I can't be fa"
418,I Was Made For Lovin' You,KISS,rock,happy,0.852,128.37,0.867,0.768,0.213,78,"Mmmm, yeah Do, do, do, do, do, do, do, do, do Do, do, do, do, do, do, do Do, do, do, do, do, do, do, do, do Do, do, do, do, do, do, do Tonight I wanna give it all to you In the darkness there's so much I want to do And tonight I wanna lay it at your feet 'Cause, girl, I was made for you And, girl, you were made for me I was made for loving you, baby You were made for loving me And I can't get enough of you, baby Can you get enough of me? Tonight I wanna see it in your eyes Feel the magic, there'"
419,Girls Need Love (with Drake) - Remix,Summer Walker,r&b,sad,0.4320000000000001,97.02,0.09,0.656,0.443,78,"Honestly Honestly, I'm tryna stay focused You must think I've got to be joking when I say I don't think I can wait I just need it now Better swing my way I just need some dick I just need some love Tired of fucking with these lame niggas baby I just need a thug Won't you be my plug, ayy You could be the one, ayy We could start with a handshake baby I'ma need more than a hug Girls can't never say they want it Girls can't never say how Girls can't never say they need it Girls can't never say now G"
420,Go Loko,YG,r&b,sad,0.67,101.0,0.142,0.88,0.299,78,"Mustard on the beat, ho My bitch go loco (Go loco, go loco) María, María, María Slide on a nigga with the .44 (With the .44, with the .44) Yeah, yeah, slide, slide, fo' My bitch so loco (Go loco, go loco, go loco) She bounce that ass like a lolo (Bounce that ass, bounce that ass) Bounce that ass like a lolo (Bounce that ass, bounce that ass, bounce that ass) My bitch go loco (Go loco, go loco) María, María, María Slide on a nigga with the .44 (Ah, ah, ah, ah, ah) Slide, slide, fo' (Go loco) I'll"
421,Go In,Lil Tjay,rap,happy,0.698,122.0,0.799,0.799,0.125,78,"JD On Tha Track Niggas can say what they want, say what they want, they must not want me to win This shit not cap or pretend, I lost a friend, I see an opp, I go in Got me some shit that extend, you just all talk, how you ain't never come spin? I told my mama to grin, we at the top, I ain't been broke in a min' Father, my bad for the sin, since I begin, I just got lost in the wind I had to save up for bro, he need a lawyer, he gotta come home again I need like fifty a show, that's how it go, I p"
422,Kraazy,Likybo,rap,sad,0.701,94.98,0.37,0.689,0.314,78,"New school Turn me up a little bit Yeah, uh, uh Uh-huh It's Liky Bo in this thing, man, huh See your face Shit, I mean I, I guess I I guess I kinda, I kinda am a rapper, so I wrote this song It's about you, I mean You can listen to it if you want to, here it go, look You actin' naughty in this party, the way you movin' your body Tryna get you to the room and beat that pussy like I'm Ali Pretty sure you heard about me, so you know I'm makin' statements When I'm done with you, girl, don't try to c"
423,Roxanne,The Police,rock,happy,0.748,134.11,0.663,0.618,0.038,77,Ah ha ha ha Roxanne You don't have to put on the red light Those days are over You don't have to sell your body to the night Roxanne You don't have to wear that dress tonight Walk the streets for money You don't care if it's wrong or if it's right Roxanne You don't have to put on the red light Roxanne You don't have to put on the red light (Roxanne) Put on the red light (Roxanne) Put on the red light (Roxanne) Put on the red light (Roxanne) Put on the red light (Roxanne) Put on the red light Oh 
424,Pure Cocaine,Lil Baby,rap,sad,0.487,127.05,0.107,0.964,0.001,77,"When your wrist like this, you don't check the forecast Every day it's gon' rain, yeah Made a brick through a brick, ain't whip up shit This pure cocaine, yeah From the streets, but I got a little sense But I had to go coupe, no brain (Coupe, no brain) Ain't worried 'bout you, I'ma do what I do And I do my thing (Do my thing) Bought her brand new shoes, told her kick rocks Don't stand too close, diamonds kickbox Think red means go so I don't stop I know they wish they could catch me, but keep wi"
425,Bad and Boujee (feat. Lil Uzi Vert),Migos,rap,sad,0.665,127.08,0.175,0.927,0.061,77,"You know, young rich niggas You know somethin', we ain't really never had no old money We got a whole lotta new money though, hah(If Young Metro don't trust you, I'm gon' shoot you) Hey! Raindrop (Drip), drop-top (Drop-top) Smokin' on cookie in the hotbox (Cookie) Fuckin' on your bitch, she a thot, thot (Thot) Cookin' up dope in the crockpot (Pot) We came from nothin' to somethin', nigga (Hey) I don't trust nobody, grip the trigger (Nobody) Call up the gang and they come and get ya (Gang) Cry me"
426,One,U2,rock,sad,0.534,181.3,0.325,0.392,0.245,77,"Is it getting better Or do you feel the same? Will it make it easier on you, now You got someone to blame? You say one love, one life When it's one need in the night One love, we get to share it Leaves you, baby, if you don't care for it Did I disappoint you Or leave a bad taste in your mouth? You act like you never had love And you want me to go without Well, it's too late tonight To drag the past out into the light We're one, but we're not the same We get to carry each other, carry each other "
427,Trampoline,SHAED,r&b,neutral,0.412,126.75,0.537,0.689,0.488,77,"I've been havin' dreams Jumpin' on a trampoline Flippin' in the air I never land, just float there As I'm lookin' up Suddenly the sky erupts Flames alight the trees, spread to fallin' leaves Now they're right upon me Wait, if I'm on fire How am I so deep in love? When I dream of dyin' I never feel so loved (So loved) I've been havin' dreams Splashin' in the summer stream Trip and I fall in I wanted it to happen My body turns to ice Crushin' weight of paradise Solid block of gold, lyin' in the co"
428,You Make My Dreams,Daryl Hall & John Oates,rock,happy,0.501,167.06,0.902,0.751,0.234,77,"What I want, you've got But it might be hard to handle Like the flame that burns the candle The candle feeds the flame yeah yeah What I got -- full stock of thoughts and dreams that scatter And you pull them all together And how? I can't explain, oh yeah Well well you (ooh ooh ooh ooh) You make my dreams come true (you you) you (you you) Well well well you (ooh ooh ooh ooh) Oh yeah you make my dreams come true (ooh oooh ooh ooh) hell yeah On a night when bad dreams become a screamer When they're"
429,Tennessee Whiskey,Chris Stapleton,latin,neutral,0.37,48.72,0.512,0.392,0.205,77,"Used to spend my nights out in a barroom Liquor was the only love I'd known But you rescued me from reachin' for the bottom And brought me back from bein' too far gone You're as smooth as Tennessee whiskey You're as sweet as strawberry wine You're as warm as a glass of brandy And honey, I stay stoned on your love all the time I've looked for love in all the same old places Found the bottom of a bottle's always dry But when you poured out your heart, I didn't waste it 'Cause there's nothin' like "
430,Everlong,Foo Fighters,rock,sad,0.882,158.07,0.356,0.412,0.0,77,"Hello, I've waited here for you Everlong Tonight, I throw myself into And out of the red Out of her head, she sang Come down, and waste away with me Down with me Slow how you wanted it to be I'm over my head, out of her head she sang And I wonder when I sing along with you If everything could ever feel this real forever If anything could ever be this good again The only thing I'll ever ask of you You've got to promise not to stop when I say when She sang Breathe out, so I can breathe you in Hold"
431,So Sick,Ne-Yo,r&b,neutral,0.574,92.79,0.58,0.452,0.246,77,"Mmm, mmm, yeah Do, do, do, do, do, do, do-do Oh, yeah Gotta change my answering machine Now that I'm alone 'Cause right now it says that we Can't come to the phone And I know it makes no sense 'Cause you walked out the door But it's the only way I hear your voice anymore (It's ridiculous) It's been months And for some reason I just (can't get over us) And I'm stronger than this (enough is enough) No more walking round With my head down I'm so over being blue Crying over you And I'm so sick of lo"
432,goodbye,Billie Eilish,r&b,sad,0.138,74.32,0.05,0.153,0.837,77,"Please, please Don't leave﻿ me Be It's not true Take me to the rooftop Told you not to worry What do you want from me? Don't ask questions Wait a minute Don't you know I'm no good for you? Baby, I don't feel so good And all the good girls go ﻿to Hell Bite my tongue, bide my time What is it about them? I'm the bad guy"
433,Future Nostalgia,Dua Lipa,r&b,happy,0.813,114.99,0.859,0.875,0.006,77,"Future (Future nostalgia) (Future nostalgia) (Future nostalgia) You want a timeless song, I wanna change the game Like modern architecture, John Lautner coming your way I know you like this beat 'cause Jeff's been doin' the damn thing You wanna turn it up loud, Future Nostalgia is the name (Future nostalgia) I know you're dying trying to figure me out My name's on the tip of your tongue, keep running your mouth You want the recipe, but can't handle my sound My sound, my sound (Future, future nos"
434,Death,Trippie Redd,rap,happy,0.82,164.0,0.613,0.802,0.058,77,"Ya dig? You gon' die You gon' die You gon' die Yeah, uh, what that mean? Yeah, what that mean? I'm outside, pop out gang with the team, bitch, uh What that mean? We all lit, that's on gang, that's on me, bitch, uh Yeah, huh, murder, murder, slatt (Yeah) Choppa big, it blow you back (Yeah) Hanging with them slatts (Yeah) Pussy nigga, we tote gats (Yeah, yeah) Nigga, you get whacked (Gang, gang) That's on gang and that's all facts, uh (Yeah, yeah) We shoot .223's (Bah), we'll take your life (Gang)"
435,Ladbroke Grove,AJ Tracey,rap,happy,0.8390000000000001,133.99,0.727,0.903,0.094,77,"No one sees No one- One- No one sees No one sees No one sees No one- One- No one sees No one- (Conducta) No one knows the pain No one sees what I see in you No one feels the same No one sees myself like you do Yo, it's the hyperman set AJ Tracey, live and direct DJ mash up the, mash up the deck The microphone champ is live and direct And again, it's the hyperman set (Yeah) AJ Tracey, live and direct (Who?) DJ mash up the, mash up the deck The microphone champ is live and direct I said bubble, vi"
436,Crazy Train,Ozzy Osbourne,rock,neutral,0.906,137.57,0.473,0.453,0.361,77,"All aboard! Hahahahahahahaaaa! Ay (Ay-ay-ay-ay-ay-ay) Crazy, but that's how it goes Millions of people living as foes Maybe it's not too late To learn how to love and forget how to hate Mental wounds not healing Life's a bitter shame I'm going off the rails on a crazy train I'm going off the rails on a crazy train Let's go! I've listened to preachers, I've listened to fools I've watched all the dropouts who make their own rules One person conditioned to rule and control The media sells it and yo"
437,Shoota (feat. Lil Uzi Vert),Playboi Carti,rap,neutral,0.649,153.07,0.48,0.674,0.191,77,"Yeah Now Now is my time Now is my time(That-that-that-that-that-that be Maaly Raw) Everybody rock with me because I'm up now Took your girl and I'ma score like I made the touchdown Swervin' in that Lambo', doors go up, not on a bus now Used to want a G-Shock, now I'm walking with a bustdown Pull up and I'm flooded with a iced out watch Whip, it look like butter, baby, pecan drop Pecan drop, put that four in Sun Drop Stack my knots, count a lot, saw a lot Got them rocks, diamond rocks, whip the p"
438,Mother's Daughter,Miley Cyrus,r&b,neutral,0.865,91.02,0.528,0.681,0.005,77,"Hallelujah, I'm a freak, I'm a freak, hallelujah Every day of the week, I'ma do ya like I want to I'm a Nile crocodile, a piranha Oh my God, she got the power Oh, look at her, she got the power So, so, so Don't fuck with my freedom I came up to get me some I'm nasty, I'm evil Must be something in the water or that I'm my mother's daughter Don't fuck with my freedom I came up to get me some I'm nasty, I'm evil Must be something in the water or that I'm my mother's daughter So, back up, back up, b"
439,Mr. Brightside,The Killers,rock,sad,0.924,148.02,0.232,0.356,0.001,77,"Coming out of my cage and I've been doing just fine Gotta gotta be down because I want it all It started out with a kiss, how did it end up like this? It was only a kiss, it was only a kiss Now I'm falling asleep and she's calling a cab While he's having a smoke and she's taking a drag Now they're going to bed and my stomach is sick And it's all in my head, but she's touching his Chest now, he takes off her dress now Let me go I just can't look, it's killing me And taking control Jealousy, turni"
440,Let Me Love You,Mario,r&b,neutral,0.578,94.51,0.556,0.656,0.235,77,"Mmmm Mmmmm Yeah Mmmmm Yeah, yeah, yeah Mmmm Yeah Mmmm Yeah, yeah Baby, I just don't get it, do you enjoy being hurt? I know you smelled the perfume, the make-up on his shirt You don't believe his stories, you know that they're all lies Bad as you are, you stick around and I just don't know why If I was ya' man, baby, you'd... Never worry 'bout what I do I'd be coming home back to you... Every night, doing you right You're the type of woman deserves good things Fistful of diamonds hand full of ri"
441,Broken,Lund,rap,sad,0.581,134.0,0.145,0.828,0.042,77,Will you end my pain? Will you take my life? Will you bleed me out? Will you hang me out to dry? Will you take my soul in the midnight rain? While I'm falling apart While I'm going Will you end my pain? Will you take my life? Will you bleed me out? Will you hang me out to dry? Will you take my soul in the midnight rain? While I'm falling apart While I'm going Insane A lot of people are searching for happiness. They're looking for it. They're trying to find it in someone or something outside of t
442,Unsteady,X Ambassadors,latin,sad,0.665,117.06,0.199,0.389,0.178,77,"Hold, hold on, hold on to me 'Cause I'm a little unsteady, a little unsteady Hold, hold on, hold on to me 'Cause I'm a little unsteady, a little unsteady Mama, come here Approach, appear Daddy, I'm alone 'Cause this house don't feel like home If you love me, don't let go, woah If you love me, don't let go Hold, hold on, hold on to me 'Cause I'm a little unsteady, a little unsteady Hold, hold on, hold on to me 'Cause I'm a little unsteady, a little unsteady Mother, I know That you're tired of bei"
443,Landslide,Fleetwood Mac,rock,neutral,0.161,159.38,0.423,0.414,0.883,77,"I took my love, took it down I climbed a mountain, and I turned around And I saw my reflection in the snow-covered hills Till the landslide brought me down Oh, mirror in the sky, what is love? Can the child within my heart rise above? Can I sail through the changing ocean tides? Can I handle the seasons of my life? Hmmmm Well, I've been afraid of changing 'Cause I've built my life around you But time makes you bolder, even children get older And I'm getting older too NA Well, I've been afraid of"
444,Kill Yourself (Part III),$uicideBoy$,rap,sad,0.679,105.98,0.19,0.753,0.324,77,"This a $crim beat DJ $crim with that 808 $ui, $ui-cide, $uicide, $ui, $ui-cide $ui, $ui-cide, $uicide, $uicide $ui, $ui-cide, $uicide, $ui, $ui-cide $ui, $ui-cide, $uicide, $uicide They figure me a dead motherfucker Leaving motherfucker's heads stuck under the covers But I wonder if they know I got a $uicide kit? Granting me a death wish, razor blade slidin' up my wrist, uh Unleash the lead from my pistol into my head Pourin' Cristal on my dead body Teflon Don, leave you lookin' fresh, sprawled "
445,Sky Walker (feat. Travis Scott),Miguel,r&b,sad,0.506,145.96,0.183,0.674,0.173,77,"Quick to dead the bull like a matador Quick to dead the bull like a matador Bull, bull, bull like a matador Quick to dead the bull like a matador Cap and a stem, catch a wave on us (splish) Take a shot, make a friend, just enjoy the moment I'm Luke Skywalkin' on these haters (splish) Celebrate every day like a birthday Good things come to those that wait up (splish) But don't wait to jump in too long Don't sleep, you gotta stay up (splish) Don't, don't sleep, you gotta stay up Yeah, yeah, yeah I"
446,Mad Love,Mabel,latin,happy,0.7959999999999999,197.7,0.62,0.622,0.667,77,"Boy, you lookin' like my type But tell me, can you hit it right?'Cause if I let you in tonight You better put it do-do-down, do-do-down Now we're through with all the talk I ain't playing anymore You heard me when I said before You better put it do-do-down, do-do-down Made me say You know what I like, like, like, like Come put your body on mine, mine, mine, mine Keep it up all night, night, night, night Don't let me down, do-do-down All night, give me mad love All night, give me mad love All nig"
447,Dangerous Woman,Ariana Grande,latin,sad,0.602,133.97,0.29,0.662,0.053,77,"Don't need permission Made my decision to test my limits'Cause it's my business, God as my witness Start what I finished Don't need no hold up Taking control of this kind of moment I'm locked and loaded Completely focused, my mind is open All that you got Skin to skin, oh my God Don't you stop, boy Somethin' 'bout you makes me feel like a dangerous woman Somethin' 'bout, somethin' 'bout, somethin' 'bout you Makes me wanna do things that I shouldn't Somethin' 'bout, somethin' 'bout, somethin' 'bo"
448,MAMACITA,Tyga,rap,sad,0.733,101.05,0.358,0.786,0.026,77,"Ayy, Rvssian Mamacita Where you at? I've been tryna reach ya So pull up, baby, can I see ya? (Yeah) I'm down to meet ya (Ayy) Holdin' me, she want control of me Mamacita (Yeah) Where you at? I've been tryna reach ya (Pull up) So pull up, baby, can I see ya? (Yeah) I'm down to meet ya (Yeah) Holdin' me, she want control of me (Ayy) Mamacita (What's up?) We could bang, we could blow the speakers (Yeah) You could be my piece of Nice, ah (Go) Señorita (Go), black Selena (Go), miss Anitta (Ayy) I can"
449,Dilemma,Nelly,rap,happy,0.552,168.19,0.607,0.727,0.227,77,"I love you And I need you Nelly, I love you I do need you No matter what I do (woo!) All I think about is you Even when I'm with my boo Boy, you know I'm crazy over you No matter what I do All I think about is you Even when I'm with my boo You know I'm crazy over you I met this chick and she just moved right up the block from me And uh, she got the hots for me The finest thing my hood done seen But oh no, oh no She got a man and a son though But that's okay 'cause I Wait for my cue and just list"
450,You & Me,James TW,r&b,happy,0.6859999999999999,127.02,0.828,0.714,0.203,77,"I didn't mean to hurt you So why'd I let you walk out the door? You say that you don't know me You don't know who I am anymore But if you knew the truth, then Then you wouldn't feel insecure 'Cause if I didn't have you I wouldn't have nothing at all I wish you could see yourself through my eyes I always forget that you can't read my mind As long as I got you and me Moving through this world as a two-man team I'll always have everything I need You don't even realise what you mean No one could fal"
451,Him & I (with Halsey),G-Eazy,r&b,sad,0.731,87.91,0.191,0.589,0.053,77,"Cross my heart, hope to die To my lover, I'd never lie He said ""be true,"" I swear I'll try In the end, it's him and I He's out his head, I'm out my mind We got that love, the crazy kind I am his, and he is mine In the end, it's him and I, him and I My '65 speeding up the PCH, a hell of a ride They don't wanna see us make it, they just wanna divide2017 Bonnie and Clyde Wouldn't see the point of living on if one of us died, yeah Got that kind of style everybody try to rip off YSL dress under when "
452,Perfect Duet (Ed Sheeran & Beyoncé),Ed Sheeran,r&b,sad,0.299,94.99,0.356,0.587,0.779,77,"I found a love for me Oh darling, just dive right in and follow my lead Well, I found a girl, beautiful and sweet Oh, I never knew you were the someone waitin' for me'Cause we were just kids when we fell in love Not knowin' what it was I will not give you up this time But darling, just kiss me slow, your heart is all I own And in your eyes, you're holding mine Baby, I'm dancing in the dark with you between my arms Barefoot on the grass, listening to our favourite song When you said you looked a "
453,Your Body Is a Wonderland,John Mayer,rock,happy,0.7290000000000001,94.01,0.687,0.647,0.021,77,"We got the afternoon You got this room for two One thing I've left to do Discover me, discovering you One mile to every inch of Your skin like porcelain One pair of candy lips and Your bubblegum tongue And if you want love we'll make it Swim in a deep sea of blankets I take all your big plans and break 'em This is bound to be a while Your body is a wonderland Your body is a wonder, I'll use my hands Your body is a wonderland Something 'bout the way Your hair falls in your face I love the shape y"
454,My Boo,Usher,r&b,happy,0.507,86.41,0.676,0.662,0.257,77,"There's always that one person that will always have your heart You never see it coming 'cause you're blinded from the start Know that you're that one for me, it's clear for everyone to see Oh baby, ooh, yeah (You gotta rock away to this one) You will always be my boo See, I don't know 'bout y'all, but I know about us and, uh (Oh!) It's the only way we know how to rock I don't know 'bout y'all, but I know about us and, uh (Oh!) It's the only way we know how to rock Do you remember, girl? I was t"
455,Knockin' On Heaven's Door,Guns N' Roses,rock,sad,0.7390000000000001,132.41,0.378,0.496,0.021,77,"Ooh, ooh Hey Mama, take this badge from me I can't use it anymore It's gettin' dark, too dark to see Feels like I'm knockin' on heaven's door Knock-knock-knockin' on heaven's door, hey, hey, hey hey yeah Knock-knock-knockin' on heaven's door, ooh Knock-knock-knockin' on heaven's door, ooh yeah Knock-knock-knockin' on heaven's door, ayy hey yeah Oh, yeah, oh yeah, aw Mama, put my guns in the ground (Ooh) I can't shoot them anymore (Ooh) That cold black cloud is comin' down (Ooh) Feels like I'm kn"
456,Pretty Little Fears (feat. J. Cole),6LACK,r&b,sad,0.458,192.1,0.246,0.61,0.696,77,"Do better, who better? You better? Been around, like hella, propellers Wanna know who you with, don't tell 'em Come on fellas, that ain't none of your biz' Got on your body suit, you know I'm on your ass today Would you let me hit it thrice if I asked today? She know my stick nothing but magic babe I be swinging it back and forth, 'til you in your casket, bae, mm Girl, you want my best side, mm Bet she from the westside, mm, mm Now I just wanna know Don't you sugarcoat I'll say it all if you wan"
457,Right Back (feat. A Boogie Wit Da Hoodie),Khalid,r&b,neutral,0.428,97.0,0.556,0.786,0.093,77,"Power Got me sittin' by my phone, I've been waiting for hours On my line, sending mirror pics of you fresh out the shower So I might as well swing over to your place (Mmm, nah) It's crowded In LA, but I'll be there at 8 if the traffic allows it Say you're down, I could show you around If you're really about it, yeah But for you, I got something to prove, what do you say? What do you say? Should we bring it right back? Honestly, it's better like that I know we've been falling off track Bring it r"
458,Uptown Girl,Billy Joel,rock,happy,0.943,128.99,0.791,0.701,0.075,77,Uptown girl She's been living in her uptown world I bet she's never had a backstreet guy I bet her momma never told her why I'm gonna try for an Uptown girl She's been living in her white bread world As long as anyone with hot blood can And now she's looking for a downtown man That's what I am And when she knows what She wants from her time And when she wakes up And makes up her mind She'll see I'm not so tough Just because I'm in love with an Uptown girl You know I've seen her in her uptown wor
459,Ms. Jackson,OutKast,rap,happy,0.805,94.95,0.615,0.843,0.142,77,"Yeah, this one right here goes out To all the baby's mamas' mamas Mamas, mamas, baby mamas' mamas Yeah, go like this I'm sorry, Ms. Jackson, ooh, I am for real Never meant to make your daughter cry I apologize a trillion times I'm sorry, Ms. Jackson, ooh, I am for real Never meant to make your daughter cry I apologize a trillion times My baby's drama mama don't like me She be doin' things like havin' them boys Come from her neighborhood to the studio, tryna fight me She needs to get a piece of t"
460,Somewhere Only We Know,Keane,rock,sad,0.665,172.0,0.304,0.448,0.06,77,"I walked across an empty land I knew the pathway like the back of my hand I felt the earth beneath my feet Sat by the river, and it made me complete Oh, simple thing, where have you gone? I'm getting old and I need something to rely on So tell me when you're gonna let me in I'm getting tired and I need somewhere to begin I came across a fallen tree I felt the branches of it looking at me Is this the place we used to love? Is this the place that I've been dreaming of? Oh, simple thing, where have"
461,Dust in the Wind,Kansas,rock,sad,0.322,93.5,0.387,0.475,0.367,77,"I close my eyes, only for a moment And the moment's gone All my dreams pass before my eyes, a curiosity Dust in the wind All they are is dust in the wind Same old song, just a drop of water In an endless sea All we do crumbles to the ground Though we refuse to see Dust in the wind All we are is dust in the wind Oh, ho, ho NA Now, don't hang on, nothing lasts forever but the earth and sky It slips away, and all your money won't another minute buy Dust in the wind All we are is dust in the wind (A"
462,Love Galore (feat. Travis Scott),SZA,r&b,neutral,0.594,135.0,0.409,0.795,0.111,77,"I need, I need I need, I need I need, I need I need, I need I need, I need Love, love, love, love 'Long as we got Love, love, love oh 'Long as we got Done with these niggas I don't love these niggas I dust off these niggas Do it for fun Don't take it personal Personally, I'm surprised you called me after the things I said Skrt skrt on niggas (Yah) Skrt up on niggas (True) Skrt down, you acting like me (Yah) Acting like we wasn't more than a summer fling I said farewell, you took it well (True) P"
463,Caroline,Aminé,r&b,happy,0.335,120.04,0.707,0.941,0.17,77,"Listen man What's up? I heard you done got you a dime piece, man Hell naw, man One of them Beyoncé, Meagan Good types, man Nah, nah, nah Is that true, man? I just wanna know Probably not I mean, shit to be honest with you, man, she's a... Bad thang, fine as hell, thick as fuck Oh my god, that's my baby Caroline, you divine Mighty fine Shawty really blow the pipe (That's true) Like a pro Aha, fuck you thought? Holy shit, I'm really lit It's looking like it's 'bout time to fuck it up (Word) Caroli"
464,In Da Club,50 Cent,rap,happy,0.713,90.05,0.777,0.899,0.255,77,"NA Go, go, go, go, go, go Go Shorty, it's your birthday We gon' party like it's your birthday And we gon' sip Bacardi like it's your birthday And you know we don't give a fuck, it's not your birthday You can find me in the club, bottle full of bub' Look, mami, I got the X if you into takin' drugs I'm into havin' sex, I ain't into makin' love So come give me a hug if you into gettin' rubbed You can find me in the club, bottle full of bub' Look, mami, I got the X if you into takin' drugs I'm into "
465,Wind Of Change,Scorpions,rock,sad,0.524,151.5,0.246,0.452,0.315,77,(Whistling) I follow the Moskva Down to Gorky Park Listening to the wind of change An August summer night Soldiers passing by Listening to the wind of change (Whistling) The world is closing in And did you ever think? That we could be so close? Like brothers The future's in the air I can feel it everywhere Blowing with the wind of change Take me to the magic of the moment On a glory night Where the children of tomorrow dream away(dream away) In the wind of change (mmmmmmm) Walking down the stree
466,Kryptonite,3 Doors Down,rock,neutral,0.865,99.01,0.543,0.545,0.007,77,"Well, I took a walk around the world to ease my troubled mind I left my body lying somewhere in the sands of time But I watched the world float to the dark side of the moon I feel there's nothing I can do, yeah I watched the world float to the dark side of the moon After all I knew, it had to be something to do with you I really don't mind what happens now and then As long as you'll be my friend at the end If I go crazy, then will you still call me Superman? If I'm alive and well, will you be th"
467,Love Me More,Trippie Redd,rap,sad,0.539,83.38,0.247,0.638,0.22,77,"Internet Money, bitch Hahahaha, Nick, you're stupid I wish that you would love me (Love me) I wish that you would love me more Nobody else but me (But me) Like, shawty, what you asking for? (Yeah) And lil' bitch, I'm right here, ayy Like, shawty, what you looking for? Yay, yay I ain't goin', uh, I ain't goin' away Like, shawty, right there, right there, ayy (Yeah) Nobody can compare, can compare I know it ain't fair (Ain't fair), ain't fair (Yeah) All mine (Yeah), all (Yeah, huh) You're all mine"
468,Formation,Beyoncé,r&b,happy,0.621,121.97,0.818,0.896,0.005,77,"What happened at the New Wil'ins? Bitch, I'm back by popular demand Y'all haters corny with that Illuminati mess Paparazzi, catch my fly and my cocky fresh I'm so reckless when I rock my Givenchy dress (Stylin') I'm so possessive so I rock his Roc necklaces My daddy Alabama, momma Louisiana You mix that negro with that Creole, make a Texas bama I like my baby hair with baby hair and afros I like my negro nose with Jackson Five nostrils Earned all this money, but they never take the country out m"
469,Diamonds (with Normani),Megan Thee Stallion,rap,neutral,0.753,94.01,0.488,0.785,0.188,77,"Diamonds are a girl's best friend (Tiffany) Di-Diamonds are a girl's best friend Southern girl like me, I ain't afraid to catch a case VVS' on me and I flooded out the face (Hey, hey, Cartier) Diamonds are a girl's best friend (Tiffany) Di-Diamonds are a girl's best friend I don't need you, I got flooded out baguettes I don't need you, all my diamonds drippin' wet (Cartier) I'm a super she-ro, bitch, don't try me, ho Bad like a villain, I pop it and then I reload All the best things in life come"
470,Weekend (feat. Miguel),Mac Miller,rap,sad,0.435,120.06,0.19,0.843,0.47,77,"Yeah, yeah, yeah, yo Yeah, yeah, yeah, yo Yeah, yeah, yeah, yo Uh, uh, uh, uh Yeah, yeah, yeah, yo Yo, now I got a little bit of money fillin' my pockets Roll around like I run this shit I got a system filled up with toxins I've been broken-hearted, now it's fuck that bitch Getting high to deal with my problems Fucking bitches, getting drunk as shit But these bitches getting obnoxious They nothin' to me though I love this shit Go long days, longer nights Talk too much, the wrong advice All the l"
471,Finesse - Remix; feat. Cardi B,Bruno Mars,r&b,happy,0.8590000000000001,105.12,0.926,0.704,0.018,77,"Ooh, don't we look good together? There's a reason why they watch all night long Yeah, know we'll turn heads forever So tonight I'm gonna show you off When I'm walkin' with you I watch the whole room change Baby, that's what you do No my baby don't play Blame it on my confidence Oh, blame it on your measurements Shut that shit down on sight That's right We out here drippin' in finesse It don't make no sense Out here drippin' in finesse You know it, you know it We out here drippin' in finesse It "
472,Teenagers,My Chemical Romance,rock,happy,0.857,111.65,0.856,0.463,0.051,77,"They're gonna clean up your looks With all the lies in the books To make a citizen out of you Because they sleep with a gun And keep an eye on you, son So they can watch all the things you do Because the drugs never work They're gonna give you a smirk 'Cause they got methods of keeping you clean They're gonna rip up your heads Your aspirations to shreds Another cog in the murder machine They said ""All teenagers scare the living shit out of me They could care less as long as someone'll bleed""So, "
473,"Camelot (feat. Yo Gotti, BlocBoy JB & Moneybagg Yo) - Remix",NLE Choppa,rap,happy,0.88,175.01,0.857,0.79,0.324,77,"Yeah Fresh DuzIt Yeah Huh? Huh? Huh? I ain't gon' say too much when a nigga speakin' on that hot shit Fuck the police 'cause them bitches ain't gon' stop shit Oppositions mad, if they play they gettin' popped quick Flyest nigga in the game, yeah, I'm a cockpit Posted on Camelot with a hundred some shottas I be swimmin' with the sharks, lil' nigga, you a lobster Bullets heat a nigga up, like he eatin' on some pasta And shout out to Kingston, I keep me some Rastas My niggas trappin' out the bando,"
474,Hotline Bling,Drake,edm,neutral,0.625,134.97,0.548,0.891,0.003,77,"You used to call me on my You used to, you used to Yeah You used to call me on my cell phone Late night when you need my love Call me on my cell phone Late night when you need my love And I know when that hotline bling That can only mean one thing I know when that hotline bling That can only mean one thing Ever since I left the city, you Got a reputation for yourself now Everybody knows and I feel left out Girl, you got me down, you got me stressed out ‘Cause ever since I left the city, you Star"
475,Behind Barz - Bonus,Drake,rap,sad,0.5539999999999999,142.07,0.272,0.854,0.769,77,"Yeah, look You know how the paigon chit-chat goes I like R's and V's and O's I don't really play no tic-tac-toe Been with Chubbs through highs and lows We seen man last night, they froze Wasn't no cameras, wasn't no pose Just like that one time at 'Chella Good thing man weren't pullin' out phones Stay in big six-six with woes Man start dissin' and doin' reposts They do anything except road Still can't see them after it snows I don't have time for the wasteman jokes Personal ting if I'm gettin' u"
476,Ambitionz Az A Ridah,2Pac,rap,happy,0.908,87.28,0.805,0.801,0.003,77,"I won't deny it, I'm a straight ridah You don't wanna fuck with me Got the police bustin' at me But they can't do nothin' to a GLet's get ready to rumble! Now, you know how we do it, like a G What really go on in the mind of a nigga That get down for theirs Constantly, money over bitches Not bitches over money Stay on your grind, nigga My ambitions as a ridah My ambitions as a ridah So many battlefield scars while driven in plush cars This life as a rap star is nothin' without guard Was born rou"
477,Monster,LUM!X,edm,happy,0.794,128.16,0.607,0.83,0.025,77,Monster How should I feel? Creatures lie here Looking through the window Monster How should I feel? Creatures lie here Looking through the window Monster How should I feel? Creatures lie here Looking through the window Monster How should I feel? Creatures lie here Looking through the window Monster monster monster monster Mon mon mon mon Monster How should I feel? Monster How should I feel? Monster How should I feel? Creatures lie here Looking through the window Monster How should I feel? Creatu
478,I Think I Luv Her,Tyla Yaweh,rap,happy,0.608,84.0,0.836,0.902,0.0,77,"Cash Money AP Hitmaka Right now, sound Oh, she walkin' like a lick when she wobble it I think I love that bitch when she really poppin' it Oh, I'm walkin' with a stick like I'm moppin' it Two-tone on the tick, ain't no toppin' it Oh, she walkin' like a lick when she wobble it I think I love that bitch when she really poppin' it Oh, I'm walkin' with a stick like I'm moppin' it Two-tone on the tick, ain't no toppin' it Caught up in crazy girls with my side chick (Side) Playing so stupid, like, ""Th"
479,Piece Of Your Heart - Alok Remix,MEDUZA,edm,sad,0.86,124.03,0.192,0.797,0.031,77,"Show me a piece of your heart, a piece of your love I'm calling you up to gettin' down, down, down The way that we touch is never enough I'm turning you up to gettin' down, down Show me a piece of your heart, a piece of your love I'm calling you up to gettin' down, down, down The way that we touch is never enough I'm turning you up to gettin' down, down, down What? Sorry, just quickly What if it's da, da, da, uh, uh Da, da, da, uh, uh Down, down, down Uh, da, da, da, uh, uh Da, da, da, uh, uh Da"
480,Drops of Jupiter,Train,rock,neutral,0.64,79.3,0.499,0.468,0.154,77,"Now that she's back in the atmosphere With drops of Jupiter in her hair, hey She acts like summer and walks like rain Reminds me that there's a time to change, hey Since the return from her stay on the moon She listens like spring and she talks like June, hey But tell me, did you sail across the sun? Did you make it to the Milky Way To see the lights all faded And that heaven is overrated? Tell me, did you fall from a shooting star? One without a permanent scar And did you miss me While you were"
481,Unsainted,Slipknot,rock,sad,0.946,101.3,0.237,0.427,0.0,77,"Oh, I'll never kill myself to save my soul I was gone, but how was I to know? I didn't come this far to sink so low I'm finally holding on to letting go (I'll never kill myself to save my soul) I'm finally holding on to letting go (I didn't come this far to sink so low) I'm finally holding on to letting go I'm just weathering a rough patch Another villain with an itch to scratch Denial is the darkest when you live in a hole Why does the hell make you feel so cold? Make a move and you pay for it "
482,8 Letters,Why Don't We,r&b,sad,0.478,88.98,0.255,0.607,0.649,77,"You know me the best You know my worst, see me hurt, but you don't judge That, right there, is the scariest feeling Opening and closing up again I've been hurt so I don't trust Now here we are, staring at the ceiling I've said those words before but it was a lie And you deserve to hear them a thousand times If all it is is eight letters Why is it so hard to say? If all it is is eight letters Why am I in my own way? Why do I pull you close And then ask you for space If all it is is eight letters "
483,Chasing Cars,Snow Patrol,rock,sad,0.5920000000000001,104.02,0.136,0.563,0.209,77,We'll do it all Everything On our own We don't need Anything Or anyone If I lay here If I just lay here Would you lie with me And just forget the world? I don't quite know How to say How I feel Those three words Are said too much They're not enough If I lay here If I just lay here Would you lie with me And just forget the world? Forget what we're told Before we get too old Show me a garden That's bursting into life Let's waste time Chasing cars Around our heads I need your grace To remind me To 
484,Rewrite The Stars,Zac Efron,r&b,sad,0.619,125.05,0.284,0.684,0.072,77,"You know I want you It's not a secret I try to hide I know you want me So don't keep saying our hands are tied You claim it's not in the cards And fate is pulling you miles away And out of reach from me But you're here in my heart So who can stop me if I decide That you're my destiny? What if we rewrite the stars? Say you were made to be mine Nothing could keep us apart You'd be the one I was meant to find It's up to you, and it's up to me No one can say what we get to be So why don't we rewrite"
485,Chills,Why Don't We,r&b,happy,0.6890000000000001,162.92,0.783,0.615,0.005,77,"Coat, laying on the floor Long December nights are what I've been waitin' for Pull my hand close to the fire Shiverin', I'm shiverin', I can't stop Give me the look, you know the one I want I've been waiting for It's so cold, it's so cold, yeah I got chills when you walk Chills when you talk Chills every time you say my name It's the way that it feels when we touch I can't get enough Love got me frozen in place Baby, I got chills Ooh, baby, I got chills Ooh, baby, I got chills (Yeah) Arms wrappe"
486,Chill Bill (feat. J. Davi$ & Spooks),Rob $tone,rap,sad,0.4270000000000001,108.03,0.23,0.886,0.031,77,"Rob $tone, two damn phones Babylons can't crack the code (no) Used to sip out styrofoam But figured I should stick to dro (Weed!) Backwoods overload Don't like to smoke them swishers, ho If you hit my liquor store It's 50 cents for single Ports Said she wanna roll with me and smoke up all my weed I said, ""Baby just buy Dutches 'cause you can't smoke for free I got some loud but no money, babe, buy me a Fiji"" She said, ""You need a job"", bitch, fuck a job, I still get cheese Two cell phones, Mr. M"
487,A Horse with No Name,America,rock,happy,0.506,123.18,0.831,0.654,0.686,77,"On the first part of the journey I was looking at all the life There were plants and birds and rocks and things There was sand and hills and rings The first thing I met was a fly with a buzz And the sky with no clouds The heat was hot and the ground was dry But the air was full of sound I've been through the desert on a horse with no name It felt good to be out of the rain In the desert you can't remember your name'Cause there ain't no one for to give you no pain La, la, la lala la la la, la, la"
488,Babushka Boi,A$AP Rocky,rap,happy,0.743,134.98,0.905,0.897,0.304,77,"UhThey call me F-L-A-C-K-O and don't play, no, 'bout my papes Baked potato on that Draco, new bandana on my face Ain't no stains up on my drapes, squeaky clean, fuck you say? Peep them teeth, no dentures please Princess cut, no dentist, please Say cheese for the cameras (Ayy) Eight Gs for the dancers (Ayy) Benjis in the safe (That's right, ayy) Bentleys for the phantoms (Uh) But they all go to waste (Uh) So what more can I say? Praise to the Lord, give him grace The scar on my face But w-wait (​"
489,"Lose Yourself - From ""8 Mile"" Soundtrack",Eminem,rap,sad,0.7440000000000001,171.37,0.061,0.692,0.009,77,"Look, if you had one shot or one opportunity To seize everything you ever wanted in one moment Would you capture it, or just let it slip? Yo His palms are sweaty, knees weak, arms are heavy There's vomit on his sweater already, mom's spaghetti He's nervous, but on the surface he looks calm and ready To drop bombs, but he keeps on forgetting What he wrote down, the whole crowd goes so loud He opens his mouth, but the words won't come out He's choking, how? Everybody's joking now The clock's run o"
490,Antidote,Travis Scott,rap,sad,0.526,131.05,0.131,0.713,0.008,77,"Don't you open up that window Don't you let out that antidote (Yeah) Poppin' pills is all we know (Ooh) In the hills is all we know (Hollywood) Don't go through the front door (Through the back) It's lowkey at the night show (Ooh) So, don't you open up that window (Ooh) Don't you let out that antidote, yeah Party on a Sunday (That was fun) Do it all again on Monday (One more time) Spent a check on a weekend (Oh my God) I might do it all again (That's boss shit) I just hit a three peat (Ooh) Fuck"
491,Plain Jane,A$AP Ferg,r&b,neutral,0.8440000000000001,170.14,0.52,0.797,0.065,77,"Yeah Ride with the mob, Alhamdulillah Check in with me and do your job Ferg is the name, Ben Baller did the chain Tourneau for the watch, presi Plain Jane Yamborghini chain, rest in peace to my superior Hermès link could feed a village in Liberia TMZ taking pictures, causin' mad hysteria Momma see me on BET and started tearin' up I'ma start killin' niggas, how you get that trife? I attended Harlem picnics where you risked your life Uncle used to skim work, sellin' nicks at night I was only 8 yea"
492,"You Can't Stop The Girl (From Disney's ""Maleficent: Mistress of Evil"")",Bebe Rexha,latin,sad,0.718,151.91,0.247,0.394,0.706,77,"Oh, they're tryna shoot down angels They're tryna pull their wings off So they can't fly And, oh, but she's so brave, though Just like a tornado She's taking us by storm You can't stop the girl from going You can't stop the world from knowing The truth will set you free, oh You can't stop the girl from going You can't stop the world from knowing The truth will set you free, oh You can't stop the girl They're tryna take our voices They're tryna make our choices So we scream loud, loud, loud And, "
493,Plug Walk,Rich The Kid,r&b,sad,0.519,94.98,0.158,0.876,0.202,77,"Ayy, ayy (The LabCook) Plug walk (plug walk, plug, plug) I don't even understand how the fuck my plug talk (Huh? what, what?) Pick him up in a space coupe, I don't let my plug walk (Skrrt, pull up in a space coupe) New freak, had to cut my other lil' bitch off (ooh, ooh, lil' bitch)50 K, you could come and book a nigga for a plug walk You can't reach me (what?) Space coupe like E.T. (E.T.) It's the plug tryna call me (skrrt, skrrt) I was up trappin' early in the morning (plug) Ooh, on the wave l"
494,Freaky Friday (feat. Chris Brown),Lil Dicky,rap,happy,0.599,133.12,0.755,0.755,0.147,77,"Lil Dicky, ooh Mustard on the beat, ho I woke up Chris Breezy, oh my god I'm the man (oh shit) I'm so fly and I can dance (whoa, whoa shit) There's tattoos on my neck (oh, oh) I just Face Timed Kanye (blip, blip) I told him I'm his biggest fan, yeah (yeah) Got all these hoes in my DM (yeah, I do) Holy shit, I got a kid (oh) Ohh, I can sing so well Wonder if I can say the n-word (wait for real?) Wait, can I really say the n-word? What up, my nigga? (woo) What up, my nigga? Big ups, my nigga, we u"
495,Say My Name,Destiny's Child,latin,happy,0.6779999999999999,138.01,0.734,0.713,0.273,76,"Darkchild '99 Say my name, say my name If no one is around you, say baby I love you If you ain't runnin' games Say my name, say my name You actin' kinda shady, ain't callin' me baby Why the sudden change? Say my name, say my name If no one is around you, say baby I love you If you ain't runnin' games Say my name, say my name You actin' kinda shady, ain't callin' me baby Better say my name Any other day, I would call, you would say (Say) ""Baby, how's your day?"" But today, it ain't the same Every "
496,Dancing In the Dark,Bruce Springsteen,rock,neutral,0.942,148.72,0.495,0.527,0.012,76,"I get up in the evening And I ain't got nothing to say I come home in the morning I go to bed feeling the same way I ain't nothing but tired Man, I'm just tired and bored with myself Hey there baby, I could use just a little help You can't start a fire You can't start a fire without a spark This gun's for hire Even if we're just dancing in the dark Message keeps getting clearer Radio's on and I'm moving 'round the place I check my look in the mirror I wanna change my clothes, my hair, my face Ma"
497,Bounce Back,Big Sean,rap,sad,0.574,81.5,0.273,0.78,0.104,76,"Hitmaka If Young Metro don't trust you, I'm gon' shoot you Last night took a L, but tonight I bounce back Wake up every morning, by the night, I count stacks Knew that ass was real when I hit, it bounce back (You ain't getting checks) Last night took a L, but tonight I bounce back Boy, I been broke as hell, cashed a check and bounced back D town LAX, every week I bounce back If you a real one, then you know how to bounce back Don't owe nobody, owe nobody Always on the fuckin' job, I got no hobbi"
498,Naked,James Arthur,r&b,sad,0.607,101.97,0.238,0.529,0.104,76,"Hey, you there Can we take it to the next level, baby, do you dare? Don't be scared 'Cause if you can say the words, I don't know why I should care 'Cause here I am, I'm givin' all I can But all you ever do is mess it up Yeah, I'm right here, I'm tryin' to make it clear That getting half of you just ain't enough I'm not gonna wait until you're done Pretending you don't need anyone I'm standing here naked (Naked, naked) I'm standing here naked (Naked, naked) I'm not gonna try 'til you decide You'"
499,Dani California,Red Hot Chili Peppers,rock,happy,0.913,96.18,0.73,0.556,0.019,76,"NA Gettin' born in the state of Mississippi Poppa was a copper and her momma was a hippie In Alabama, she would swing a hammer Price you gotta pay when you break the panorama She never knew that there was anything more than poor What in the world, what does your company take me for? Black bandana, sweet Louisiana Robbin' on a bank in the state of Indiana She's a runner, rebel and a stunner On her merry way sayin', ""Baby, what you gonna—?""Lookin' down the barrel of a hot metal .45 Just another wa"
500,Freddy Krueger (feat. Tee Grizzley),YNW Melly,rap,happy,0.621,140.05,0.613,0.834,0.092,76,"Coolin' in the cut with my shooters (Bah) (Yeah, I fuck with this beat) (I don't even know who the fuck on this bitch) (Grizzley? Hahaha) Boolin' in the cut with my shooters (Bah-bah-bah) Thirty clip hangin' out the Ruger (Brrt) And I got a clique full of shooters (Brrt) And I'm in your dreams, Freddy Krueger (Bah) Fuckin' with my niggas, bet they do ya Coolin' in the cut with my shooters (Cut with my shooters) Thirty clip hangin' out the Ruger (Right out my Ruger) And I'm in yo dreams, Freddy K"
501,Start Me Up - Remastered,The Rolling Stones,rock,happy,0.932,122.43,0.971,0.631,0.044,76,"If you start me up If you start me up, I'll never stop If you can start me up If you can start me up, I'll never stop I've been running hot You got me ticking, going to blow my top If you start me up If you start me up, I'll never stop Never stop, never stop, never stop You make a grown man cry You make a grown man cry You make a grown man cry Spread out the oil, the gasoline I walk smooth, ride in a mean, mean machine Start it up If you start me up Kick on the starter, give it all you got You g"
502,The Boys Of Summer,Don Henley,rock,happy,0.5489999999999999,176.94,0.907,0.516,0.501,76,"Nobody on the road Nobody on the beach I feel it in the air The summer's out of reach Empty lake, empty streets The Sun goes down alone I'm driving by your house Though I know you're not home But I can see you Your brown skin shining in the Sun You got your hair combed back and your Sunglasses on baby I can tell you my love for you will still be strong After the boys of summer have gone I never will forget those nights I wonder if it was a dream Remember how you made me crazy? Remember how I mad"
503,What About Us,P!nk,edm,sad,0.588,113.62,0.187,0.489,0.028,76,"La-da-da-da-da, la-da-da-da-da Da-da-da We are searchlights, we can see in the dark We are rockets, pointed up at the stars We are billions of beautiful hearts And you sold us down the river too far What about us? What about all the times you said you had the answers? What about us? What about all the broken happy ever afters? What about us? What about all the plans that ended in disaster? What about love? What about trust? What about us? We are problems that want to be solved We are children th"
504,Don't Rush (feat. Headie One),Young T & Bugsey,rap,sad,0.461,108.03,0.324,0.961,0.202,76,"Don't rush, slow touch Brown and white, like I go cunch Gyal run by, like I'm gon' buss (Buss) Eye for eye, like I lose trust White rum, fizzy pop (Pop) Where you the go-go, do they go up? Catch my vibe (Vibe), let me go off (Off) Blammed her twice, man it's so tough Aight yo, put the beller on the bite, it make her cotch Seen the watch, now she wanna give crotch Boy got Ps, now she hopping in the pod Man in real life, sugar gyaldem haffi get wopped (Yeah) Know she want dark, told her ""Meet me a"
505,"Writing on the Wall (feat. Post Malone, Cardi B & Rvssian)",French Montana,r&b,neutral,0.836,112.01,0.494,0.774,0.288,76,"Montana Posty (Hahaha) Okurr(La-la-la-la, uhh) Ayy, uh huh From the block, now we're snipin' on the opps like Somalians (Uh-huh) Egyptian cloth on my body, diamonds like 6ix9ine hair (Hair) Now we comin' through the back, we don't go to the concierge (Yeah, hey-hey) Now that boy run fashion, Cardi in that Fashion Nova gear (Ha) We started the wave, now everybody lookin' the same Tell me how you want it (Woah) Shorty buss it down, give us the money, keep the crown Tell me how you want it I been a"
506,Hopeless Romantic (feat. Swae Lee),Wiz Khalifa,rap,neutral,0.477,127.02,0.552,0.877,0.307,76,"Young Chop on the beat Oh, oh Oh, oh, oh Turn the music up for me, Chris She's gonna get, oh, oh, oh My night runs into mornin', all the time (All the time) And through my phone I'm scrollin', bang my line (Bang my line) Off that drank it's hard to focus (Focus) Seems like I'm always chosen by romantics that are hopeless We can make arrangements though (Arrangements though) And if you down, down, who knows, uh I might just do you like we lovin', yeah Or make you my numero uno She don't allow her"
507,Blurred Lines,Robin Thicke,r&b,happy,0.599,119.99,0.843,0.853,0.003,76,"Everybody get up, WOO!Hey, hey, hey Hey, hey, hey Hey, hey, hey If you can't hear what I'm trying to say If you can't read from the same page Maybe I'm going deaf Maybe I'm going blind Maybe I'm out of my mind Ok, now he was close Tried to domesticate you But you're an animal Baby, it's in your nature Just let me liberate you You don't need no papers That man is not your maker And that's why I'm gon' take a Good girl I know you want it I know you want it I know you want it You're a good girl Can"
508,Those Kinda Nights (feat. Ed Sheeran),Eminem,r&b,sad,0.637,103.87,0.393,0.794,0.028,76,"Damn, girl, with your sexy ass, haha Let me holla at you D.A. got that dope It's one of those kinda nights Yes, this beat's takin' me back to my D12 days When we hit the club to go and hell-raise Probably end up baggin' the cocktail waitress And takin' her straight back to the Motel-8 Yeah, Bizarre's tryna get a lap dance Off a Xanax and Jack Dan' (Ayo) Stripper walk by, I'm like ""Goddamn"" She's like ""That's harassment,"" I'm like ""Yeah, and?"" (Woo) Holy Toledo, it's Miss Ohio That's the best ass"
509,Shotta Flow,NLE Choppa,rap,neutral,0.43,120.09,0.45,0.888,0.079,76,"I wish everything I touch would turn to gold NLE, you heard me? Baby Mexico Choppa, man, Top Shotta Baby Mexico Shotta, you heard me? We finna talk our shit, you heard me? YNR (Yeah) Midas got a jugg, ayy (Yeah, yeah) Yeah, yeah, yeah, yeah I am a menace, keep me a rack just like tennis I'm with the shit like I'm Dennis I started this shit, I'ma finish Niggas be hatin', tryna blemish my image Who want the smoke? .223 came with the scope Extended clip long as a rope We wipe his nose, just like he"
510,Lost Boy,Ruth B.,r&b,sad,0.0565,123.99,0.348,0.71,0.965,76,"There was a time when I was alone Nowhere to go and no place to call home My only friend was the man in the Moon And even sometimes he would go away too Then one night, as I closed my eyes I saw a shadow flying high He came to me with the sweetest smile Told me he wanted to talk for a while He said, ""Peter Pan that's what they call me I promise that you'll never be lonely"" And ever since that day... I am a Lost Boy from Neverland Usually hanging out with Peter Pan and And when we're bored we pla"
511,"Another Brick in the Wall, Pt. 2",Pink Floyd,rock,happy,0.394,104.13,0.719,0.694,0.078,76,"We don't need no education We don't need no thought control No dark sarcasm in the classroom Teacher, leave them kids alone Hey! Teacher! Leave them kids alone! All in all, it's just another brick in the wall All in all, you're just another brick in the wall We don't need no education We don't need no thought control No dark sarcasm in the classroom Teachers leave them kids alone Hey! Teacher! Leave us kids alone! All in all, you're just another brick in the wall All in all, you're just another "
512,Often,The Weeknd,r&b,sad,0.629,134.04,0.073,0.569,0.218,76,"NA ""Seneler sürer her günüm"" Ooh yeah, ooh yeah, ooh yeah, ooh yeah, ooh yeah ""Yalnız gitmekten yorgunum"" Ooh yeah, ooh yeah, ooh yeah, ooh yeah ""Seneler sürer her günüm"" Ooh yeah, ooh yeah, ooh yeah, ooh yeah, ooh yeah ""Yalnız gitmekten yorgunum"" Ooh yeah, ooh yeah, ooh yeah, ooh yeah, ooh yeah I usually love sleeping all alone This time around bring your friend with you But we ain't really going to sleep at all You ain't gonna catch me with them sneak pictures, sneak pictures, sneak pictures I"
513,The Kids Aren't Alright,The Offspring,rock,happy,0.943,99.61,0.766,0.523,0.007,76,"When we were young the future was so bright (Woah) The old neighborhood was so alive (Woah) And every kid on the whole damn street (Woah) Was gonna make it big and not be beat Now the neighborhood's cracked and torn (Woah) The kids are grown up but their lives are worn (Woah) How can one little street Swallow so many lives? Chances thrown, nothing's free Longing for what used to be Still it's hard, hard to see Fragile lives, shattered dreams (Go!) Jamie had a chance, well she really did (Woah) I"
514,You're Beautiful,James Blunt,rock,neutral,0.479,82.0,0.454,0.675,0.633,76,"My life is brilliant My life is brilliant, my love is pure I saw an angel, of that I'm sure She smiled at me on the subway She was with another man But I won't lose no sleep on that 'Cause I've got a plan You're beautiful, you're beautiful You're beautiful, it's true I saw your face, in a crowded place And I don't know what to do 'Cause I'll never be with you Yeah, she caught my eye, as we walked on by She could see from my face that I was, fucking high And I don't think that I'll see her again "
515,Whole Lotta Love - 1990 Remaster,Led Zeppelin,rock,neutral,0.902,89.74,0.422,0.412,0.048,76,"You need coolin', baby, I'm not foolin' I'm going to send you back to schoolin'Way down inside, honey, you need it I'm goin' to give you my love I'm goin' to give you my love, oh Want a whole lotta love Want a whole lotta love Want a whole lotta love Want a whole lotta love You've been learnin', baby, I've been yearnin'All them good times, baby, baby, I've been learnin'Way, way down inside, honey, you need it I'm gonna give you my love, ah I'm goin' to give you my love, ah, oh Want a whole lotta"
516,Something Real (with London On Da Track & Chris Brown),Summer Walker,r&b,happy,0.667,95.52,0.643,0.685,0.056,76,"Yeah, yeah, uh Uh, uh-huh, hit 'em Break 'em down Summer, talk to 'em My last nigga was a bitch nigga (Yeah) I need a nigga worth 'bout six figures (It's me) Yeah, someone who know what to do with it (Yes, you do, yeah) Someone who ain't on that goofy shit (Yeah) I need to know, what you gon' do? (You tell me) I ain't tryna go through déjà vu (Oh-oh) It's some bullshit that I been through Hope it's not the same with you (Yeah) Come make me feel a way, oh (What you say?) Taste 'til I levitate, ye"
517,The Bones - with Hozier,Maren Morris,latin,sad,0.597,76.83,0.355,0.561,0.286,76,"We're in the homestretch of the hard times We took a hard left, but we're alright Yeah, life sure can try to put love through it, but We built this right, so nothing's ever gonna move it When the bones are good, the rest don't matter Yeah, the paint could peel, the glass could shatter Let it rain 'cause you and I remain the same When there ain't a crack in the foundation Baby, I know any storm we're facing Will blow right over while we stay put The house don't fall when the bones are good Call i"
518,Ladders,Mac Miller,r&b,sad,0.463,103.96,0.291,0.802,0.236,76,"Somehow we gotta find a way No matter how many miles it takes I know it feels so good right now But it all come fallin' down When the night, meet the light Turn to day Can't stop, yeah, you won't stop I know just how that feel When you're on top, 'til the ball drop You've never seen it be so real It feels so good right now But it all come fallin' down When the night, meets the light Turn to day Feel it a little, feel it a lot I'm swimmin' a bit, but deeper in thought Keepin' my head on top of my"
519,Cool,Jonas Brothers,r&b,happy,0.598,78.97,0.62,0.683,0.009,76,"I'm feeling so cool From top to the bottom, just cool Every little thing that I do Well, dammit, I'm feelin' so cool, yeah Woke up feelin' like a new James DeanI comb my hair like an old school scene I'm feelin' high like a late night summer of last year (Yeah) Standin' there with the red dress on ya A Killer Queen like a young Jane Fonda Is it me or am I just havin' a good year? Lately, I've been feelin' so cool (Cool) Top to the bottom, just cool (Cool) Every little thing that I do (Do) Dammit"
520,Bad Moon Rising,Creedence Clearwater Revival,rock,happy,0.774,178.95,0.942,0.508,0.059,76,"I see the bad moon arising I see trouble on the way I see earthquakes and lightnin' I see bad times today Don't go around tonight Well, it's bound to take your life There's a bad moon on the rise I hear hurricanes a blowing I know the end is coming soon I fear rivers overflowing I hear the voice of rage and ruin Don't go around tonight Well, it's bound to take your life There's a bad moon on the rise NA Hope you got your things together Hope you are quite prepared to die Looks like we're in for "
521,Money Longer,Lil Uzi Vert,rap,neutral,0.568,136.17,0.478,0.795,0.054,76,"Yeah, it do not matter Turned to a savage, pocket got fatter, she call me daddy Smokin' that gas, gone off that Xanny, she on the powder Nowadays I am on, my haters got sadder Money got longer, speaker got louder, car got faster Turned to a savage, pocket got fatter, she call me daddy Smokin' that gas, gone off that Xanny, she on the powder Nowadays I am on, my haters got sadder Money got longer, speaker got louder, car got faster Money so old, dollars spoiled (Spoiled) Yeah, my lil' bitch so sp"
522,gone girl,iann dior,rap,sad,0.7140000000000001,94.96,0.355,0.677,0.162,76,"I fell in love, same time that you're fallin' (Yeah) I fell in love, same time that you're fallin' apart I should've known, thought I saw a sign in the stars But I was wrong, fucking with you ain't last that long Now you gone, now you gone, now you gone, girl Tell me what it is, made my heart break Saying that it's me, but you know it ain'tTook a few pills, I can't feel a thing Got me in my feels, sippin' on drank Tryna keep it real, girl, you really ain't You know what's the deal, you can't get"
523,Duality,Slipknot,rock,sad,0.982,143.77,0.194,0.354,0.0,76,"I push my fingers into my eyes It's the only thing that slowly stops the ache But it's made of all the things I have to take Jesus, it never ends, it works its way inside If the pain goes on I have screamed until my veins collapsed I've waited as my time's elapsed Now all I do is live with so much fate I've wished for this, I've bitched at that I've left behind this little fact You cannot kill what you did not create I've gotta say what I've gotta say And then I swear I'll go away But I can't pr"
524,No Stylist,French Montana,rap,neutral,0.7040000000000001,147.06,0.498,0.765,0.022,76,"Ooh Yeah, louder Hey, hey I'm in London, got my beat from London Iced out (Stylist), no stylist (Stylist) New Chanel, Saint Laurent, Gucci bag (Huh, haan) Lifestyle (Stylist), no stylist (Stylist) Louboutin, Jimmy Choo, that's on you (Haan) Diamonds on my neck, frozen tears (Tears) Hoppin' out the jet, Lears (Lear) Bad bitches gettin' wet, here Yes, don't call me 'til the checks clear (Clear) Louder Fuck they talkin' 'bout? Fast talk, runnin' laps Nah, I'm not playin' that shit French Vanilla si"
525,Bored,Billie Eilish,r&b,sad,0.318,119.96,0.112,0.614,0.896,76,"Aah Aah The games you played were never fun You'd say you'd stay but then you'd run Aah Giving you what you're begging for Giving you what you say I need I don't want any settled scores I just want you to set me free Giving you what you're begging for Giving you what you say I need, say I need I'm not afraid anymore What makes you sure you're all I need? (I need) Forget about it When you walk out the door and leave me torn You're teaching me to live without it Bored, I'm so bored, I'm so bored, "
526,Stack It Up (feat. A Boogie Wit da Hoodie),Liam Payne,r&b,happy,0.812,100.05,0.606,0.743,0.153,76,"I don't wanna be broke when I D-I-E Wanna be livin' it up in VIP Tryna get in the club, they wanna see ID Want me to wear nice shoes and a T-I-E I've been workin' and gettin' by But that ain't enough to satisfy 'Cause I got dreams for you and I So I got money on my mind So if you wanna stack it up, man, you gotta work for it I-I-I-I-I-I Ain't nobody gonna be doin' it for ya I-I-I-I-I I got dreams and I got time But that ain't enough to get me by So I stack it up, man, I gotta work for it Yeah, I"
527,Free Fallin',Tom Petty,rock,neutral,0.449,84.38,0.572,0.623,0.212,76,"She's a good girl, loves her mama Loves Jesus and America too She's a good girl, crazy 'bout Elvis Loves horses and her boyfriend too It's a long day, livin' in Reseda There's a freeway, runnin' through the yard And I'm a bad boy, 'cause I don't even miss her I'm a bad boy for breakin' her heart And I'm free, free fallin'Yeah I'm free, free fallin' All the vampires, walkin' through the valley Move west down Ventura Boulevard And all the bad boys are standing in the shadows And the good girls are"
528,Don't Stop The Music,Rihanna,latin,neutral,0.669,122.67,0.542,0.835,0.034,76,"Please don't stop the music (Music, music, music, music) Please don't stop the music (Music, music, music, music) Please don't stop the music (Music, music, music, music) Please don't stop the music (Music, music, music, music) It's gettin' late, I'm making my way over to my favorite place I gotta get my body moving, shake the stress away I wasn't looking for nobody when you looked my way Possible candidate, yeah Who knew that you'd be up in here lookin' like you do You're making stayin' over he"
529,Borderline,Tame Impala,r&b,happy,0.71,97.98,0.726,0.598,0.048,76,"Ah Gone a little far, gone a little far this time for somethin' How was I to know? How was I to know this high came rushing? We're on the borderline, caught between the tides of pain and rapture Possibly a sign, I'm gonna have the strangest night on Sunday There I go Quite a show for a loner in L.A.​ Askin' how I managed to end up in this place And I couldn't get away We're on the borderline, dangerously far and all forgiven There's gonna be a fight, gonna be a price to pay on Monday (If you and"
530,Baba O'Riley,The Who,rock,sad,0.7240000000000001,117.29,0.15,0.489,0.313,76,"NA Out here in the fields, I fight for my meals I get my back into my living I don't need to fight to prove I'm right I don't need to be forgiven, yeah, yeah, yeah, yeah, ye-ah NA Don't cry, don't raise your eye It's only teenage wasteland Sally, take my hand, we'll travel south 'cross land Put out the fire and don't look past my shoulder The exodus is here, the happy ones are near Let's get together before we get much older Teenage wasteland, it's only teenage wasteland Teenage wasteland, oh, y"
531,Come Get Her,Rae Sremmurd,rap,sad,0.564,185.02,0.123,0.689,0.187,76,"Trippin'Mike WiLL Made-It Somebody come to the floor, it feels like we've met before Somebody come get her, she's dancin' like a stripper Somebody come get her, she's dancin' like a stripper Somebody come tip her, she's dancin' like a stripper Somebody come get her, she's feelin' all the liquor Chopped and screwed up I'm a pothead, true enough At your ex crib and you're boo'd up Take it slow, baby, we in no rush Hennessy or Don Q? that's a very hard choice For the diamonds on my pinky, need a ga"
532,Bodak Yellow,Cardi B,r&b,neutral,0.703,125.02,0.485,0.926,0.066,76,"KSR It's Cardi, ayy Said I'm the shit, they can't fuck with me if they wanted to I dont gotta dance Said lil' bitch, you can't fuck with me if you wanted to These expensive, these is red bottoms, these is bloody shoes Hit the store, I can get 'em both, I don't wanna choose And I'm quick, cut a nigga off, so don't get comfortable, look I don't dance now, I make money moves (Ayy, ayy) Say I don't gotta dance, I make money move If I see you and I don't speak, that means I don't fuck with you I'm a "
533,Please Don't Go,Joel Adams,edm,sad,0.768,84.26,0.235,0.513,0.012,76,"Hmm, hmm, hmm Hmm, hmm, hmm Hmm, hmm, hmm Hmm, hmm, hmm Hmm, hmm, hmm Hmm, hmm, hmm Hmm, hmm, hmm Nobody ever knows Nobody ever sees I left my soul Back then, no I'm too weak Most nights I pray for you to come home Praying to the lord Praying for my soul Now please don't go Most nights I hardly sleep when I'm alone Now please don't go, oh no I think of you whenever I'm alone So please don't go Cause I don't ever wanna know Don't ever want to see things change Cause when I'm living on my own I wa"
534,No Limit,G-Eazy,r&b,neutral,0.7709999999999999,175.96,0.405,0.838,0.012,76,"If I hit it one time, I'ma pipe her If I hit it two times then I like her If I fuck three times, I'ma wife her It ain't safe for the black or the white girls It ain't safe, it ain't safe, it ain't safe, it ain't safe Tell your man pipe up, nigga, pipe up Hunnit bands from the safe in your face, what'd you say? (Ayy, ayy, ayy, ayy, ayy) Money dance turn this shit into a nightclub (Ayy, ayy, ayy, ayy) Ayy, yeah, fuck with me and get some money Yeah, ayy, fuck with me and get some money Ayy, yeah, "
535,The Pretender,Foo Fighters,rock,sad,0.959,172.98,0.365,0.433,0.001,76,"Keep you in the dark You know they all pretend Keep you in the dark And so it all began Send in your skeletons Sing as their bones go marching in again They need you buried deep The secrets that you keep are at the ready Are you ready? I'm finished making sense Done pleading ignorance, that whole defense Spinning infinity, boy The wheel is spinning me It's never ending, never ending Same old story What if I say I'm not like the others? What if I say I'm not just another one of your plays? You're"
536,Crew (feat. Brent Faiyaz & Shy Glizzy),GoldLink,rap,neutral,0.607,129.94,0.445,0.728,0.133,76,"She see money all around me I look like I'm the man, yeah But I was down and out like last week Tell me where have you been? You came out of hiding, girl Don't act like I'm your man You just a fan, you don't hold rank Don't hold no rank NA Dirty ass, Maryland ass nigga With a sick ass mouth and a slick ass flow Got your bitch around me, nigga, ain't no playin'When I'm comin' for the kitty, I'm a fool, goddamn Do it for my niggas on the coast right there Do it for my niggas in the Ghost right now"
537,Why'd You Only Call Me When You're High?,Arctic Monkeys,rock,happy,0.631,92.0,0.8,0.691,0.048,76,"The mirror's image tells me it's home time But I'm not finished, 'cause you're not by my side And as I arrived I thought I saw you leavin' Carryin' your shoes Decided that once again I was just dreamin' Of bumpin' into you Now, it's three in the mornin' And I'm tryna' change your mind Left you multiple missed calls And to my message, you reply""Why'd you only call me when you're high?"" ""Hi, why'd you only call me when you're high?"" Somewhere darker, talkin' the same shite I need a partner, well a"
538,Wrong,Luh Kel,r&b,sad,0.728,120.1,0.39,0.745,0.352,76,"Nah-nah-nah-nah, oh, nah Yeah, nah, nah, uh Girl, my mood changed when you walked through the door Before you came, it was tears on the floor Girl, you so perfect, I think that it's workin' You gave me your love, now I really want more Girl, you so different, apart from the rest Cool, I dropped out, I don't really take tests You gave me your love, I'm addicted like drugs Girl, I think you the plug, you the one with the best You did me wrong, you did me wrong (Wrong) You did me wrong, you did me "
539,This City,Sam Fischer,latin,neutral,0.377,73.88,0.518,0.602,0.731,76,I've been seeing lonely people in crowded rooms Covering their old heartbreaks with new tattoos It's all about smoke screens and cigarettes Looking through low lights at silhouettes But all I see is lonely people in crowded rooms This city's gonna break my heart This city's gonna love me then leave me alone This city's got me chasing stars It's been a couple months since I felt like I'm home Am I getting closer to knowing where I belong? This city's gonna break my heart She's always gonna break 
540,Die For You,The Weeknd,r&b,neutral,0.525,133.63,0.508,0.586,0.111,76,"I'm findin' ways to articulate the feeling I'm goin' through I just can't say I don't love you 'Cause I love you, yeah It's hard for me to communicate the thoughts that I hold But tonight I'm gon' let you know Let me tell the truth Baby, let me tell the truth, yeah You know what I'm thinkin' See it in your eyes You hate that you want me Hate it when you cry You're scared to be lonely 'Specially in the night I'm scared that I'll miss you Happens every time I don't want this feelin' I can't afford"
541,Eye of the Tiger,Survivor,rock,neutral,0.599,108.87,0.548,0.817,0.132,76,"Rising up, back on the street Did my time, took my chances Went the distance, now I'm back on my feet Just a man and his will to survive So many times it happens too fast You trade your passion for glory Don't lose your grip on the dreams of the past You must fight just to keep them alive It's the eye of the tiger It's the thrill of the fight Rising up to the challenge of our rival And the last known survivor Stalks his prey in the night And he's watching us all With the eye of the tiger Face to"
542,No Diggity,Blackstreet,r&b,happy,0.6459999999999999,88.64,0.67,0.868,0.303,76,"No diggity! You know what I like the playettes No diggity, no doubt Play on playette, play on playette Yo Dre, drop the verse It's going down, fade to Blackstreet The homies got at me, collab' creations, bump like acne No doubt, I put it down, never slouch As long as my credit can vouch, a dog couldn't catch me ass out Tell me who can stop when Dre makin' moves Attracting honeys like a magnet Giving 'em eargasms with my mellow accent Still moving this flavor With the homies Blackstreet and Teddy"
543,All Along the Watchtower,Jimi Hendrix,rock,neutral,0.805,113.25,0.564,0.438,0.003,76,"""There must be some kind of way out of here"" Said the joker to the thief""There's too much confusion I can't get no relief Businessmen they drink my wine Plowmen dig my earth None will level on the line Nobody offered his word"" Hey! ""No reason to get excited"" The thief, he kindly spoke""There are many here among us Who feel that life is but a joke But, uh, but you and I, we've been through that And this is not our fate So let us stop talkin' falsely now The hour's getting late"" Hey! Hey! All along"
544,Wish You Were Here,Pink Floyd,rock,sad,0.262,122.88,0.375,0.481,0.735,76,"— And disciplinary remains mercifully Yes and um, I'm with you Derek, this star nonsense Yes, yes Now which is it? I am sure of it NA So, so you think you can tell Heaven from Hell Blue skies from pain Can you tell a green field From a cold steel rail A smile from a veil Do you think you can tell? Did they get you to trade Your heroes for ghosts Hot ashes for trees Hot air for a cool breeze Cold comfort for change Did you exchange A walk-on part in the war For a lead role in a cage? How I wish, "
545,Buy U a Drank (Shawty Snappin'),T-Pain,rap,neutral,0.55,80.0,0.594,0.451,0.011,76,"Baby girl, what's your name? Let me talk to ya, let me buy a drink I'm T-Pain, you know me Konvict Muzik Nappy Boy ooh wee I know da club close at three What's the chances of you rollin' wit me? Back to the crib, show ya how I live Let's get drunk'n forget what we did I'mma buy you a drank Then I'mna take you home with me I got the money in the bank Shawty whachu think 'bout that I'll be in the grey Cadillac We in the bed like Ooh ooh ooh, (woah, ho oh) ooh ooh We in the bed like Ooh ooh ooh, (w"
546,The Weekend,SZA,r&b,sad,0.366,68.19,0.161,0.487,0.241,76,"You say you got a girl Yeah, how you want me? How you want me when you got a girl? The feelin' is reckless, of knowin' it's selfish And knowin' I'm desperate Gettin' all in your love, fallin' all over love, like Do it 'til it hurts less Hangin' out the back, all up in your lap Like is you comin' home? Is you out with her? I don't care, long as you're here by 10:30, no later than Drop them drawers, give me what I want My man is my man, is your man, heard it's her man too My man is my man, is your"
547,Lay Me Down,Sam Smith,r&b,sad,0.19,125.32,0.326,0.468,0.919,76,"Yes I do, I believe That one day I will be where I was Right there, right next to you And it's hard, the days just seem so dark The moon, the stars are nothing without you Your touch, your skin, where do I begin? No words can explain the way I'm missing you Deny this emptiness, this hole that I'm inside These tears, they tell their own story Told me not to cry when you were gone But the feeling's overwhelming, it's much too strong Can I lay by your side, next to you, you? And make sure you're al"
548,Paranoid,Black Sabbath,rock,sad,0.631,162.73,0.376,0.429,0.0,76,"NA Finished with my woman, 'cause she couldn't help me With my mind People think I'm insane because I am frowning All the time All day long, I think of things, but nothing seems To satisfy Think I'll lose my mind if I don't find something To pacify Can you help me Occupy my brain? Oh, yeah! I need someone to show me the things in life That I can't find I can't see the things that make true happiness I must be blind NA Make a joke and I will sigh and you will laugh And I will cry Happiness, I can"
549,Killshot,Eminem,rap,neutral,0.6509999999999999,105.81,0.599,0.892,0.099,76,"You sound like a bitch, bitch Shut the fuck up When your fans become your haters You done? Fuckin' beard's weird Alright You yellin' at the mic, fuckin' weird beard (You want smoke) We doin' this once You yellin' at the mic, your beard's weird Why you yell at the mic? (Illa) Rihanna just hit me on a text Last night I left hickeys on her neck Wait, you just dissed me? I'm perplexed Insult me in a line, compliment me on the next Damn, I'm really sorry you want me to have a heart attack Was watchin"
550,Heartless (feat. Mustard),Polo G,r&b,sad,0.64,160.04,0.326,0.776,0.15,76,"Mustard on the beat, ho My youngin's heartless so they ain't playin' no games We really want 'em dead, he got hit up close range He fucked up in the head, he wanna see some mo' brains On that corner I can't stay up out that dope gang My cousin got indicted dealing cocaine She an Instagram addict, she want mo' fame I used to starve, now I'm blowing up like propane Told my inner-self, ""I promise you I won't change"" We make it hot up on yo block, we let that heat blow Catch an opp, we dump the clip"
551,Nowadays (feat. Landon Cube),Lil Skies,rap,neutral,0.6459999999999999,79.99,0.46,0.745,0.157,76,"Cash MoneyAP Ayy, ayy, ayy Nowadays I'm too cool for a girlfriend Nowadays I don't know when the world spins Live your life like we die when the world ends So it's alright every time we fuckin' break a sin Nowadays shit's not the same Life switched lanes, now these hoes act strange And I lost my grip on the world in bliss It's so, it's so Ayy, it's so lonely on the east side I don't give a fuck, I keep it real, I'm not gon' let it slide Now she see me up, she let me fuck, want me to cum inside B"
552,Crank That (Soulja Boy),Soulja Boy,rap,happy,0.74,140.14,0.803,0.736,0.515,76,"Yuuuuuuu Soulja Boy tell 'em Ayy, I got this new dance for y'all called the Soulja Boy You just gotta punch, then crank back three times from left to right Soulja Boy off in this ho Watch me crank it, watch me roll Watch me crank dat Soulja BoyThen Superman that ho Now watch me yuuuuuuu (Crank dat Soulja Boy) Now watch me yuuuuuuu (Crank dat Soulja Boy) Now watch me yuuuuuuu (Crank dat Soulja Boy) Now watch me yuuuuuuu (Crank dat Soulja Boy) Now watch Soulja Boy off in this ho Watch me crank it,"
553,Wake Me up When September Ends,Green Day,rock,sad,0.8140000000000001,104.98,0.146,0.546,0.023,76,Summer has come and passed The innocent can never last Wake me up when September ends Like my father's come to pass Seven years has gone so fast Wake me up when September ends Here comes the rain again Falling from the stars Drenched in my pain again Becoming who we are As my memory rests But never forgets what I lost Wake me up when September ends Summer has come and passed The innocent can never last Wake me up when September ends Ring out the bells again Like we did when spring began Wake me 
554,Scar Tissue,Red Hot Chili Peppers,rock,neutral,0.7170000000000001,88.97,0.547,0.595,0.078,76,"Scar tissue that I wish you saw Sarcastic mister know-it-all Close your eyes and I'll kiss you'Cause with the birds I'll share With the birds I'll share this lonely viewin'With the birds I'll share this lonely viewin' Push me up against the wall Young Kentucky girl in a push-up bra Ah, fallin' all over myself To lick your heart and taste your health, 'cause With the birds I'll share this lonely viewin'With the birds I'll share this lonely viewin'With the birds I'll share this lonely view Blood l"
555,Rushing Back,Flume,r&b,sad,0.612,136.05,0.368,0.574,0.357,76,"I always let the days slip away I should have been making up my mind I never opened up, took it all in and Now I'm running out of time Sometimes I dream about going back Keeping all the things I left behind But now I know you can't change the past Way too young to know the reason why And it all comes rushing back, rushing back And it all comes rushing back, rushing back And it all comes rushing back, rushing back And it all comes rushing back I feel the gravity pulling me faster than it ever has"
556,If We Have Each Other,Alec Benjamin,r&b,happy,0.5770000000000001,173.09,0.861,0.656,0.698,76,"She was 19 with a baby on the way On the East Side of the city, she was working every day Cleaning dishes in the evening, she could barely stay awake She was clinging to the feeling that her luck was gonna change And 'cross town she would take the bus at night To a one bedroom apartment, and when she'd turn on the light She would sit down at the table, tell herself that it's alright She was waiting on the day she hoped her baby would arrive She'd never be alone Have someone to hold And when nigh"
557,ADHD,Joyner Lucas,rap,sad,0.7879999999999999,83.94,0.34,0.574,0.016,76,"It kinda feels like, I'm dyin' on the inside It kinda feels like, I been tryna get by And I been this way since day one I don't need no medication No, I don't need no drugs Or maybe I'm different, and maybe my ADHD got me trippin' And maybe I'm just everything that you missin', yeah I feel like I'm dying inside Why do I seem crazy? Someone save me (Save me) You can't blame me (Blame me) It's my ADHD, yeah My mind racin', I been paranoid Overthinkin', maybe that's a void (Woo, woo) Don't cut me o"
558,Take Me to Church,Hozier,edm,neutral,0.664,128.94,0.437,0.566,0.634,76,"NA NA My lover's got humor She's the giggle at a funeral Knows everybody's disapproval I should've worshiped her sooner If the heavens ever did speak She's the last true mouthpiece Every Sunday's getting more bleak A fresh poison each week ""We were born sick"" You heard them say it My church offers no absolutes She tells me ""Worship in the bedroom"" The only Heaven I'll be sent to Is when I'm alone with you I was born sick, but I love it Command me to be well Amen, Amen, Amen Take me to church I'l"
559,Dior,Pop Smoke,rap,happy,0.805,142.09,0.648,0.548,0.212,76,"Traphouse Mob Huh,  roll another one Said  I'm never lackin', always pistol packing With them automatics, we gon' send him to heaven Wait, wait, wait, wait, ayy, ayy, woo (Aw, shit), huh Oh,  you feelin' sturdy, huh? (You feelin' sturdy, man) Shake  somethin' Shake it, shake it, shake it She  like the way that I dance She like the way that I move She like the way that I rock She like the way that I woo And  she let it clap for a nigga (She let it clap for a nigga) And she throw it back for a nig"
560,In The Air Tonight - 2015 Remastered,Phil Collins,rock,sad,0.239,189.51,0.298,0.446,0.551,76,"I can feel it coming in the air tonight, oh Lord And I've been waiting for this moment for all my life, oh Lord Can you feel it coming in the air tonight? oh Lord, oh Lord Well, if you told me you were drowning I would not lend a hand I've seen your face before, my friend But I don't know if you know who I am Well, I was there and I saw what you did I saw it with my own two eyes So you can wipe off that grin, I know where you've been It's all been a pack of lies And I can feel it coming in the a"
561,Mood Swings,A Boogie Wit da Hoodie,r&b,happy,0.664,120.05,0.93,0.943,0.235,76,"Wheezy outta here Beast, beast I'm a beast Oh my God, mood swings Out of line, mood swings Out of time I was broke, I don't cry I'm the G.O.A.T., I'm a God I'm a beast, I'm a Goblin, nigga, let that shit fly Nigga, you don't want no problem I be feelin' like Batman, my niggas always robbin' I just got caught fuckin' my best friend, we wylin', yeah She was my bestie, mm, never knew she was so nasty, mm, yeah And she so sexy, mm, kissin' on bitches like lesbians, yeah Ass so fat, oh, bouncin' up a"
562,Ain't No Sunshine,Bill Withers,r&b,neutral,0.416,79.59,0.514,0.479,0.457,76,"Ain't no sunshine when she's gone It's not warm when she's away Ain't no sunshine when she's gone And she's always gone too long anytime she goes away Wonder this time where she's gone Wonder if she's gone to stay Ain't no sunshine when she's gone And this house just ain't no home anytime she goes away And I know, I know, I know, I know I know, I know, I know, I know I know, I know, I know, I know I know, I know, I know, I know I know, I know, I know, I know I know, I know, I know, I know I know"
563,Shameless,Camila Cabello,edm,sad,0.6509999999999999,129.7,0.085,0.377,0.02,76,"Don't speak, no, don't try It's been a secret for the longest time Don't run (Oh), no, don't hide Been running from it for the longest time So many mornings I woke up confused In my dreams, I do anything I want to you My emotions are naked, they're taking me out of my mind Right now, I'm shameless Screamin' my lungs out for ya Not afraid to face it I need you more than I want to Need you more than I want to Show me you're shameless Write it on my neck, why don't ya? And I won't erase it I need y"
564,Venom - Music From The Motion Picture,Eminem,rock,neutral,0.794,135.96,0.46,0.749,0.019,76,"I got a song filled with shit for the strong-willed When the world gives you a raw deal Sets you off 'til you scream, ""Piss off! Screw you!"" When it talks to you like you don't belong Or tells you you're in the wrong field When something's in your mitochondrial 'Cause it latched on to you, like— Knock knock, let the devil in Manevolent as I've ever been, head is spinnin' This medicine's screamin', ""L-L-L-Let us in!"" L-L-L-Like a salad bowl, Edgar Allan Poe Bedridden, shoulda been dead a long tim"
565,None Of Your Concern,Jhené Aiko,r&b,sad,0.546,74.74,0.385,0.422,0.844,76,"Oh yeah, oh yeah Oh, yeah I've been contemplatin', meditatin' Should've waited, should've never dated You seem irritated, baby, why you never say it? Isn't this worth saving? I can feel you fading off We're not gonna make it long Guess you cannot take it Guess it's worth sayin' It's none of your concern anymore None of your concern Is it even worth it at all? Is it even worth it? Is it gonna work anymore? Is it gonna work? Am I being heard anymore? Am I being heard? Nah, yeah I've been hearin' t"
566,Too Good At Goodbyes,Sam Smith,r&b,neutral,0.3720000000000001,91.87,0.476,0.681,0.64,76,"You must think that I'm stupid You must think that I'm a fool You must think that I'm new to this But I have seen this all before I'm never gonna let you close to me Even though you mean the most to me 'Cause every time I open up, it hurts So I'm never gonna get too close to you Even when I mean the most to you In case you go and leave me in the dirt But every time you hurt me, the less that I cry And every time you leave me, the quicker these tears dry And every time you walk out, the less I lo"
567,Shout Out to My Ex,Little Mix,edm,happy,0.747,126.01,0.8,0.773,0.024,76,"This is a shout out to my ex Heard he in love with some other chick Yeah, yeah, that hurt me, I'll admit Forget that boy, I'm over it I hope she gettin' better sex Hope she ain't fakin' it like I did, babe Took four long years to call it quits Forget that boy, I'm over it Guess I should say thank you For the ""hate yous"" and the tattoos Oh baby, I'm cool by the way Ain't sure I loved you anyway Go 'head, babe, I'ma live my life, my life, yeah Shout out to my ex, you're really quite the man You ma"
568,We Are The Champions - Remastered 2011,Queen,rock,sad,0.459,64.18,0.175,0.268,0.378,76,"I've paid my dues Time after time I've done my sentence But committed no crime And bad mistakes I've made a few I've had my share of sand kicked in my face But I've come through(And I need to go on and on, and on, and on) We are the champions, my friends And we'll keep on fighting till the end We are the champions We are the champions No time for losers 'Cause we are the champions Of the world I've taken my bows And my curtain calls You brought me fame and fortune and everything that goes with i"
569,I Still Haven't Found What I'm Looking For,U2,rock,happy,0.774,100.89,0.657,0.564,0.014,76,"I have climbed the highest mountains I have run through the fields Only to be with you Only to be with you I have run, I have crawled I have scaled these city walls These city walls Only to be with you But I still haven't found what I'm looking for But I still haven't found what I'm looking for I have kissed honey lips Felt the healing in her finger tips It burned like fire This burning desire I have spoke with the tongue of angels I have held the hand of a devil It was warm in the night I was c"
570,My Sweet Lord,George Harrison,rock,neutral,0.701,120.92,0.583,0.537,0.097,75,"My sweet Lord Mmm, my Lord Mmm, my Lord I really wanna see you Really wanna be with you Really wanna see you, Lord But it takes so long, my Lord My sweet Lord Mmm, my Lord Mmm, my Lord I really wanna know you I'd really wanna go with you I really wanna show you, Lord That it won't take long, my Lord (Hallelujah) My sweet Lord (Hallelujah) Mmm, my Lord (Hallelujah) My sweet Lord (Hallelujah) I really wanna see you Really wanna see you Really wanna see you, Lord Really wanna see you, Lord But it t"
571,Gangsta,Darkoo,latin,neutral,0.649,200.0,0.595,0.708,0.367,75,"(Scratch mixed this) I beg you babe-I beg you babe I beg you baby kick it to the left now If you wanna eat it no pressure I only do Range, no Tesla Balmain drippin', umbrella I'm tryna love you like a gangsta Baby would you answer? I give you love, mek her give it to you faster 'Cos you're fuckin' with a gangsta Oh my days I'm tryna give it to you, come my way You know I'm a bad girl, I show you my ways Send the location, I'll put it in Waze Forever, forever (Forever) I want you my genna (My gen"
572,Younger,Ruel,r&b,neutral,0.477,136.06,0.454,0.745,0.202,75,"You and I, used to walk the streets at night Our parents didn't know, we kept the TV goin' And left on all the bedroom lights And no, I haven't seen you since we lost all our innocence You left me in the dark while you drink in the park I'll never be the same again You and me were so, so close And maybe that's what hurts the most It's out of my hands, I've done what I can So I just save my breath Deep in my heart, I know that it's over Deleted your number, so I can't call you Call you my brother"
573,The Ringer,Eminem,rap,neutral,0.551,118.55,0.42,0.939,0.031,75,"*Plane crash*Yeah (Illa, Illa, Illa) Yo, I'm just gonna write down my first thoughts, and see where this takes me, 'cause I feel like I wanna punch the world in the fuckin' face right now Yeah Let me explain just how to make greatness Straight out the gate, I'm 'bout to break it down Ain't no mistakes allowed, but make no mistake, I'm 'bout To rape the alphabet, I may raise some brows If I press the issue just to get the anger out (Brrr!) Full magazine could take Staples out Savage but ain't thi"
574,BOYFREN,LoveLeo,r&b,happy,0.368,79.96,0.713,0.842,0.251,75,You know I'm grade A Ya boyfriend wanna B me You go outta your way To make sure you don't C me You should break up with your boyfriend You should break up with your boyfriend You should break up with your boyfriend And get with me I'm bored and I'm outta my mind Fingers crossed I hope that I'll be fine Doing my best to make it rhyme (now I'm) Runnin runnin runnin runnin Runnin runnin runnin runnin Runnin runnin out of time Bet you think your boyfriend's cool cus he's got nice clothes Wonder who 
575,Better Together,Jack Johnson,latin,happy,0.346,110.05,0.659,0.871,0.298,75,"There is no combination of words I could put on the back of a postcard No song that I could sing but I can try for your heart Our dreams and they are made out of real things Like a shoebox of photographs With sepia-toned loving Love is the answer At least for most of the questions in my heart Like why are we here? And where do we go? And how come it's so hard? It's not always easy and Sometimes life can be deceiving I'll tell you one thing It's always better when we're together Mmm, it's always "
576,Magic In The Hamptons (feat. Lil Yachty),Social House,r&b,happy,0.479,96.05,0.803,0.769,0.66,75,"Spot a little hottie when I flipped out the shade Lookin' like a red Rari sittin' in a driveway Bottle of Cîroc with a hint of Kool-Aid She done pulled up like I'm getting rid of weeds Are you tired from running through my mind? Take a break and we can have a good time Show you moves like I'm the new James Brown Me and you should get a room right now 'Cause if it's gold, I'll throw it away You're worth more than every single chain It ain't gon' work if you don't want it to Best drink I take is w"
577,Grenade,Bruno Mars,latin,sad,0.5579999999999999,110.44,0.227,0.706,0.146,75,"Easy come, easy go, that's just how you live, oh Take, take, take it all, but you never give Shoulda known you was trouble from the first kiss Had your eyes wide open; why were they open? (Ooh) Gave you all I had and you tossed it in the trash You tossed it in the trash, you did To give me all your love is all I ever ask 'Cause what you don't understand is I'd catch a grenade for ya (Yeah, yeah, yeah) Throw my hand on a blade for ya (Yeah, yeah, yeah) I'd jump in front of a train for ya (Yeah, y"
578,Bitch Better Have My Money,Rihanna,rap,sad,0.728,102.99,0.395,0.781,0.051,75,"Yayo, yayo Mula-la Yayo Bitch better have my money Y'all should know me well enough Bitch better have my money Please don't call me on my bluff Pay me what you owe me Ballin' bigger than LeBron Bitch, give me your money Who y'all think y'all frontin' on? Like bra, bra, bra Louis XIII, and it's all on me, nigga, you just bought a shot Kamikaze, if you think that you gon' knock me off the top Shit, your wife in the backseat of my brand new foreign car Don't act like you forgot I call the shots, sh"
579,Netflix & Chill,Fredo,r&b,happy,0.619,132.01,0.631,0.859,0.137,75,"Yo, yo, yo Yo, she wanna Netflix and chill (Chill) But I wanna get rich and build (Build) Yo, look at my left wrist, it's real (Real) She know it ain't right but left with me still I'm so high, my head in the hills A kilo of crack's a hell of a meal All of my junkies getting the bill Them niggas rap, but never the real, never the real My girl said she'll leave but never she will, never she will And if she leaves me, I have feelings I'll never reveal, never reveal Niggas touch me? The gang's slid"
580,Heroes - 2017 Remaster,David Bowie,rock,neutral,0.758,112.11,0.435,0.49,0.001,75,"I, I will be king And you, you will be queen Though nothing will drive them away We can beat them, just for one day We can be heroes, just for one day And you, you can be mean And I, I'll drink all the time 'Cause we're lovers, and that is a fact Yes, we're lovers, and that is that Though nothing will keep us together We could steal time, just for one day We can be heroes, forever and ever What d'you say? I, I wish you could swim Like the dolphins, like dolphins can swim Though nothing, nothing "
581,Just A Lil Bit,50 Cent,rap,neutral,0.6920000000000001,96.95,0.527,0.489,0.032,75,"Yeah, Shady, Aftermath, G-Unit Damn baby all I need is a lil' bit A lil' bit of this, a lil' bit of that Get it crackin' in the club when you hear the shit Drop it like it's hot, get to whippin' that back Girl shake that thing, yeah work that thing Let me see it go up and down Rotate that thang, I wanna touch that thang When you make it go round and round I step up in the club I'm like ""Who you wit?"" G-Unit in the house, yeah that's my clique Yeah, I'm young, but a nigga from the old school On t"
582,Won't Be Late (feat. Drake),Swae Lee,rap,sad,0.588,123.94,0.329,0.915,0.082,75,"Ear Drummers Tell 'em again, tell 'em off (Tell 'em off) It just dawned on me (On me), what's right, feels wrong No, no wingman, that's only my A-game At this game, two can play Kill your vibe, they don't have the right Baby don't fight it, you're giving me life Take your time, set the mood right Settle down, skeptical at first but now I'm not Won't be late, won't delay (Hey) Won't be late, won't delay (Yeah) Yeah, yeah, saving my time for you Suddenly I freed up (Free) Freezing my times with yo"
583,I Love,Joyner Lucas,rap,neutral,0.565,150.01,0.561,0.671,0.274,75,"Yeah, yeah, yeah Get away from me, if I was you, I'd watch what you say to me Snakes all in my bed, wanna lay with me? This ain't no motherfuckin' game, why you play with me? Don't play with me, this the only thing I love, I love, love, love, love I love, I love, love, love, love I love, I love, love, love, love I love, don't play with me, this the only thing I love, I love, love, love, love I love, I love, love, love, love I love, I love, love, love, love I love... Look, I love it when they cou"
584,Fake Love,Drake,r&b,happy,0.481,134.01,0.613,0.928,0.105,75,"I've been down so long, it look like up to me They look up to me I got fake people showin' fake love to me Straight up to my face, straight up to my face I've been down so long, it look like up to me They look up to me I got fake people showin' fake love to me Straight up to my face, straight up to my face Somethin' ain't right when we talkin' Somethin' ain't right when we talkin' Look like you hidin' your problems Really you never was solid No, you can't ""son"" me You won't never get to run me J"
585,On God,Kanye West,r&b,sad,0.8859999999999999,72.58,0.393,0.41,0.067,75,"Yo, Pi'erre, yo, Pi'erre ""How you get so much favor on your side?"" ""Accept Him as your Lord and Saviour,"" I replied Thou shalt love thy neighbor, not divide I'ma ride, that's on God His light shine the brightest in the dark Single mothers know they got my heart And all my brothers locked up on the yard You can still be anything you wanna be Went from one in four to one in three Thirteenth amendment, gotta end it, that's on me He the new commander and the chief That's on Keef, that's on God Befor"
586,Must Be,J Hus,r&b,happy,0.677,90.7,0.601,0.544,0.025,75,"JAE5Man, you're guilty, say you're guilty by association Man, you're guilty, say you're guilty by association Now you're guilty, yeah, you're guilty by association Ah-ah-ah, ah-ah-ah, yeah If it walk like a opp, talk like a opp Smell like a opp then it must be a— If it look like a opp, chill with a opp Hang with a opp then it must be If it walk like a opp, talk like a opp Smell like a opp then it must be a opp If it look like a opp, chill with a opp Hang with a opp then it must be I've seen a ma"
587,Monster,Skillet,rock,happy,0.957,134.99,0.692,0.64,0.043,75,"The secret side of me I never let you see I keep it caged but I can't control it So stay away from me, the beast is ugly I feel the rage and I just can't hold it It's scratching on the walls, in the closet, in the halls It comes awake and I can't control it Hiding under the bed, in my body, in my head Why won't somebody come and save me from this? Make it end I feel it deep within, it's just beneath the skin I must confess that I feel like a monster I hate what I've become, the nightmare's just "
588,Stir Fry,Migos,r&b,neutral,0.816,181.98,0.508,0.817,0.003,75,"Woo, woo, woo, woo Woo, woo, woo, woo Dance with my dogs in the nighttime (Wroof) Trap nigga with the chickens like Popeyes (Popeyes) Money changin' colors like tie-dye (Tie-dye) I'm just tryna get it, I ain't tryna die (No) She got a big ol' onion booty, make the world cry (Cry) In the kitchen, wrist twistin' like it's stir fry (Whip it) Hold them bands down (Hey), hold your mans down (Hey) Who told you come around? (Who?) This that trap sound (Trap) Designer clothes (Clothes), fashion shows (S"
589,Gimme Shelter,The Rolling Stones,rock,neutral,0.63,118.63,0.489,0.634,0.447,75,"Oooooh Oooooh Oooooh Ooh, a storm is threat'ning My very life today If I don't get some shelter Ooh yeah, I'm gonna fade away War, children It's just a shot away, it's just a shot away War, children It's just a shot away, it's just a shot away Ooh, see the fire is sweeping Our very street today Burns like a red coal carpet Mad bull lost your way War, children It's just a shot away, it's just a shot away War, children It's just a shot away, it's just a shot away Rape, murder! It's just a shot awa"
590,More Than Words,Extreme,rock,sad,0.127,91.62,0.237,0.623,0.452,75,"Saying I love you Is not the words I want to hear from you It's not that I want you Not to say, but if you only knew How easy it would be to show me how you feel More than words is all you have to do to make it real Then you wouldn't have to say that you love me 'Cause I'd already know What would you do if my heart was torn in two? More than words to show you feel That your love for me is real What would you say if I took those words away? Then you couldn't make things new Just by saying I love "
591,This Christmas,Donny Hathaway,r&b,happy,0.645,93.05,0.677,0.634,0.292,75,Hang all the mistletoe I'm gonna get to know you better This Christmas And as we trim the tree How much fun it's gonna be together This Christmas Fireside is blazing bright We're caroling through the night And this Christmas will be A very special Christmas for me Presents and cards are here My world is filled with cheer and you This Christmas And as I look around Your eyes outshine the town they do This Christmas Fireside is blazing bright We're caroling through the night And this Christmas wil
592,The Last Time,The Script,r&b,sad,0.746,132.01,0.15,0.521,0.049,75,"Why's it so hard to look me in the eye? Playing with that cross that's on your chain I know you only ever bite your lip When it's something you're afraid to say Is this the last time that I lay my eyes upon you? Is this the last time that I ever watch you leave? This is the last thing I would ever have done to you This is the last thing that I thought you'd do to me We said that it would last, but how come it's the last time? I'm tryna hold your hand but feeling like my hand's tied You said we'd"
593,Put Your Records On,Corinne Bailey Rae,r&b,neutral,0.511,96.04,0.542,0.739,0.167,75,"Three little birds sat on my window And they told me I don't need to worry Summer came like cinnamon So sweet Little girls double-dutch on the concrete Maybe sometimes, we've got it wrong, but it's alright The more things seem to change, the more they stay the same Oh, don't you hesitate Girl, put your records on, tell me your favorite song You go ahead, let your hair down Sapphire and faded jeans, I hope you get your dreams Just go ahead, let your hair down You're gonna find yourself somewhere,"
594,Listen to the Music,The Doobie Brothers,rock,happy,0.598,105.93,0.913,0.645,0.221,75,"{Intro} Don't you feel it growing, day by day People getting ready for the news Some are happy, some are sad Woah, gotta let the music play What the people need is a way to make them smile Ain't so hard to do if you know how Gotta get a message, get it on through Oh now momma don't you ask me why Oh, oh, oh listen to the music Oh, oh, oh listen to the music Oh, oh, oh listen to the music All the time{Bridge} When, when I know you know baby, everything I say Meet me in the country for a day We'll"
595,Like a Stone,Audioslave,rock,neutral,0.568,107.85,0.516,0.614,0.008,75,"On a cobweb afternoon in a room full of emptiness By a freeway, I confess I was lost in the pages Of a book full of death, reading how we'll die alone And if we're good, we'll lay to rest anywhere we want to go In your house, I long to be Room by room, patiently I'll wait for you there, like a stone I'll wait for you there, alone And on my deathbed, I will pray to the gods and the angels Like a pagan to anyone who will take me to heaven To a place I recall, I was there so long ago The sky was br"
596,679 (feat. Remy Boyz),Fetty Wap,rap,happy,0.7170000000000001,190.05,0.603,0.618,0.003,75,"NA Yeaaah baby, 17(RemyBoy Lifestyle) Ay, ay, look Baby girl, you're so damn fine, though I'm tryna know if I could hit it from behind, though I'm sipping on you like some fine wine, though And when it's over, I press rewind though, ayy You talking bands, girl, I got it Benjamins all in my pocket I traded in my Trues for some Robins He playing Batman, Fetty's gon' rob him, ayy I got a Glock in my 'Rari, ayy 17 shots, no .38 I got a Glock in my 'Rari 17 shots, no .38 I'm like, yeah, she's fine Wo"
597,Racks In The Middle (feat. Roddy Ricch and Hit-Boy),Nipsey Hussle,rap,happy,0.833,79.35,0.702,0.671,0.082,75,"(Hit-Boy) Yeah, yeah, yeah, yeah (Trap Adix) Yeah, yeah, yeah, yeah Yeah, I was ridin' 'round in the V-12 with the racks in the middle I was ridin' 'round in the V-12 with the racks in the middle Yeah, yeah, yeah, yeah Ay I was riding 'round in the V-12 with the racks in the middle Had to pray to almighty God they let my dog out the kennel When you get it straight up out the mud, you can't imagine this shit I been pullin' up in the drop tops with the baddest bitches Young nigga been focused on m"
598,Alive,Pearl Jam,rock,neutral,0.875,75.01,0.595,0.284,0.008,75,"""Son,"" she said, ""have I got a little story for you What you thought was your daddy was nothing but a... While you were sittin' home alone at age thirteen Your real daddy was dyin' Sorry you didn't see him, but I'm glad we talked"" Oh, I, oh I'm still alive Hey, I, oh I'm still alive Hey, I, oh I'm still alive Hey, oh While she walks slowly across a young man's room She said, ""I'm ready for you"" Why I can't remember anything to this very day 'Cept the look, the look Oh, you know where, now I can'"
599,JAPAN,Famous Dex,r&b,happy,0.6779999999999999,175.98,0.841,0.733,0.121,75,"You know what I'm sayin' I just- that's just how I like to do it, know what I'm sayin' (Dexter) My real name is Dexter, haha I got a lot of more diamonds, too I just got new diamonds, by the way Uh, woah Dexter, huh (Uh, yeah, uh, what?) Baby girl, what you doing, where your man? (Uh, where your man?) I just popped a Xan, fifty thousand in Japan (Fifty thousand in Japan), ayy, huh You know what I'm sayin' I ain't doin' no playin', baby, you dig? (Dexter) Dexter (Dexter) Ooh, huh, wait, what (Uh,"
600,Walk Of Life,Dire Straits,rock,happy,0.918,172.44,0.802,0.461,0.405,75,"Here comes Johnny singing oldies, goldies Be-Bop-A-Lula, Baby What I Say Here comes Johnny singing I Got a Woman Down in the tunnels, trying to make it pay He got the action, he got the motion Yeah, the boy can play Dedication, devotion Turning all the night time into the day He do the song about the sweet lovin' woman He do the song about the knife He do the walk, he do the walk of life Yeah, he do the walk of life Here comes Johnny gonna tell you the story Hand me down my walkin' shoes Here co"
601,Norman fucking Rockwell,Lana Del Rey,r&b,sad,0.215,76.74,0.138,0.218,0.967,75,"Goddamn, man-child You fucked me so good that I almost said ""I love you"" You're fun and you're wild But you don't know the half of the shit that you put me through Your poetry's bad and you blame the news But I can't change that, and I can't change your mood, ah 'Cause you're just a man It's just what you do Your head in your hands As you color me blue Yeah, you're just a man All through and through Your head in your hands As you color me blue Blue, blue, blue Goddamn, man-child You act like a k"
602,Juicy (feat. Tyga),Doja Cat,r&b,neutral,0.652,170.03,0.483,0.786,0.102,75,"I keep it juicy juicy, I eat that lunch (Yeah) She keep that booty booty, she keep that plump (Yeah yeah) That natural beauty beauty, yeah, yeah If you could see it from the front, wait 'til you see it from the back, back, back, back, back (Wait 'til you see it from the...) Back, back, yeah, back, back, back (Wait 'til you see it from the...) Back, back, back, back, back (Wait 'til you see it from the...) If you could see it from the front, wait 'til you see it from the back He like the Doja and"
603,Not About Angels,Birdy,r&b,sad,0.111,116.86,0.219,0.405,0.964,75,"We know full well there's just time... So is it wrong to dance this line? If your heart was full of love Could you give it up? Coz what about, what about angels... They will come, they will go and make us special Don't give me up Don't give me up How unfair, it's just our luck Found something real that's out of touch But if you'd searched the whole wide world Would you dare to let it go? Coz what about, what about angels... They will come, they will go and make us special Don't give me up Don't "
604,Love Song,Sara Bareilles,rock,neutral,0.7859999999999999,123.05,0.573,0.583,0.021,75,"Head under water And they tell me to breathe easy for a while The breathing gets harder, even I know that Made room for me but it's too soon to see If I'm happy in your hands I'm unusually hard to hold on to Blank stares at blank pages No easy way to say this You mean well, but you make this hard on me I'm not gonna write you a love song 'Cause you asked for it 'Cause you need one, you see I'm not gonna write you a love song 'Cause you tell me it's Make or break in this If you're on your way I'm"
605,You Can Call Me Al,Paul Simon,rock,happy,0.763,128.43,0.82,0.776,0.182,75,"A man walks down the street He says, ""Why am I soft in the middle, now? Why am I soft in the middle? The rest of my life is so hard I need a photo-opportunity I want a shot at redemption Don't want to end up a cartoon In a cartoon graveyard""Bonedigger, Bonedigger Dogs in the moonlight Far away in my well-lit door Mr. Beerbelly, Beerbelly Get these mutts away from me You know, I don't find this stuff amusing anymore If you'll be my bodyguard I can be your long lost pal I can call you Betty And Be"
606,When You Were Young,The Killers,rock,sad,0.988,130.44,0.321,0.467,0.0,75,"You sit there in your heartache Waiting on some beautiful boy to To save you from your old ways You play forgiveness Watch it now, here he comes He doesn't look a thing like Jesus But he talks like a gentlemen Like you imagined When you were young Can we climb this mountain? I don't know Higher now than ever before I know we can make it if we take it slow Let's take it easy Easy now, watch it go We're burning down the highway skyline On the back of a hurricane that started turning When you were "
607,Dang! (feat. Anderson .Paak),Mac Miller,r&b,neutral,0.67,107.02,0.556,0.836,0.008,75,"I can't keep on losing you over complications Gone too soon, wait! We was just hangin' I can't seem to hold onto, dang The people that know me best The key that I won't forget, too soon I can't keep on losing you, you, you, you, you, you I can't keep on losing you, you, you, you, you, you Yeah, yeah, yeah How many mistakes do it take 'til you leave When I'm left with my hand on my face all red In the face looking at you like (""Wait!"") I know I ain't a saint, if it ain't too late, well...(I can't"
608,Crazy In Love (feat. Jay-Z),Beyoncé,latin,happy,0.77,99.16,0.681,0.646,0.002,75,"Yes! So crazy right now! Most incredibly, it's your girl, B It's your boy, Young You ready? Oh oh, oh oh, oh oh, oh no no (Oww!) Oh oh, oh oh, oh oh, oh no no Oh oh, oh oh, oh oh, oh no no Oh oh, oh oh, oh oh, oh no no Geah! History in the making Part two! It's so crazy right now I look and stare so deep in your eyes (I...) I touch on you more and more every time When you leave, I'm begging you not to go Call your name, two, three times in a row Such a funny thing for me to try to explain How I'"
609,Japanese Denim,Daniel Caesar,r&b,sad,0.238,124.16,0.345,0.707,0.09,75,"I don't stand in line, I don't pay for clubs, fuck that, yeah But I'll wait for you I don't like to drink, I don't like to think, fuck that, oh-ooo-oh But I ponder you I'm bending it over You're my four leaf clover I'm so in love So in love There's no one above up above Forever's a long time, yes My blue jeans Will last me all My life, oh yes So should we I'm spending all, yeah This time, ooh Met you at the shop, Sun was getting hot, I'm lonely, yeah I'm in the city on my own (city on my own) Ne"
610,The Joker,Steve Miller Band,rock,happy,0.448,83.29,0.796,0.596,0.365,75,"Some people call me the space cowboy, yeah Some call me the gangster of love Some people call me Maurice'Cause I speak of the pompatus of love People talk about me, baby Say I'm doing you wrong, doing you wrong Well, don't you worry, baby, don't worry 'Cause I'm right here, right here, right here, right here at home 'Cause I'm a picker, I'm a grinner I'm a lover, and I'm a sinner I play my music in the sun I'm a joker, I'm a smoker I'm a midnight toker I sure don't want to hurt no one I'm a pick"
611,When I Come Around,Green Day,rock,happy,0.909,97.55,0.814,0.531,0.018,75,"I heard you crying loud All the way across town You've been searching for that someone And it's me out on the prowl As you sit around feeling sorry for yourself Well, don't get lonely now And dry your whining eyes I'm just roamin' for the moment Sleazin' my backyard, so don't get So uptight, you've been thinking about ditching me No time to search the world around ‘Cause you know where I'll be found When I come around I heard it all before So don't knock down my door I'm a loser and a user So I "
612,Black Skinhead,Kanye West,rap,sad,0.821,130.07,0.299,0.766,0.001,75,"NA For my theme song (Black) My leather black jeans on (Black) My by-any-means on Pardon, I'm getting my scream on (Black) Enter the kingdom (Black) But watch who you bring home They see a black man with a white woman At the top floor they gone come to kill King Kong Middle America packed in (Black) Came to see me in my black skin (Black) Number one question they're askin' Fuck every question you askin' (Black) If I don't get ran out by Catholics (Black) Here come some conservative Baptists Clai"
613,Chicken Fried,Zac Brown Band,latin,happy,0.713,169.86,0.807,0.566,0.645,75,"You know I like my chicken fried Cold beer on a Friday night A pair of jeans that fit just right And the radio up Well I was raised up beneath the shade of a Georgia Pine And that's home you know Sweet tea, pecan pie, and homemade wine where the peaches grow And my house it's not much to talk about But it's filled with love that's grown in southern ground And a little bit of chicken fried Cold beer on a Friday night A pair of jeans that fit just right And the radio up Well I've seen the sun rise"
614,Smoke On The Water - Remastered 2012,Deep Purple,rock,happy,0.6759999999999999,114.17,0.805,0.598,0.13,75,We all came out to Montreux On the Lake Geneva shoreline To make records with a mobile We didn't have much time But Frank Zappa and the Mothers Were at the best place around But some stupid with a flare gun Burned the place to the ground Smoke on the water (And fire in the sky) Smoke on the water They burned down the gambling house It died with an awful sound Funky Claude was running in and out Pulling kids out the ground When it all was over We had to find another place But Swiss time was runni
615,Darkness,Eminem,rap,sad,0.623,75.06,0.195,0.671,0.01,75,"I don't wanna be alone, I don't wanna be I don't wanna be alone in the darkness I don't wanna be alone in the darkness I don't wanna be alone in the darkness anymore (Hello, darkness, my old friend) Here I am, alone again Can't get out of this hole I'm in It's like the walls are closin' in You can't help me, no one can I can feel these curtains closin'I go to open 'em But something pulls 'em closed again(Hello, darkness, my old friend) Feels like I'm loathing in Las Vegas Haven't got the vaguest"
616,Popular Monster,Falling In Reverse,rock,sad,0.897,165.11,0.358,0.461,0.008,75,"Yeah I wake up every morning with my head up in a daze I'm not sure if I should say this, fuck, I'll say it anyway Everybody tries to tell me that I'm goin' through a phase I don't know if it's a phase, I just wanna feel okay, yeah I battle with depression, but the question still remains Is this post-traumatic stressin' or am I suppressin' rage? And my doctor tries to tell me that I'm going through a phase Yeah, it's not a fuckin' phase, I just wanna feel okay Okay, yeah, I struggle with this bu"
617,Crazy,Gnarls Barkley,rock,happy,0.5870000000000001,111.97,0.64,0.855,0.05,75,"I remember when I remember, I remember when I lost my mind There was something so pleasant about that place Even your emotions had an echo, in so much space And when you're out there without care Yeah, I was out of touch But it wasn't because I didn't know enough I just knew too much Does that make me crazy? Does that make me crazy? Does that make me crazy? Possibly And I hope that you are having the time of your life But think twice, that's my only advice Come on now, who do you Who do you, who"
618,Paris,$uicideBoy$,rap,sad,0.648,106.08,0.196,0.849,0.072,75,"Ayy, ayy, ayy, tell me what you know 'Bout a motherfucker out the bottom, with a gold grill gleamin' Makin' all these hoes problems Stalker, creepin' out the fuckin' dungeon Switchblade on 'em, hit the guts like a pumpkin, dumpin' Thirty rounds of the clip, off rip Too thick with the stick, bet I won't miss Lil $lick real sick, don't talk shit Whip, whip, like a brick scale on fish $uicide, night time, no, we don't fight crime, oh It's the Grey*59 with the real red eyes, and we dying inside, ooh"
619,That's Tuff (feat. Quavo),Rich The Kid,rap,sad,0.636,137.99,0.308,0.903,0.635,75,"(Me and Dee Money want millions) Yeah Tough Su' Let's go Rolls-Royce truck, that's tough (That's hard) You see the star when you look up (Look up) Bad bitch and she got put up (Bad) Huncho in the back, cookin' up (Cookin' up) That's tough (Tough), that's tough (Damn) That's tough (Ten), that's tough (Woo) That's tough (That's tough), that's tough (Go) That's tough (Go), that's tough (Uh) Baguettes and the emeralds, they shinin' together, that's tough (Baguettes, yeah, su') Ten years later, they "
620,Black,Pearl Jam,rock,sad,0.684,77.15,0.2,0.36,0.323,75,"Hey, hey, yeah, uh Sheets of empty canvas, untouched sheets of clay Were laid spread out before me as her body once did All five horizons revolved around her soul as the earth to the sun Now the air I tasted and breathed has taken a turn Mm, and all I taught her was everything Mm, I know she gave me all that she wore And now my bitter hands chafe beneath the clouds Of what was everything Oh, the pictures have all been washed in black Tattooed everything I take a walk outside, I'm surrounded by s"
621,Breaking Me,Topic,edm,happy,0.72,122.03,0.664,0.789,0.223,75,"Call me what you wanna, I'll be what you wanna I've been here a thousand times, eh-eh Fallin' for another, I don't even bother I could do it all my life So tell me if you wanna 'cause I got this feeling I wanna hear you say it 'cause I can't believe it With every touch of you, it's like I've started dreaming Guess heaven's not that far away And I'll be singing, la-la-la-la, la-la-la-la You're breaking me, la-la-la-la, la-la-la-la You're breaking me, la-la-la-la, la-la-la-la You're breaking me, l"
622,Beamer Boy,Lil Peep,rap,sad,0.732,123.99,0.339,0.743,0.051,75,"Man, I don't know what the fuck goin' on lately, bro Everybody actin' real different and shit Ain't nobody, nobody was talkin' to me like a few months ago And now everybody hittin' my phone up and shit I'm a mothafuckin' schema boy, I'm a dreamer boy I love a girl that don't even fuckin' need a boy Baby, I'm a beamer boy, I need a beamer, boy I want a Z3, that's a two-seater, boy Okay, I pull my cash out, shawty pass out Take her ass out, then I spaz out Okay, yeah, I hit that, shawty, get back "
623,You're so Vain,Carly Simon,rock,happy,0.6779999999999999,106.19,0.647,0.659,0.157,75,"Son of a gun You walked into the party Like you were walking onto a yacht Your hat strategically dipped below one eye Your scarf it was apricot You had one eye in the mirror As you watched yourself gavotte And all the girls dreamed that they'd be your partner They'd be your partner You're so vain You probably think this song is about you You're so vain I'll bet you think this song is about you Don't you? Don't you? You had me several years ago When I was still quite naive Well, you said that we "
624,Rock And Roll All Nite,KISS,rock,happy,0.929,144.77,0.902,0.654,0.047,75,"You show us everything you've got You keep on dancin', and the room gets hot You drive us wild, we'll drive you crazy And you say you wanna go for a spin The party's just begun, we'll let you in You drive us wild, we'll drive you crazy You keep on shoutin', you keep on shoutin' I wanna rock and roll all night and party every day I wanna rock and roll all night and party every day You keep on saying you'll be mine for a while You're lookin' fancy, and I like your style You drive us wild, we'll dr"
625,Phone Numbers,Dominic Fike,r&b,happy,0.539,85.01,0.776,0.884,0.239,75,"Can you break bread with me? Break bread with me, break, break Can you break bread with me? Break bread with me Whoa, Kenny! Why you not here with me? Can you break bread with me? Why you switch phone numbers like clothes? Why you can't answer me? (Yeah) 'Cause I got more coming Why you not here with me? (Why? Why?) Can you break bread with me? (Oh) Why you switch phone numbers like clothes? (Uh) Why you can't answer me? (Yeah, why?) 'Cause I got more coming Yes, I moved my shawty from Florida t"
626,MEGATRON,Nicki Minaj,r&b,happy,0.6409999999999999,94.02,0.771,0.893,0.128,75,"Brra-ta-ta-ta Brra-ta-ta-ta They call me Megatron, just did a telethon He got Margielas on, and I get my jealous on I fuck him like I miss him, he just came out of prison Bitches be talkin' shit, but they ain't got a pot to piss in My name is Nicki M, I'm in a sticky Benz That mean it's candy apple red, I'm Barbie, this is Ken That is a Fendi fact, I'm with a hunnid macs Oh, this is custom made, Donatella sent me that Feel up, baby, feel on me Pull up if you're feeling lonely Feel up, baby, feel"
627,Here Without You,3 Doors Down,rock,sad,0.55,144.02,0.234,0.536,0.054,75,"A hundred days have made me older Since the last time that I saw your pretty face A thousand lies have made me colder And I don't think I can look at this the same But all the miles that separate Disappear now when I'm dreaming of your face I'm here without you, baby But you're still on my lonely mind I think about you, baby And I dream about you all the time I'm here without you, baby But you're still with me in my dreams And tonight, it's only you and me, yeah The miles just keep rolling As th"
628,We Found Love,Rihanna,latin,happy,0.7659999999999999,127.99,0.6,0.734,0.025,75,"NA Yellow diamonds in the light And we're standing side by side As your shadow crosses mine What it takes to come alive It's the way I'm feeling, I just can't deny But I've gotta let it go We found love in a hopeless place We found love in a hopeless place We found love in a hopeless place We found love in a hopeless place Shine a light through an open door Love and life, I will divide Turn away cause I need you more Feel the heartbeat in my mind It's the way I'm feeling, I just can't deny But I"
629,Even Flow,Pearl Jam,rock,sad,0.944,105.34,0.265,0.394,0.002,75,"Freezin' Rests his head on a pillow made of concrete, again Oh, feelin' Maybe he'll see a little better, set of days, ooh yeah Oh, hand out Faces that he sees time again ain't that familiar, oh yeah Oh, dark grin He can't help, when he's happy he looks insane, hm yeah Even flow, thoughts arrive like butterflies Oh, he don't know, so he chases them away Oh, someday yet, he'll begin his life again Life again, life again... Kneelin' Looking through the paper though he doesn't know to read, oh yeah "
630,The Final Countdown,Europe,rock,sad,0.8440000000000001,117.65,0.185,0.536,0.063,75,"We're leaving together But still, it's farewell And maybe we'll come back To Earth, who can tell? I guess there is no one to blame We're leaving ground (Leaving ground) Will things ever be the same again? It's the final countdown The final countdown Oh We're heading for Venus (Venus) And still, we stand tall 'Cause maybe they've seen us And welcome us all, yeah With so many lightyears to go And things to be found (To be found) I'm sure that we'll all miss her so It's the final countdown The fina"
631,All Of The Lights,Kanye West,r&b,sad,0.8029999999999999,142.14,0.221,0.541,0.08,75,"NA All of the lights, lights, all of the lights Turn up the lights in here, baby Extra bright, I want y'all to see this Turn up the lights in here, baby You know what I need, want you to see everything Want you to see all of the lights Fast cars, shooting stars All of the lights, all of the lights Until it's Vegas everywhere, we are (All of the lights) If you want it, you can get it for the rest of your life If you want it, you can get it for the rest of your life Something wrong, I hold my head"
632,Big Boy Diamonds (feat. Kodak Black & London on Da Track),Gucci Mane,rap,neutral,0.635,129.04,0.542,0.883,0.031,75,"Big boy diamonds (Burr) I'm that big boy stepper, I'm that stepper All my steps calculated, I'm that stepper, nigga (Free Kodak, ASAP) Remember that, I'm the one that's stepping, nigga I'ma step, one thing about me, yeah I'm in London, got my beat from London (Go) Big boy diamonds Ice on me changin' the climate She like the way I be vibin' (Damn) This ain't a grill Ice on my teeth, yeah, it's permanent Bought a new gun and I dirtied it I'm a burglar and a murderer, try me I'm a burglar and a mur"
633,Walk,Comethazine,rap,happy,0.795,160.06,0.744,0.831,0.221,75,"PHLEXN Ayy, ayy I walk around like that nigga, finger on the trigger If a nigga want some smoke, I let this choppa eat his liver (Boom) I came with the .38, I'm leavin' with a body If he try me, do him sloppy, shootin' out the big body (Raah) I walk around like that nigga, finger on the trigger If a nigga want some smoke, I let this choppa eat his liver (Boom) I came with the .38, I'm leavin' with a body If he try me, do him sloppy, shootin' out the big body (Raah) Ayy, pop out on a pussy (Boom)"
634,"I Don't Want to Miss a Thing - From ""Armageddon"" Soundtrack",Aerosmith,rock,sad,0.662,121.15,0.138,0.383,0.165,75,"I could stay awake just to hear you breathin' Watch you smile while you are sleeping While you're far away and dreaming I could spend my life in this sweet surrender I could stay lost in this moment forever Where every moment spent with you is a moment I treasure Don't want to close my eyes I don't want to fall asleep 'Cause I'd miss you, baby And I don't wanna miss a thing 'Cause even when I dream of you (even when I dream) The sweetest dream would never do I'd still miss you, babe And I don't "
635,All Eyez On Me,2Pac,rap,happy,0.7190000000000001,93.28,0.858,0.873,0.03,75,"Big Syke, Newt, Hank, Beauregard, Big Sur (yeah) Y'all know how this shit go (you know) All eyes on me Motherfuckin' OG Roll up in the club and shit, is that right? All eyes on me All eyes on me But you know what? I bet you got it twisted, you don't know who to trust So many player-hatin' niggas tryna sound like us Say they ready for the funk, but I don't think they knowin' Straight to the depths of Hell is where them cowards goin' Well, are you still down? Nigga, holla when you see me And let t"
636,Tadow,Masego,r&b,sad,0.487,121.73,0.313,0.704,0.669,75,"Ahhh, ahhh Ayy, ayy, ayy, oh, ahh Ayy, ayy, ahh, ahh Tadow Ayy, ayy, ay, oh, ahh Ayy, ayy, ahh, ahh Tadow Ooh, I saw her and she hit me like (Tadow) Saw that thing so beautiful (Tadow) She just hit my heart, ooh (Tadow) Full force and she got me like (Tadow) I be like (Tadow) Baby (Tadow) Why you so fine? (Tadow, tadow) Gotta make you mine (Tadow, tadow) So hard to find (Tadow, tadow) Baby like oh How'd you do the thing? The way that you do it and she ain't even show Nothing She be walking round"
637,Hail to the King,Avenged Sevenfold,rock,happy,0.916,118.0,0.683,0.58,0.0,75,"Watch your tongue or have it cut from your head Save your life by keeping whispers unsaid Children roam the streets now orphans of war Bodies hanging in the streets to adore Royal flames will carve the path in chaos Bringing daylight to the night (Night) Death is riding into town with armor They come to take all your rights Hail to the king, hail to the one Kneel to the crown, stand in the sun Hail to the king (Hail, hail, hail) The King Blood is spilled while holding keys to the throne Born aga"
638,Love Scars,Trippie Redd,rap,sad,0.614,119.4,0.26,0.659,0.0,75,"Ayy Lil 14, yeah You used to say you in love I used to say that shit back Takin' that shit from the heart Now look where the fuck where we at Girl, you got me just going out bad Love scars and you got me real sad Thinkin' that you had a past I was hoping that shit was gon' last, oh Shawty, I just want your love for a minute I be captain, baby, you can be lieutenant Swear I lose my mind every time that I'm in it You won't get a dime, nah, no, not mine Spinach, spinach, I been here for a minute, m"
639,Betrayed,Lil Xan,rap,sad,0.434,120.01,0.241,0.821,0.434,75,"Huh, ayy (Yeah) You are now listening to a Bobby Johnson beat What? Yeah, ayy, ayy Pop the trunk, I open up I sold my soul, a good price, outta sight And my ho got talent, right? Whole squad ran through that shit, yikes Ayy, I'm a business man, I did my business, damn And I'ma bend it down, then I'ma lick her up And then dick her down, she gon' turn around Then I'ma kick her out, she gon' talk that shit but still Ayy, how you make it up? How you fake a love? Holy son, I was the chosen one I'm si"
640,Out Of Your Mind (feat. Swae Lee & Chris Brown),French Montana,rap,happy,0.882,95.0,0.611,0.718,0.023,75,"Mally Mall Out of your mind (Mind, mind, mind, mind) I was with you that time (Time, time, time, time) Fucking with me, you're out of your mind (Mind, mind, mind, mind) I was with you that time (Time, time, time, time, ooh-ooh) True, out of your mind (Out of your mind) I was with you that time You're fucking with me, out of your mind, out of your mind Watching your body like a yardie Turnin' to the next, that's word to Charlie We is who they say they are Champagne, caviar Big tool like a Navy ya"
641,Uprising,Muse,rock,neutral,0.905,128.02,0.411,0.602,0.0,75,"Paranoia is in bloom The PR transmissions will resume They'll try to push drugs that keep us all dumbed down And hope that we will never see the truth around(So come on) Another promise, another seed Another packaged lie to keep us trapped in greed And all the green belts wrapped around our minds And endless red tape to keep the truth confined (So come on) They will not force us They will stop degrading us They will not control us We will be victorious (So come on) Interchanging mind control Com"
642,Friday I'm In Love,The Cure,rock,neutral,0.763,136.21,0.514,0.526,0.001,75,"I don't care if Monday's blue Tuesday's grey and Wednesday too Thursday I don't care about you It's Friday, I'm in love Monday you can fall apart Tuesday, Wednesday, break my heart Oh, Thursday doesn't even start It's Friday, I'm in love Saturday, wait And Sunday always comes too late But Friday, never hesitate I don't care if Monday's black Tuesday, Wednesday heart attack Thursday never looking back It's Friday, I'm in love Monday you can hold your head Tuesday, Wednesday stay in bed Or Thursda"
643,Linger,The Cranberries,rock,sad,0.434,94.84,0.204,0.439,0.078,75,"If you, if you could return Don't let it burn Don't let it fade I'm sure I might be rude But it's just your attitude It's tearing me apart It's ruining everything And I swore, I swore I would be true And honey, so did you So why were you holding her hand? Is that the way we stand? Were you lying all the time? Was it just a game to you? But I'm in so deep You know I'm such a fool for you You've got me wrapped around your finger Do you have to let it linger? Do you have to, do you have to, do you "
644,Take It Easy - 2013 Remaster,Eagles,rock,happy,0.67,139.19,0.74,0.575,0.343,75,"Well, I'm running down the road tryin' to loosen my load I've got seven women on my mind Four that wanna own me, two that wanna stone me One says she's a friend of mine Take It easy, take it easy Don't let the sound of your own wheels drive you crazy Lighten up while you still can Don't even try to understand Just find a place to make your stand and take it easy Well, I'm a standing on a corner in Winslow, Arizona And such a fine sight to see It's a girl, my Lord, in a flatbed Ford Slowin' down "
645,MotorSport,Migos,r&b,sad,0.518,138.0,0.188,0.904,0.03,75,"Yeah, woo, yeah, skrrt M-M-M-Murda Motorsport, yeah, put that thing in sport (Skrrt, skrrt) Shawty bad (Bad), pop her like a cork (Pop it) You a dork, never been a sport (Dork, yeah) Pull up, woo, woo, jumpin' out the court (Jump) Cotton candy (Drink), my cup tastes like the fair (Cotton) Straight up there (Where?), we didn't take the stairs (Where?) Faced my fears (My fears), gave my mama tears (Mama) Shiftin' gears (Shift), on the Nawf, get serious (Serious) Face all your fears, then get at me"
646,Worth It,YK Osiris,rap,neutral,0.528,123.94,0.422,0.764,0.468,75,"I would give you the world, nah, nah, nah (Yo Kiwi, thank you bro) You just gotta be worth it, yeah, yeah, yeah, yeah I would give you the world, baby girl You just gotta be worth it (Oh, oh, oh) You don't gotta be perfect (Mm, mm, mm) You just gotta be worth it, yeah, yeah, yeah, yeah I would give you the world, baby girl You just gotta be worth it, yeah, yeah But you don't gotta be perfect (Oh, oh, oh) You just gotta be worth it, yeah, yeah, yeah, nah, nah Everybody doubted me, but girl, you s"
647,Outta My Head (with John Mayer),Khalid,latin,neutral,0.545,103.01,0.514,0.729,0.017,75,"I'm here outside when you're ready (When you're ready for me) Bring out the shots and confetti (All night long) I'll take you home if you let me, yeah (Oh yeah) Just promise you won't forget me, no 'Cause the days get brighter when you're here So I gotta keep you near Goin' crazy and I just can't get you outta my head Love is in the atmosphere, you can feel it in the air Gettin' hazy and I just can't get you outta my head Ooh-woah, ooh-woah Ooh-woah, ooh-woah (My) Ooh-woah, ooh-woah Ooh-woah, oo"
648,Gucci Gang,Lil Pump,rap,happy,0.523,119.89,0.699,0.936,0.239,74,"Yuh, ooh, brr, brr Gucci gang, ooh(That's it right there, Gnealz) Yuh, Lil Pump, yuh Gucci gang, ooh(Ooh, Bi-Bighead on the beat) Yuh, brr Gucci gang, Gucci gang, Gucci gang, Gucci gang (Gucci gang) Gucci gang, Gucci gang, Gucci gang (Gucci gang) Spend three racks on a new chain (Yuh) My bitch love do cocaine, ooh (Ooh) I fuck a bitch, I forgot her name (Brr, yuh) I can't buy a bitch no wedding ring (Ooh) Rather go and buy Balmains (Brr) Gucci gang, Gucci gang, Gucci gang (Gucci gang) Gucci gang"
649,Marvins Room,Drake,r&b,sad,0.26,111.52,0.312,0.492,0.646,74,"Hello? Yeah, I just walked in Yeah, I'm good… You still working? Tonight… Right now? Did I go out? Yeah, I went out, I went… I went to a couple of clubs I never went to bed, shit… Wine or water You said something about a cold drink? I don't know, I'm delirious… Cups of the rosé Bitches in my old phone I should call one and go home I've been in this club too long The woman that I would try Is happy with a good guy But I've been drinkin' so much That I'ma call her anyway, and say… Fuck that nigga "
650,Dark Necessities,Red Hot Chili Peppers,rock,sad,0.742,91.96,0.197,0.7,0.072,74,"Comin' on to the light of day, we got Many moons that are deep at play so IKeep an eye on the shadow smile to see what it has to say You and I both know, everything must go away Ah, what do you say? Spinnin' knot that is on my heart is like a Bit of light in a touch of dark, you got Sneak attack from the zodiac but I see your fire spark Eat the breeze and go, blow by blow and go away Oh, what do you say? Yeah You don't know my mind, you don't know my kind Dark necessities are part of my design a"
651,Father Stretch My Hands Pt. 1,Kanye West,r&b,neutral,0.573,113.09,0.438,0.724,0.118,74,"You're the only power (Power) You're the only power that can You're the only power (Power) You're the only power that can Ohh, ohh, ohh, father...If young Metro don't trust you I'm gon' shoot you Beautiful mornin', you're the sun in my mornin', babe Who can I turn to? Nothin' unwanted After all, who can I turn to? Beautiful mornin', you're the sun in my mornin', babe If I don't turn to you Nothin' unwanted No other help I know, I stretch my hands I just wanna feel liberated, I-I, na-na-na Who ca"
652,Painkiller,Ruel,latin,neutral,0.414,128.93,0.439,0.675,0.105,74,"You're my painkiller When my brain gets bitter You keep me close You keep me close I got front row seats for the parkside livin' Feel like the one, but I'm one in a billion Teenage cynical, and I don't really know What's the point of livin' if my heart gets broken? Drivin' on the road, waiting for head-on collision Springtime funeral I miss you, but I'd rather be alone To keep me from Heartbreaks, headaches The doctor says I'm diagnosed with Shit days, mistakes But I'll be fine But I'll be fine "
653,Stan,Eminem,rap,neutral,0.768,80.06,0.507,0.78,0.037,74,"NA My tea's gone cold I'm wondering why I got out of bed at all The morning rain clouds up my window And I can't see at all And even if I could it'd all be gray But your picture on my wall It reminds me that it's not so bad, it's not so bad My tea's gone cold I'm wondering why I got out of bed at all The morning rain clouds up my window And I can't see at all And even if I could it'd all be gray But your picture on my wall It reminds me that it's not so bad, it's not so bad Dear Slim, I wrote yo"
654,Jolene,Dolly Parton,r&b,happy,0.537,110.58,0.809,0.674,0.566,74,"NA Jolene, Jolene, Jolene, Jolene I'm begging of you please don't take my man Jolene, Jolene, Jolene, Jolene Please don't take him just because you can Your beauty is beyond compare With flaming locks of auburn hair With ivory skin and eyes of emerald green Your smile is like a breath of spring Your voice is soft like summer rain And I cannot compete with you, Jolene He talks about you in his sleep There's nothing I can do to keep From crying when he calls your name, Jolene And I can easily unde"
655,X (feat. Future),21 Savage,rap,sad,0.413,149.0,0.111,0.835,0.373,74,"Ten bad bitches in a mansion Wrist on Milly Rock, them diamonds on me dancin' When you workin' hard, then your money start expandin'I got model bitches wanna lick me like some candy And them drugs come in handy Last name Savage, bitch, but no, I'm not RandyHit her with no condom, had to make her eat a Plan BAnd I'm sippin' on that codeine, not Brandy (21) Hah (Hah) I'm just stuntin' on my ex-bitch (Hah) Huh (Hol' up) I'm just flexin' on my ex-bitch (Hah) Hol' up, I'm just stuntin' on my ex-bitch"
656,WINTER FLOWER(Feat.RM),Younha,latin,sad,0.7929999999999999,95.84,0.262,0.575,0.134,74,"NA (Hold on, hold on, hold on, hold on) 시린 겨울바람 깊은 발자국 아래 홀로 피어나 내가 태어나고 널 만난 이유를 찾아서 헤매어 하얗게 번지는 한숨은 얼어붙은 눈물 버려진 꿈들은 다른 상처를 낳고 이 계절의 끝이 어딜까 영원이 있다면 Hold on, hold on, hold on I will take it away before you stumble (Hold on, hold on) I will stay by your side until you survive (Hold on, hold on) 피어나 주기를 난 왜 널 만난 걸까 하필 바로 지금 여기 이 겨울날 눈 감으면 봄은 아득하고 여긴 찬 숨만 가득한데 모진 겨울 네가 흘렸던 피 에서 빨갛게 나는 태어났지 설중매, 동백, 수선화 그래 날 뭐라고 불러도 좋아 They say life is full of paradox All you gotta do is get used to this marathon 세상"
657,Killing Me Softly With His Song,Fugees,r&b,neutral,0.29,92.41,0.506,0.765,0.028,74,"Strumming my pain with his fingers Singing my life with his words Killing me softly with his song Killing me softly with his song Telling my whole life with his words Killing me softly with his song (Ah!) Yooo! (Yeah! Yeah!) This is Wyclef, Refugee Camp (L-Boogie up in here) Pra'zrel, (Pra'zrel up in here! Ha! Ha!) Lil' Base sits up there on the base (Refugees up in here) While I'm on this... I got my girl L (Ah, ah) One time (One time), one time, (One time) Ayo, L, you know you got the lyrics I"
658,Boasty (feat. Idris Elba),Wiley,latin,neutral,0.765,102.96,0.456,0.887,0.009,74,"Used to stand up on the block Now I'm always on my own Look around, all of us are always on the phone Buy a house cash, I ain't tryna get a loan All the chains and watches I leave them alone Still got the drip though, I be drippin' those All the fresh drips I be poppin' up in those Bought so many cars, I ain't got enough toes When they saw the black and yellow on my whip, bruddaz froze like Boasty, boasty, Godfather, man a OG Man a half humble, man are boasty Fling a ragga riddim like it's '03 B"
659,Aerials,System Of A Down,rock,sad,0.922,79.34,0.227,0.364,0.001,74,"Life is a waterfall We're one in the river and one again after the fall Swimming through the void, we hear the word We lose ourselves, but we find it all 'Cause we are the ones that want to play Always wanna go but you never wanna stay And we are the ones that want to choose Always wanna play but you never wanna lose Aerials in the sky When you lose small mind, you free your life Life is a waterfall We drink from the river then we turn around and put up our walls Swimming through the void, we he"
660,"Fuego (with Sean Paul & Anitta, feat. Tainy)",DJ Snake,latin,happy,0.8590000000000001,104.91,0.612,0.819,0.024,74,Don't make me crazy Your  bed won't take it Don't  start that fuego I can't fight my DNA Loca (Ahh) Alright  then Just  one touch weh mi gi di likkle miss And she start fi go loopy Mi  tell her me loving Don't miss on the ride back home Taking her home Like she feel man a joke She  fall inna love wid di way how I do it And I must love the way how she just can't leave me alone Crazy because she a pick up the phone She nuh stop call Simone And a tell her she moan and groan in the zone Think me a c
661,False Confidence,Noah Kahan,r&b,sad,0.6629999999999999,108.98,0.33,0.414,0.163,74,"Don't take yourself so seriously Look at you all dressed up for someone you never see You're here for a reason but you don't know why You're split and uneven, your hands to the sky Surrender yourself And I wonder why I tear myself down to be built back up again Oh, I hope somehow, I'll wake up young again All that's left of myself, holes in my false confidence And now I lay myself down and hope I wake up young again Hope I wake up young again Don't let those demons in again I fill the void up wi"
662,Are You Gonna Be My Girl,Jet,rock,neutral,0.953,105.05,0.537,0.613,0.001,74,"Let go So 1, 2, 3, take my hand and come with me Because you look so fine And I really wanna make you mine I say you look so fine That I really wanna make you mine Oh 4, 5, 6, come on and get your kicks Now you don't need that money When you look like that, do you honey Big black boots Long brown hair She's so sweet With her get back stare Well I could see, you home with me But you were with another man, yeah I know we ain't got much to say Before I let you get away, yeah I said, are you gonna b"
663,PRBLMS,6LACK,r&b,sad,0.58,68.58,0.139,0.417,0.031,74,"Yeah, yeah Yeah, yeah Yeah, yeah Alright And she said... “You a goddamn lie” I ain't mean to say that shit, girl, I was goddamn high So we left the crib now we in the goddamn ride She lookin' goddamn fine I wanted a bitch who was down to Earth But she want the goddamn sky, uh List of my problems Got this one on my line that won't stop fucking callin' It's crazy I made her that way Every time I see her out, I see the hate in her face Like why you do that? Tell her you love her when next week you "
664,Perfect (feat. Haris),Lucas & Steve,latin,neutral,0.657,118.03,0.532,0.751,0.096,74,"Always running on the move Ain't a thing we couldn't do Oooooh, oooh Sippin' liquor after school Paper bags to hide the booze Oooooh We'll make it I swear 'Cause we're halfway there So let me take it, take it all the way With my heart on my sleeve In all honesty There's something that I gotta gotta say Maybe I don't deserve it But I'll give you all I got and I'll make it worth it Rely on me and baby you won't be nervous 'Cause if we give it a shot then we could be perfect Making sure nobody knew"
665,My Favorite Part,Mac Miller,r&b,happy,0.33,95.02,0.718,0.861,0.627,74,"Don't know why thinking of him makes me smile... Said, you just don't know how beautiful you are And baby that's my favorite part You walk around so clueless to it all Like nobody gonna break your heart It'll be alright babe, see, me, I got you covered I'm gon' be your lover, you might be the one If it's only tonight, ayy, we don't need to worry We ain't in a hurry, rushin' into love Said, you know I know who you really are, ain't need to lie Said, the universe couldn't keep us apart Why would i"
666,CAPO,NLE Choppa,rap,neutral,0.953,154.96,0.594,0.617,0.119,74,"Yeah, huh Yeah, yeah, yeah, yeah, yeah, yeah Huh? Yeah, yeah, yeah, yeah, yeah, yeah, yeah, yeah, yeah, yeah, yeah Hahaha I ain't doin' no playing Jack, you hear me? Yeah, yeah, hrrroww Bow, yeah, yeah, yeah, yeah, yeah, yeah, yeah, yeah I'm tired of him breathing, I'm taking his breath (Huh?) Shoot to my right, my flag on the left I earned my stripes but I'm not a ref These niggas, they woke, they overslept (Yeah) My bitch, she clutch because she a nurse Whenever I'm down she give me a perc The"
667,Rise Up,Andra Day,r&b,sad,0.316,118.58,0.174,0.398,0.805,74,You're broken down and tired Of living life on a merry-go-round And you can't find the fighter But I see it in you so we gonna walk it out And move mountains We gonna walk it out And move mountains And I'll rise up I'll rise like the day I'll rise up I'll rise unafraid I'll rise up And I'll do it a thousand times again And I'll rise up High like the waves I'll rise up In spite of the ache I'll rise up And I'll do it a thousand times again For you For you For you For you When the silence isn't qu
668,"Free Fallin' - Live at the Nokia Theatre, Los Angeles, CA - December 2007",John Mayer,latin,neutral,0.296,172.64,0.436,0.315,0.771,74,"She's a good girl, loves her mama Loves Jesus and America too She's a good girl, crazy about Elvis Loves horses and her boyfriend too Yeah, yeah It's a long day living in Reseda There's a freeway running through the yard I'm a bad boy 'cause I don't even miss her I'm a bad boy for breaking her heart And I'm free Free fallin', fallin' And I'm free Free fallin', fallin' All the vampires walking through the valley They move west down Ventura Boulevard And all the bad boys are standing in the shadow"
669,In Too Deep,Sum 41,rock,happy,0.8440000000000001,116.05,0.766,0.568,0.0,74,"The faster we're falling We're stopping and stalling We're running in circles again Just as things were looking up You said it wasn't good enough But still, we're trying one more time Maybe we're just trying too hard When really, it's closer than it is too far 'Cause I'm in too deep, and I'm trying to keep Up above in my head, instead of going under 'Cause I'm in too deep, and I'm trying to keep Up above in my head, instead of going under Instead of going under Seems like each time I'm with you "
670,Replay,Iyaz,latin,sad,0.7509999999999999,91.03,0.195,0.706,0.173,74,"Shawty's like a melody in my head That I can't keep out, got me singin' like Na-na-na-na, everyday It's like my iPod stuck on replay, replay-ay-ay-ay Shawty's like a melody in my head That I can't keep out, got me singin' like (ayy!) Na-na-na-na, everyday It's like my iPod stuck on replay (J-J-J-JR), replay Remember the first time we met? You was at the mall wit' yo' friend I was scared to approach ya, but then you came closer Hopin' you would give me a chance Who would have ever knew That we wo"
671,Pursuit Of Happiness - Extended Steve Aoki Remix (Explicit),Kid Cudi,edm,happy,0.687,128.01,0.619,0.722,0.009,74,"Mmmm, ay-oh Hey... Ratatat, yeah! Na-na-na-nah Na-na-na-nah Crush a bit, little bit, roll it up, take a hit Feelin' lit, feelin' right, 2 AM, summer night I don't care, hand on the wheel Driving drunk, I'm doing my thing Rolling in the Midwest side and out Living my life, getting out dreams People told me slow my roll, I'm screaming out ""Fuck that"" I'ma do just what I want, looking ahead, no turning back If I fall, if I die, know I lived it to the fullest If I fall, if I die, know I lived and mi"
672,By the Way,Red Hot Chili Peppers,rock,sad,0.97,122.44,0.198,0.451,0.026,74,"Standing in line to see the show tonight And there's a light on, heavy glow By the way, I tried to say I'd be there waiting for Dani, the girl, is singing songs to me Beneath the marquee, overload Steak knife, card shark Con job, boot cut Skin that flick, she's such a little DJTo get there quick by street but not the freeway Turn that trick to make a little leeway Beat that nic, but not the way that we play Dogtown, blood bath Rib cage, soft tail Standing in line to see the show tonight And ther"
673,Happy Together,The Turtles,rock,neutral,0.3670000000000001,120.18,0.588,0.584,0.55,74,"Imagine me and you, I do I think about you day and night, it's only right To think about the girl you love and hold her tight So happy together If I should call you up, invest a dime And you say you belong to me, and ease my mind Imagine how the world could be, so very fine So happy together I can't see me lovin' nobody but you For all my life When you're with me, baby the skies'll be blue For all my life Me and you, and you and me No matter how they toss the dice, it had to be The only one for "
674,Piano Man,Billy Joel,rock,neutral,0.55,177.73,0.429,0.331,0.605,74,"It's nine o'clock on a Saturday The regular crowd shuffles in There's an old man sitting next to me Making love to his tonic and gin He says, ""Son, can you play me a memory? I'm not really sure how it goes But it's sad and it's sweet and I knew it complete When I wore a younger man's clothes."" La la la, di da da La la, di da da da dum Sing us a song, you're the piano man Sing us a song tonight Well, we're all in the mood for a melody And you've got us feeling alright Now John at the bar is a fri"
675,No Problem (feat. Lil Wayne & 2 Chainz),Chance the Rapper,rap,happy,0.795,135.02,0.788,0.652,0.156,74,"You don't want zero problems, big fella!Yep! Igh! If one more label try to stop me It's gon' be some dreadhead niggas in ya lobby, huh huh You don't want no problem, want no problem with me, bih You don't want no problem, want no problem with me, huh, haha Just another day, had to pick up all the mail There go Chano ridin' through the streets, they be like, ""There he go!"" You don't want no problem, want no problem with me, bih You don't want no problem, want no problem with me, huh, haha Just an"
676,Waves,Dean Lewis,r&b,sad,0.7290000000000001,156.88,0.343,0.518,0.183,74,"There is a swelling storm And I'm caught up in the middle of it all And it takes control of the person that I thought I was The boy I used to know But there is a light in the dark And I feel its warmth In my hands, in my heart But why can't I hold on? It comes and goes in waves It always does, always does We watch as our young hearts fade Into the flood, into the flood And the freedom of falling The feeling I thought was set in stone It slips through my fingers I'm trying hard to let go It comes"
677,One Step Closer,Linkin Park,rock,neutral,0.969,95.14,0.538,0.492,0.001,74,"I cannot take this anymore Saying everything I've said before All these words they make no sense I find bliss in ignorance Less I hear, the less you'll say You'll find that out anyway Just like before Everything you say to me(Takes me one step closer to the edge And I'm about to break) I need a little room to breathe('Cause I'm one step closer to the edge I'm about to break) I find the answers aren't so clear Wish I could find a way to disappear All these thoughts they make no sense I find bliss"
678,No Hands (feat. Roscoe Dash & Wale),Waka Flocka Flame,rap,sad,0.595,131.5,0.361,0.76,0.005,74,"Listen to this track, bitch! Girl, the way you're moving got me in a trance DJ, turn me up, ladies, this your jam (come on) I'ma sip Moscato and you gon' lose them pants Then I'ma throw this money while you do it with no hands (le'go) Girl, drop it to the floor I love the way your booty go All I wanna do is sit back and watch you move And I'll proceed to throw this cash (whoa, whoa, whoa, le'go) All that ass, in your jeans Can Wale beat? Can Roscoe skeet? Long hair, she don't care, when she walk"
679,Problem,Ariana Grande,latin,happy,0.805,103.01,0.625,0.66,0.019,74,"Uh-huh! It's Iggy Iggs! I got one more problem with you girl, hey!(One less, one less problem) Hey baby, even though I hate ya, I wanna love ya (I want you) And even though I can't forgive ya, I really want to (I want you) Tell me, tell me, baby, why can't you leave me? 'Cause even though I shouldn't want it, I gotta have it (I want you) Head in the clouds Got no weight on my shoulders I should be wiser, and realize that I've got One less problem without ya I got one less problem without ya I go"
680,Portland,Drake,rap,sad,0.443,136.08,0.35,0.925,0.017,74,"Murda on the beat so it's not nice Yeah It's a Habibis ting, ya? Yeah, my side girl got a 5S with the screen cracked Still hit me back right away, better not never hesitate Don't come around thinkin' you gettin' saved Tryna show the dogs brighter days Got a torch, tryna light the way Bitin' everybody, which is ironic 'Cause your next album probably won't ever see the light of day Had fans, but you let 'em down But I guess that's how you niggas gettin' down I'm so high up I'm like, ""How is niggas"
681,Never Go Back,Dennis Lloyd,latin,happy,0.653,78.6,0.733,0.421,0.014,74,"I never go back, no, no, no I never go, I never go back I never go back, no, no, no I never go, I never go back It's not my baby, not the girl I knew then Not the girl I know now, anymore I wanna leave you, ""Baby don't you leave me Baby don't you love me? Mi amor"" Always look around girl, try to see the good things Why you always say that you've never done wrong? ""Why you never hold me? Tell me that you love me Why you always say that you'd never let go?"" I never go back, no, no, no I never go, "
682,It Was A Good Day,Ice Cube,rap,happy,0.7440000000000001,82.36,0.794,0.798,0.33,74,"NA Break 'em Yeah Yeah Yeah Uh Just wakin' up in the morning, gotta thank God I don't know, but today seems kinda odd No barking from the dog, no smog And Momma cooked a breakfast with no hog I got my grub on, but didn't pig out Finally got a call from a girl I wanna dig out Hooked it up for later as I hit the door Thinkin', ""Will I live another twenty-four?"" I gotta go 'cause I got me a drop-top And if I hit the switch, I can make the ass drop Had to stop at a red light Lookin' in my mirror and"
683,The Monster,Eminem,latin,happy,0.853,110.05,0.624,0.781,0.052,74,"I'm friends with the monster that's under my bed Get along with the voices inside of my head You're tryin' to save me, stop holdin' your breath And you think I'm crazy, yeah, you think I'm crazy I wanted the fame but not the cover of Newsweek Oh well, guess beggars can't be choosey Wanted to receive attention for my music Wanted to be left alone in public, excuse me For wantin' my cake, and eat it too, and wantin' it both ways Fame made me a balloon ‘cause my ego inflated When I blew, see, but i"
684,Hard Times,Paramore,r&b,happy,0.818,119.96,0.916,0.695,0.006,74,All that I want Is to wake up fine Tell me that I'm all right That I ain't gonna die All that I want Is a hole in the ground You can tell me when it's alright For me to come out (Hard times) Gonna make you wonder why you even try (Hard times) Gonna take you down and laugh when you cry (These lives) And I still don't know how I even survive (Hard times) (Hard times) And I gotta get to rock bottom (Oof!) Walking around With my little rain cloud Hanging over my head And it ain't coming down Where d
685,Shotta Flow 3,NLE Choppa,rap,happy,0.716,128.0,0.799,0.722,0.008,74,"No way, Hozay I might just K.O., the Perc' up in my Faygo Run up on me wrong, turn his head into a bagel On the opposition block, just like a Lego I'm big homie, bitch, so you know that I got say-so What you say? Yeah, man, know what the fuck goin' on NLE Choppa, nigga (Bitch) Shotta Flow 3 (Yeah) Nigga can get beat (Yeah), I don't fuck with the police (Fuck 12, bitch, bitch) Fuck he talkin' 'bout? (Yeah) What I say? (Crip) Ayy (Crip), yeah (Crip), yeah (Crip), yeah Every show that I do, bitch, "
686,The Boys Are Back In Town,Thin Lizzy,rock,happy,0.706,80.82,0.768,0.445,0.234,74,"Guess who just got back today? Them wild-eyed boys that'd been away Haven't changed, had much to say But man, I still think them cats are crazy They were askin' if you were around How you was, where you could be found Told them you were livin' downtown Drivin' all the old men crazy The boys are back in town (The boys are back in town) I said, the boys are back in town (The boys are back in town) The boys are back in town (The boys are back in town) The boys are back in town (The boys are back in"
687,1979 - Remastered 2012,The Smashing Pumpkins,rock,happy,0.7879999999999999,126.88,0.964,0.765,0.017,74,Shakedown 1979 Cool kids never have the time On a live wire right up off the street You and I should meet Junebug skippin' like a stone With the headlights pointed at the dawn We were sure we'd never see an end To it all And I don't even care To shake these zipper blues And we don't know Just where our bones will rest To dust I guess Forgotten and absorbed Into the earth below Double-cross the vacant and the bored They're not sure just what we have in store Morphine city slippin' dues Down to se
688,Ace of Spades,Motörhead,rock,sad,0.981,140.08,0.234,0.317,0.002,74,"If you like to gamble, I tell you I'm your man You win some, lose some, it's all the same to me The pleasure is to play, makes no difference what you say I don't share your greed, the only card I need is The Ace of Spades The Ace of Spades Playing for the high one, dancing with the devil Going with the flow, it's all a game to me Seven or Eleven, snake eyes watching you Double up or quit, double stake or split The Ace of Spades The Ace of Spades You know I'm born to lose, and gambling's for fool"
689,On The Low,Burna Boy,r&b,happy,0.7809999999999999,99.95,0.937,0.816,0.692,74,"It's Kel P Vibes Yeah, yeah Kpokpotikpo kpo kpo kpo Baby your love dey high me like choko Kpokpotikpo kpo kpo kpo Baby your love dey high me like choko, yeah Kpokpotikpo kpo kpo kpo Baby your love dey high me like choko (Baby your love dey high me) NA Angeli, Angelina, you dey cool my temperature If you call, I go come deliver I no go fall e your hand, never Say na me you go love forever I'm a khaki, no fit be leather Oh my Angeli , Angelina Oh my Angeli , Angelina Oh mi o da oh Anytime wey I se"
690,Bezerk (feat. A$AP Ferg),Big Sean,rap,sad,0.687,184.03,0.265,0.684,0.016,74,"Yeah, yeah (Hit-Boy) Woah, yeah, yeah Sean, what up nigga? (Sean, what up nigga?) Yeah (Yeah) Yeah, yeah Lil' bitch Couple riders with them llamas if you pick a bone wit' me Put my bitch up on designer, got Balenci' on her feet My Mama say a couple prayers, keep them demons off me'Cause I know I'm out here blessed, got so many reasons on me Yeah, niggas done tried and niggas done died, too many believers around me Yeah, I know my enemies meeting up, double-teaming on me Now you know nobody tried"
691,Karma Police,Radiohead,rock,sad,0.505,74.81,0.317,0.36,0.063,74,"Karma police, arrest this man He talks in maths, he buzzes like a fridge He's like a detuned radio Karma police, arrest this girl Her Hitler hairdo is making me feel ill And we have crashed her party This is what you'll get This is what you'll get This is what you'll get When you mess with us Karma police, I've given all I can It's not enough, I've given all I can But we're still on the payroll This is what you'll get This is what you'll get This is what you'll get When you mess with us For a mi"
692,Self Control,Frank Ocean,r&b,neutral,0.209,80.07,0.446,0.572,0.765,74,"Poolside convo about your summer last night, ooh yeah About your summer last night Ain't give you no play, mm Could I make you shive last night? Could I make you shy on the last night, last night? Could we make it in? Do we have time? I'll be the boyfriend in your wet dreams tonight Noses on a rail, little virgin wears the white You cut your hair but you used to live a blonded life Wish I was there, wish we'd grown up on the same advice And our time was right Keep a place for me, for me I'll sle"
693,Playinwitme (feat. Kehlani),KYLE,r&b,happy,0.584,156.57,0.676,0.689,0.339,74,"Girl, why are you playin' wit' me? Girl, who are you playin' wit'? You been on that new stuff I been on the same shit (Yeah) Girl, why are you playin' wit' me? I don't got the time for that Might need me a refund, haha I'ma need that time back You say you'll try I've heard that line a thousand times before I'm not sad, I'm not cryin' If you mad, that's fine, but I think that I should go Yeah, why you tryna play me? You bein' a different you, and I'm bein' the same me You coulda had Gucci, but no"
694,Ye,Burna Boy,r&b,sad,0.5920000000000001,200.0,0.344,0.503,0.018,74,"Yeah My nigga... die for nothing, ah My nigga... die for nothing, ah Die for nothing, ah My nigga... die for nothing, ah My nigga... die for nothing, ah My nigga... Oluwaburna, ehn-ehn, Ye Ye Ye Ye Ye Ye Ye Ye Ye Ye Ye, ehn-ehn, Ye Ye Ye Ye Ye Ye Ye Ye Ye Ye Ye Ye, Ye Ye Ye Ye Ye Ye Ye Ye Ye Ye, ehn-ehn, Ye Ye Ye Ye Ye Ye Ye Ye Ye Ye This one na gbedu wey dey ja pata Me, I no get time, I dey da pada Dada cover my face, calling me Lagbaja Biggie man, wey no dey wear agbada Ahn ahn (Tell me, tell "
695,Gravity,John Mayer,r&b,sad,0.326,123.98,0.237,0.764,0.731,74,"Gravity is working against me And gravity wants to bring me down Oh, I'll never know What makes this man, with all the love that his heart can stand Dream of ways to throw it all away Woah, woah Gravity is working against me And gravity wants to bring me down Oh, twice as much ain't twice as good And can't sustain like one half could It's wanting more that's gonna send me to my knees NA Oh, twice as much ain't twice as good And can't sustain like one half could It's wanting more that's gonna sen"
696,The Sound of Silence - Acoustic Version,Simon & Garfunkel,rock,sad,0.216,106.76,0.328,0.525,0.837,74,"Hello darkness, my old friend I've come to talk with you again Because a vision softly creeping Left its seeds while I was sleeping And the vision that was planted in my brain Still remains Within the sound of silence In restless dreams I walked alone Narrow streets of cobblestone 'Neath the halo of a street lamp I turned my collar to the cold and damp When my eyes were stabbed by The flash of a neon light That split the night And touched the sound of silence And in the naked light I saw Ten tho"
697,Rebel Rebel - 2016 Remaster,David Bowie,rock,neutral,0.6859999999999999,125.99,0.464,0.635,0.209,74,"Doo doo doo-doo doo doo-doo doo Doo doo doo-doo doo doo-doo doo Doo doo doo-doo doo doo-doo doo You've got your mother in a whirl She's not sure if you're a boy or a girl Hey babe, your hair's alright Hey babe, let's go out tonight You like me and I like it all We like dancing and we look divine You love bands when they're playing hard You want more and you want it fast They put you down, they say I'm wrong You tacky thing, you put them on Rebel Rebel, you've torn your dress Rebel Rebel, your fa"
698,Press,Cardi B,r&b,sad,0.525,133.98,0.243,0.888,0.029,74,"Monsta's gon' tear it up Bardi Woo, yeah Bitches be pressed (Woo) Bitches be pressed (Pressed) Woo, yeah, yeah, woo Bitches be pressed (Pressed) They knew how I'm coming, real bitch in the flesh (Woo) Who the fuck she gon' check? (Who?) She be talking that shit, talkin' out of her neck (Brr) Put blood on her dress (Woo) Bitches be mad when they see Cardi step in the spot (Woah) Said that you 'bout it, we know that you not I'ma pull up on bitches as soon as I drop Bought a new foreign, I might co"
699,What I Please (feat. Denzel Curry),Smokepurpp,rap,neutral,0.7090000000000001,139.88,0.54,0.803,0.035,74,"Ayy, KBeaZy, you fired up Bitch Lil Purpp bless your trap Brr I do what I want, what I please Bitch wanna talk, gotta get on her knees Seven chains on in the club, I might freeze How the fuck I got these bands in my jeans? (Bitch) I do what I want, what I please How the fuck I got these bands in my jeans? (Uh) Drop me a bag, fuck a bitch overseas (Uh) Don't fuck with niggas, I only got me (Yeah) Boy, you not tough, stop it (Yeah) He got a gun but I came with a rocket (Brrt) Big ass AR, that bitc"
700,Woah (feat. D3Mstreet),KRYPTO9095,r&b,happy,0.522,144.01,0.623,0.888,0.007,74,"Woah Lookin' at my drip, lookin' at yo drip, (Woah) Mommy look at me, ooh, I'm killin' it (Woah) Swinging side to side and I'm killin' that (Woah) Damn yo' girl so fine, but her breath is like (Woah) She said she wanna dance but she don't know how to (Woah) I'm iced out, ooh, lookin' like a star (Woah) Her name is Jenny, ooh, bitch don't have no panties (Woah) I'm Steph Curry, when I hit the three, I hit the (Woah) Pause, Lean, Hit you with the (Woah) I'm saucy, ooh, she don't like me (Woah) She"
701,Caught Up (feat. Khalid),Majid Jordan,r&b,neutral,0.438,81.5,0.501,0.678,0.29,74,"Oh, oh (Oh) Oh, oh (Oh) Oh, oh Oh, oh How many wrongs can I right? How many? (How many?) How many wrongs in a night? (How?) How many wrongs in a night, oh (How many?) Ooh, caught up in L.A., yeah, yeah, yeah Caught up in a race, yeah, yeah, yeah I'm tryna keep faith Tryna stay real not fake, man Caught up in L.A. yeah, yeah Get the Louis from the Louis store straight Packin' it up, sendin' it to your place Callin' you up just so I can touch base I hate how you're so far away Nobody's perfect, I'"
702,Sativa,Jhené Aiko,r&b,happy,0.61,125.99,0.72,0.741,0.315,74,"Yeah, oh, oh Yeah Why you make it so complicated? Off the drink, we concentratin' I know you won't leave me hangin'Smokin' weed out the container We spend cash for entertainment There's more where that came from, that's all I'm sayin' It's me and you and we makin' arrangements It's you and me and we makin' arrangements Is it hot in here or is it just me? I'm so high in here, been smokin' on this weed Told 'em, ""Go on, take a shot on three""Told 'em, ""Drinks is on me"" Yeah, the drinks are on me I "
703,Where Is My Mind?,Pixies,rock,sad,0.436,80.88,0.27,0.518,0.016,74,"(Ooh)—stop With your feet on the air and your head on the ground Try this trick and spin it, yeah (Yeah) Your head will collapse if there's nothing in it And you'll ask yourself Where is my mind? Where is my mind? Where is my mind? Way out in the water See it swimming I was swimming in the Caribbean Animals were hiding behind the rock Except the little fish bumped into me I swear he was trying to talk to me, to me, to me Where is my mind? Where is my mind? Where is my mind? Way out in the water "
704,Confident,Demi Lovato,latin,sad,0.7490000000000001,130.06,0.344,0.594,0.002,74,"Are you ready? Ha It's time for me to take it I'm the boss right now Not gonna fake it Not when you go down'Cause this is my game, and you better come to play I used to hold my freak back, now I'm letting go I make my own choice Bitch, I run this show So leave the lights on No, you can't make me behave (Oh-oh-oh) So, you say I'm complicated That I must be out my mind But you've had me underrated-rated-rated (Uh-huh) What's wrong with being, what's wrong with being What's wrong with being confide"
705,W (feat. Gunna),Koffee,r&b,happy,0.721,100.98,0.902,0.856,0.178,74,"(Yo Izy, are you kidding me?) A no news, me ina me prime, a no crime Where di dolla sign? Money pon me mind (Yeah) So me nah no time fi spend Time fi spend A me style put me pon di map, me deh pon di top And me name Koffee-Swag-A-Lot Dem a chat, me nah no time fi dem Time fi dem Yeah a so me wake up, yeah Money maker, no makeup (Yeah) Me go straight fi di paper (Yeah) Tell ya, ""Wait, see ya later"" Me step out, everybody look like, ""What?"" Me so fresh, dem say ""How you look like dat?"" Hot up ever"
706,"I Don't Want to Miss a Thing - From the Touchstone film, ""Armageddon""",Aerosmith,rock,sad,0.649,121.16,0.144,0.39,0.172,74,"I could stay awake just to hear you breathin' Watch you smile while you are sleeping While you're far away and dreaming I could spend my life in this sweet surrender I could stay lost in this moment forever Where every moment spent with you is a moment I treasure Don't want to close my eyes I don't want to fall asleep 'Cause I'd miss you, baby And I don't wanna miss a thing 'Cause even when I dream of you (even when I dream) The sweetest dream would never do I'd still miss you, babe And I don't "
707,I Want To Hold Your Hand - Remastered 2015,The Beatles,rock,happy,0.715,130.73,0.866,0.49,0.386,74,"Oh yeah, I'll tell you something I think you'll understand When I'll say that something I want to hold your hand I want to hold your hand I want to hold your hand Oh please, say to me You'll let me be your man And please, say to me You'll let me hold your hand Now let me hold your hand I want to hold your hand And when I touch you I feel happy inside It's such a feeling that my love I can't hide I can't hide I can't hide Yeah, you got that something I think you'll understand When I'll say that s"
708,La Grange - 2005 Remaster,ZZ Top,rock,happy,0.64,80.54,0.606,0.545,0.002,74,"Rumor spreadin' a-'round in that Texas town 'bout that shack outside La Grange And you know what I'm talkin' about Just let me know if you wanna go To that home out on the range They gotta lotta nice girls ah Have mercy A-haw haw haw-haw Heh, A-haw haw haw Well, I hear it's fine if you got the time And the ten to get yourself in A hmm, hmm And I hear it's tight most every night But now I might be mistaken Hmm, hmm, hmm Ah have mercy NA Rumor spreadin' a-'round in that Texas town 'bout that shack"
709,If You Leave Me Now,Chicago,rock,sad,0.564,104.21,0.276,0.429,0.019,74,"If you leave me now You'll take away the biggest part of me Ooh no, baby please don't go And if you leave me now You'll take away the very heart of me Ooh no baby please don't go Ooh girl, I just want you to stay A love like ours is love that's hard to find How could we let it slip away We've come too far to leave it all behind How could we end it all this way When tomorrow comes and we'll both regret The things we said today A love like ours is love that's hard to find How could we let it slip "
710,Tainted Love,Soft Cell,rock,happy,0.501,144.44,0.623,0.5,0.462,74,"NA Sometimes I feel I've got to Run away I've got to Get away From the pain you drive into the heart of me The love we share Seems to go nowhere And I've lost my light For I toss and turn I can't sleep at night Once I ran to you (I ran) Now, I'll run from you This tainted love you've given I give you all a boy could give you Take my tears and that's not nearly all Oh, tainted love Tainted love Now, I know I've got to Run away, I've got to Get away You don't really want any more from me To make t"
711,Dancing With Your Ghost,Sasha Sloan,r&b,sad,0.327,74.95,0.381,0.629,0.761,74,"Yelling at the sky Screaming at the world Baby, why'd you go away? I'm still your girl Holding on too tight Head up in the clouds Heaven only knows where you are now How do I love, how do I love again? How do I trust, how do I trust again? I stay up all night, tell myself I'm alright Baby, you're just harder to see than most I put the record on, wait 'til I hear our song Every night, I'm dancing with your ghost Every night, I'm dancing with your ghost Never got the chance To say your last goodby"
712,Cyber Sex,Doja Cat,r&b,happy,0.657,131.03,0.818,0.917,0.318,74,"I wanna touch on you (On you) You see me in my room (My room) Wish you were here right now (Right now) All of the things I'd do I wanna get freaky on camera I love when we get freaky on camera We freak on the cam Love at first sight, just a link to the 'Gram Pussy all pink with a tan And I play with it 'til my middle fingers are cramped up Swipe right 'cause he thick and he handsome Love a sneak peek, when you free? Can we cam up? No shot to the screen, put your hands up Make it pop in your face"
713,Wanted,OneRepublic,r&b,happy,0.534,145.82,0.711,0.668,0.164,74,"She said, ""Every time I close my eyes I feel like I could disappear I could overflow an ocean with the cavalcade of all my tears And I know I sound dramatic, but that's just how it feels"" She said, ""I'm holdin' to the notion that I'll find something real"" Yeah, I just want to be wanted, oh I could use a little love sometimes I just need to be needed, oh Like to know I'm crossin' someone's mind I just want to be someone that somebody needs I just want to be more than a drop in the sea I just want"
714,Imported (with 6LACK),Jessie Reyez,r&b,sad,0.636,111.1,0.362,0.726,0.199,74,"Hi, my name is, doesn't matter I like making bad decisions Let's wake up like nothing happened If we do it, say we didn't If your friends ask if you hit it You can tell 'em, I'll admit it I'll wear that shit like a badge 'Cause I know that I got that kitty You, you're in love with somebody else Maybe I could offer some help Get over them by gettin' under me But you might O.D. if you get too much of me O.D. if you get too much of me O.D. if you get too much of me, yuh Hi, my name is not important"
715,Layla - 40th Anniversary Version / 2010 Remastered,Derek & The Dominos,rock,neutral,0.903,115.67,0.498,0.404,0.577,74,"NA What'll you do when you get lonely And nobody's waiting by your side You've been running and hiding much too long You know it's just your foolish pride Layla, you've got me on my knees Layla, I'm begging, darling please Layla, darling won't you ease my worried mind I tried to give you consolation When your old man had let you down Like a fool, I fell in love with you Turned my whole world upside down Layla, you've got me on my knees Layla, I'm begging, darling please Layla, darling won't you "
716,Blame,Bryson Tiller,r&b,sad,0.38,114.97,0.323,0.73,0.032,74,"Yeah, ayy, yeah, ayy Ayy, ayy, yeah, ayy Ayy, ayy, yeah, ayy Yeah Say I didn't love you, you know a nigga loved you Did you forget to mention? All the things I did for you, times I made a trip 'Cause I know you hate the distance Baby, it's alright (It's alright) Go ahead and take your time But you gotta make your mind Make your mind up, ooh Girl, it's on you to tell me what you wanna do Ayy Tell me no, tell me somethin', tell me is it someone? Seen you claim him pronto, must know somethin' I don"
717,Finer Things,Polo G,r&b,sad,0.45,177.98,0.131,0.506,0.068,74,"Yeah, I know You be posted up from Sunday to Saturday night Started hangin' with the members, then you blew a few pipes And you gon' do the dash if you see them blue lights A lot of people dyin' and it's a chance that you might You got God on your side, but it's hard to do right Don't pay them haters no mind, you can be what you like Tryna leave this in the past, grindin' for a new life Hard headed, I grew up resilient It wasn't no heroes, so we looked up to the villains For generations, bitch, "
718,Give A Little Bit,Supertramp,rock,neutral,0.818,90.77,0.471,0.531,0.069,74,"NA Ooh, yeah Alright Here we go again Neah neah, whoa no, da na, hey hey Yeah I'll give a little bit I'll give a little bit of your love to me I'll give a little bit I'll give a little bit of my love to you There's so much that we need to share So send a smile, and show you care (Alright, alright) I'll give a little bit I'll give a little bit of my life for you So give a little bit Oh give a little bit of your time to me See the man with the lonely eyes Oh take his hand, you'll be surprised Oh, "
719,Should've Said It,Camila Cabello,r&b,neutral,0.5489999999999999,98.01,0.596,0.666,0.028,74,"Ayy, ayy So you want me now? That's funny 'Cause you didn't give a... back then Comin' back around, so sorry 'Cause there's no room in my bed And I'm all good now, someone else is gettin' all of me (Ah) If you wanted me so desperately, you shoulda said it Show up at my door, but I don't live there anymore Sendin' me our songs, but they don't really sound like before I was crazy for you, all caught up and confused (Ah) Love was broken for me, now it's broken for you You're only lonely Now that yo"
720,Down with the Sickness,Disturbed,rock,happy,0.8759999999999999,89.95,0.941,0.695,0.001,74,"Can you feel that? Ah, shit!Oh, wah-ah-ah-ah! Oh, wah-ah-ah-ah! Oh, oh! Oh, oh! Oh, oh! Drowning deep in my sea of loathing Broken, your servant, I kneel (Will you give in to me?) It seems what's left of my human side Is slowly changing in me (Will you give in to me?) Looking at my own reflection When suddenly it changes, violently it changes Oh no, there is no turning back now You've woken up the demon in me Get up, come on, get down with the sickness Get up, come on, get down with the sickness"
721,Riders on the Storm,The Doors,rock,happy,0.722,103.88,0.716,0.549,0.25,74,"Riders on the storm Riders on the storm Into this house we're born Into this world we're thrown Like a dog without a bone, an actor out on loan Riders on the storm There's a killer on the road His brain is squirmin' like a toad Take a long holiday Let your children play If you give this man a ride, sweet family will die Killer on the road Girl you gotta love your man Girl you gotta love your man Take him by the hand Make him understand The world on you depends, our life will never end Gotta love"
722,Easily,Bruno Major,r&b,sad,0.256,118.9,0.357,0.772,0.491,74,"Don't you tell me that it wasn't meant to be Call it quits, call it destiny Just because it won't come easily Doesn't mean we shouldn't try We had a good thing going lately Might not have always been a fairy tale But you know and I know that they ain't real I'll take the truth over the story You might have tried my patience lately But I'm not about to let us fail I'll be the wind picking up your sail But won't you do something for me? Don't you tell me that it wasn't meant to be Call it quits, c"
723,Crazy Little Thing Called Love - Remastered 2011,Queen,rock,happy,0.7609999999999999,77.02,0.712,0.599,0.713,74,"NA This thing called love I just can't handle it This thing called love I must get 'round to it, I ain't ready Crazy little thing called love A-this thing (This thing) called love (Called love) It cries (Like a baby) in a cradle all night It swings (Woo, woo), it jives (Woo, woo) It shakes all over like a jelly fish, woo, I kinda like it Crazy little thing called love There goes my baby She knows how to rock 'n' roll She drives me crazy She gives me hot and cold fever Then she leaves me in a coo"
724,Drive,Incubus,rock,happy,0.792,90.56,0.666,0.645,0.056,74,"Sometimes I feel the fear of uncertainty stinging clear And I, I can't help but ask myself How much I let the fear take the wheel and steer It's driven me before And it seems to have a vague, haunting mass appeal But lately I'm Beginning to find that I should be the one behind the wheel Whatever tomorrow brings I'll be there With open arms and open eyes, yeah Whatever tomorrow brings I'll be there I'll be there So if I decide to waiver my chance To be one of the hive Will I choose water over win"
725,Don't Cry (Original),Guns N' Roses,rock,sad,0.59,124.64,0.243,0.456,0.002,74,"Talk to me softly, there's something in your eyes Don't hang your head in sorrow and please don't cry I know how you feel inside, I've, I've been there before Something is changing inside you and don't you know? Don't you cry tonight, I still love you, baby And don't you cry tonight Don't you cry tonight, there's a heaven above you, baby And don't you cry tonight Give me a whisper and give me a sigh Give me a kiss before you tell me goodbye Don't you take it so hard now and please don't take it "
726,Best Part of Me (feat. YEBBA),Ed Sheeran,r&b,sad,0.242,81.66,0.237,0.565,0.762,74,"My lungs are black, my heart is pure My hands are scarred from nights before And my hair is thin and falling out of all the wrong places I am a little insecure My eyes are crossed, but they're still blue I bite my nails and tell the truth I go from thin to overweight, day to day, it fluctuates My skin is inked, but faded, too But she loves me, she loves me Why the hell does she love me When she could have anyone else? Oh, you love me, you love me Why the hell do you love me? 'Cause I don't even "
727,Comfortably Numb,Pink Floyd,rock,sad,0.366,127.17,0.171,0.472,0.15,74,"NA Hello? (Hello, hello, hello) Is there anybody in there? Just nod if you can hear me Is there anyone home? Come on (Come on, come on), now I hear you're feeling down Well, I can ease your pain And get you on your feet again Relax (Relax, relax, relax) I'll need some information first Just the basic facts Can you show me where it hurts? There is no pain, you are receding A distant ship, smoke on the horizon You are only coming through in waves Your lips move, but I can't hear what you're saying"
728,Go Your Own Way - 2004 Remaster,Fleetwood Mac,rock,happy,0.947,135.45,0.803,0.583,0.018,74,"Loving you isn't the right thing to do How can I ever change things that I feel? If I could, maybe I'd give you my world How can I when you won't take it from me? You can go your own way (go your own way) You can call it another lonely day You can go your own way (go your own way) Tell me why everything turned around Packing up, shacking up's all you wanna do If I could, baby, I'd give you my world Open up, everything's waiting for you You can go your own way (go your own way) You can call it an"
729,Message In A Bottle,The Police,rock,happy,0.8079999999999999,151.01,0.869,0.577,0.034,74,"NA Just a castaway, an island lost at sea, oh Another lonely day with no one here but me, oh More loneliness than any man could bear Rescue me before I fall into despair, oh I'll send an SOS to the world I'll send an SOS to the world I hope that someone gets my I hope that someone gets my I hope that someone gets my Message in a bottle, yeah Message in a bottle, yeah A year has passed since I wrote my note I should have known this right from the start Only hope can keep me together Love can mend"
730,Remind Me to Forget,Kygo,latin,sad,0.508,99.06,0.315,0.685,0.193,74,"It never fades away, it's staying Your kiss like broken glass on my skin And all the greatest loves end in violence It's tearing up my voice, left in silence Baby, it hit so hard, holding on to my chest Maybe you left your mark, reminding me to forget It doesn't matter where you are, you can keep my regret 'Cause baby, I got these scars, reminding me to forget Reminding me, I got these scars, to forget your love Keep reminding me, ooh, to forget your love You left your burn (In my heart) You lef"
731,The Next Episode,Dr. Dre,latin,sad,0.912,95.3,0.287,0.923,0.031,73,"La-da-da-da-dah It's the motherfuckin' D-O-double-G (Snoop Dogg!) La-da-da-da-dah You know I'm mobbin' with the D-R-E, yeah, yeah, yeah You know who's back up in this motherfucker What? What? What? What? So blaze the weed up then, blaze it up, blaze it up!Just blaze that shit up, nigga! Yeah, 'sup, Snoop? Top Dogg, bite 'em all, nigga, burn the shit up D-P-G-C, my nigga, turn that shit up C-P-T, L-B-C, yeah, we hookin' back up And when they bang this in the club, baby, you got to get up Thug nig"
732,Don't Waste My Time (feat. Ella Mai),Usher,latin,happy,0.778,99.96,0.609,0.701,0.125,73,"Y'all know what this is! My mind was changed, I'm glad you made it Intoxicated, your vibe's amazing Feel the love in the air, baby, you know (You know) Ain't no rush, we've been at it, where the time go? (Oh) You gon' end up showin' me now 'Cause I done had one too many drinks And I know that you feel me the way I been feelin' you And it's cool, that you You got a motive and I think I like it I know all your insecurities I hope that you're open, my body gives notice And I want your energy, girl,"
733,Dirty Deeds Done Dirt Cheap,AC/DC,rock,neutral,0.906,135.65,0.507,0.668,0.214,73,"If you're having trouble with the high school head He's giving you the blues You wanna graduate, but not in his bed Here's what you gotta do: Pick up the phone, I'm always home Call me anytime Just ring: 3-6, 2-4, 3-6, hey I lead a life of crime Dirty deeds (Done dirt cheap) Dirty deeds (Done dirt cheap) Dirty deeds (Done dirt cheep) Dirty deeds and they're done dirt cheap Dirty deeds and they're done dirt cheap You got problems in your life of love? You got a broken heart? He's double dealin' w"
734,Another Place,Bastille,r&b,happy,0.742,115.01,0.618,0.685,0.22,73,"I am bound to you with a tie that we cannot break With a night that we can't replace I'm lost but found with you in a bed that we'll never make It's a feeling we always chase I could write a book about the things that you said to me on the pillow And the way you think and how you make me feel You can fill my mind and move my body with the fiction, fantasies Just call this what it is, we don't pretend it's real So don't make promises to me that you're gonna break We only ever wanted one thing fro"
735,Knockin' On Heaven's Door - Remastered,Bob Dylan,rock,sad,0.396,140.21,0.229,0.513,0.251,73,"Mama, take this badge off of me I can't use it anymore It's getting dark, too dark to see I feel I'm knockin' on heaven's door Knock, knock, knockin' on heaven's door Knock, knock, knockin' on heaven's door Knock, knock, knockin' on heaven's door Knock, knock, knockin' on heaven's door Mama, put my guns in the ground I can't shoot them anymore That long black cloud is coming down I feel I'm knockin' on heaven's door Knock, knock, knockin' on heaven's door Knock, knock, knockin' on heaven's door "
736,Bulls On Parade,Rage Against The Machine,rock,neutral,0.919,166.37,0.572,0.412,0.012,73,"Come with it now! Come with it now! The microphone explodes, shattering the mold Either drop the hits like de la O or get the fuck off the commode With the sure shot, sure to make the bodies drop Drop and don't copy, yo, don't call this a co-op Terror rains drenchin', quenchin' the thirst Of the power dons, that five-sided Fistagon The rotten sore on the face of Mother Earth gets bigger The trigger's cold, empty your purse Rally 'round the family with a pocket full of shells They rally 'round th"
737,Born to Run,Bruce Springsteen,rock,happy,0.944,146.35,0.606,0.27,0.005,73,"In the day, we sweat it out on the streets Of a runaway American dream At night, we ride through mansions of glory In suicide machines Sprung from cages out on Highway 9Chrome wheeled, fuel injected and steppin' out over the line Oh, baby this town rips the bones from your back It's a death trap, it's a suicide rap We gotta get out while we're young `Cause tramps like us, baby we were born to run Yes, girl, we were Wendy let me in, I wanna be your friend I want to guard your dreams and visions J"
738,Don't Speak,No Doubt,rock,neutral,0.7070000000000001,76.05,0.572,0.522,0.24,73,"You and me, we used to be together Every day together, always I really feel that I'm losin' my best friend I can't believe this could be the end It looks as though you're lettin' go And if it's real, well, I don't want to know Don't speak, I know just what you're sayin' So please stop explainin' Don't tell me 'cause it hurts Don't speak, I know what you're thinkin' I don't need your reasons Don't tell me 'cause it hurts Our memories, well, they can be inviting But some are altogether mighty frig"
739,Bad,James Bay,r&b,sad,0.413,139.98,0.29,0.549,0.756,73,"I know it hurts that we don't touch anymore It's even worse because we built this from the floor It's just as hard for me to know I might see you 'round It's just as hard for me to worry 'bout reachin' out The more I think about you, the more I keep the ghost alive Yeah, the more I think about you, the more I keep the ghost alive I want you bad, but it's done I'm bleeding out, 'cause we can't go on I want you bad, till I shake I want what we had, but what's broken don't unbreak Just when I'm rea"
740,Jailhouse Rock,Elvis Presley,rock,happy,0.5820000000000001,167.4,0.915,0.647,0.41,73,"The warden threw a party in the county jail The prison band was there and they began to wail The band was jumping and the joint began to swing You should've heard those knocked out jailbirds sing Let's rock, everybody, let's rock Everybody in the whole cell block Was dancing to the Jailhouse Rock Spider Murphy played the tenor saxophone Little Joe was blowing on the slide trombone The drummer boy from Illinois went crash, boom, bang The whole rhythm section was the Purple Gang Let's rock, everyb"
741,Say It Ain't So,Weezer,rock,neutral,0.551,151.78,0.453,0.634,0.007,73,"Oh, yeah, alright...Somebody's Heine is crowding my icebox Somebody's cold one is giving me chills Guess I'll just close my eyes Oh, yeah, alright, feels good inside... Flip on the telly, wrestle with Jimmy Something is bubbling behind my back The bottle is ready to blow Say it ain't so, your drug is a heartbreaker Say it ain't so, my love is a life taker I can't confront you, I never could do That which might hurt you, so try and be cool When I say, ""this way is a water slide away from me That "
742,Narcos,Migos,r&b,sad,0.585,124.99,0.242,0.936,0.014,73,"Magnífico, arriba Magnífico, arriba, arriba Trapping like the narco (Narco) Got dope like Pablo (Pablo) Cut throat like Pablo (Cut throat) Chop trees with the Draco (Draco) On the Nawf, got Diego (Diego) Say ""Hasta luego"" (Luego) Muy Bien wrap a kilo (Yeah) Snub nose with potato Straight out the jungle (Yeah, yeah, yeah, yeah, yeah) (Magnífico) This real rap, no mumble (Yeah, yeah, yeah, yeah, yeah) (Arriba) My skin black like mamba (Yeah, yeah, yeah, yeah, yeah) Got stash boxes in Hondas (Yeah,"
743,Panama - 2015 Remaster,Van Halen,rock,neutral,0.978,141.17,0.463,0.527,0.001,73,"Jump back, what's that sound? Here she comes, full blast and top down Hot shoe, burnin' down the avenue Model citizen zero discipline Don't you know she's coming home with me? You'l lose her in the turn I'll get her! Panama, Panama Panama, Panama Ain't nothin' like it, her shiny machine Got the feel for the wheel, keep the moving parts clean Hot shoe, burnin' down the avenue Got an on-ramp Comin' through my bedroom Don't you know she's coming home with me? You'll lose her in the turn I'll get he"
744,Summer on You,PRETTYMUCH,r&b,happy,0.447,100.0,0.694,0.811,0.636,73,"Baby, I ain't got no money All I got is time, and I'm gon' spend that time on you But when they pay me And I can buy the sunshine Take you away, we'll drink champagne While holed up in a room Darling, I've been working all week (yeah) I've got so much on my plate, always saying ""poor me"" Although my boss is an a-hole, that's when you call me Said you've been making a plan to hit the road with me (yeah) I'll pick you up after and- We'll hit the coast on the late night Make love 'til daylight I lo"
745,You Get What You Give,New Radicals,rock,happy,0.901,113.97,0.744,0.621,0.17,73,"One, two! One, two, three, ow! Wake up, kids, you've got the dreamers disease Age fourteen, they got you down on your knees So polite, we're busy still saying please Frienemies, who when you're down ain't your friend Every night we smash a Mercedes-BenzFirst we run, and then we laugh 'til we cry But when the night is falling You cannot find the light (light) You feel your dreams are dying, hold tight You've got the music in you Don't let go, you've got the music in you One dance left, this world"
746,Alone,Heart,rock,sad,0.452,175.09,0.168,0.418,0.638,73,"I hear the ticking of the clock I'm lying here the room's pitch dark I wonder where you are tonight No answer on the telephone And the night goes by so very slow Oh, I hope that it won't end though Alone 'Till now I always got by on my own I never really cared until I met you And now it chills me to the bone How do I get you alone? How do I get you alone? You don't know how long I have wanted To touch your lips and hold you tight, oh You don't know how long I have waited And I was gonna tell you"
747,Don't Look Back in Anger - Remastered,Oasis,rock,sad,0.938,162.94,0.326,0.327,0.071,73,"Slip inside the eye of your mind Don't you know you might find A better place to play? You said that you'd never been But all the things that you've seen Slowly fade away So I start a revolution from my bed'Cause you said the brains I had went to my head Step outside, summertime's in bloom Stand up beside the fireplace Take that look from off your face You ain't ever gonna burn my heart out And so, Sally can wait She knows it's too late as we're walking on by Her soul slides away But don't look "
748,Need You Now,Lady Antebellum,edm,sad,0.7170000000000001,107.88,0.316,0.581,0.03,73,"""Hey, sorry I missed your call, just leave a message after the beep""""Hey, yeah, it's me, just been thinking about everything that night I don't know, I just miss you so much Can you call me back?"" Picture perfect memories Scattered all around the floor Reachin' for the phone 'cause I can't fight it anymore And I wonder if I ever cross your mind For me, it happens all the time It's a quarter after one, I'm all alone and I need you now Said I wouldn't call, but I've lost all control and I need you"
749,All Falls Down (feat. Juliander),Alan Walker,edm,happy,0.6779999999999999,97.98,0.662,0.658,0.303,73,"What's the trick? I wish I knew I'm so done with thinking through all the things I could've been And I know you wonder too All it takes is that one look you do and I run right back to you You crossed the line and it's time to say ""F you"" What's the point in saying that when you know how I'll react? You think you can just take it back, but shit just don't work like that You're the drug that I'm addicted to, and I want you so bad Guess I'm stuck with you, and that's that 'Cause when it all falls d"
750,Underdog,Alicia Keys,latin,sad,0.722,90.1,0.298,0.655,0.556,73,"Ooh, ooh, ooh Ooh, ooh, ooh She was walking in the street, looked up and noticed He was nameless, he was homeless She asked him his name and told him what hers was He gave her a story 'bout life With a glint in his eye and a corner of a smile One conversation, a simple moment The things that change us if we notice When we look up sometimes They said I would never make it But I was built to break the mold The only dream that I've been chasing is my own So I sing a song for the hustlers trading at"
751,In Case You Didn't Know,Brett Young,latin,neutral,0.536,147.99,0.434,0.607,0.386,73,"I can't count the times I almost said what's on my mind But I didn't Just the other day I wrote down all the things I'd say But I couldn't I just couldn't Baby, I know that you've been wondering Mmm, so here goes nothing In case you didn't know Baby, I'm crazy bout you And I would be lying if I said That I could live this life without you Even though I don't tell you all the time You had my heart a long long time ago In case you didn't know The way you look tonight That second glass of wine That"
752,All This Love (feat. Harlœ),Robin Schulz,edm,neutral,0.8009999999999999,124.07,0.425,0.469,0.072,73,"2 AM in this cheap hotel Thought a little bit of space would help us see it (Us see it) Now I see it (I see it) On the bed and I close my eyes Think about those perfect nights in Phoenix (In Phoenix) Still feel that (Still feel that) But there's no relief, it's weighing on me It's taking its toll, there's no letting go Damned if we do, damned if we don't Sometimes I wonder if we knew it all along So what are we gonna do with all this love? And in 12 years time, will we smile when we think about "
753,Post Malone (feat. RANI) - VIZE Remix,Sam Feldt,edm,sad,0.887,124.02,0.345,0.687,0.004,72,"One more drink of one more Bacardi One more dance at this afterparty We still going, going strong Speed so fast like a Ferrari We get wild like a safari We still going, going strong And none of these good things, good things, good things All we need, good things, good things, good things Tonight, we go all night long We party like Post Malone Don't tell me to go-o-o Yeah, we are never, ever going home tonight Ain't nobody kill my vibe Don't tell me to go-o-o Yeah, we are never, ever going home Y"
754,Marry You,Bruno Mars,latin,neutral,0.8320000000000001,144.93,0.481,0.62,0.332,72,"It's a beautiful night We're looking for something dumb to do Hey baby, I think I wanna marry you Is it the look in your eyes, or is it this dancing juice? Who cares baby, I think I wanna to marry you Well, I know this little chapel on the boulevard we can go No one will know Oh, come on, girl Who cares if we're trashed Got a pocket full of cash we can blow Shots of patron And it's on, girl Don't say no, no, no, no, no Just say yeah, yeah, yeah, yeah, yeah And we'll go, go, go, go, go If you're "
755,Me Too,Meghan Trainor,edm,happy,0.6940000000000001,123.83,0.835,0.934,0.096,72,"Ow! Who's that sexy thang I see over there? That's me, standin' in the mirror What's that icy thang hangin' 'round my neck? Mmm That's gold, show me some respect (Oh-ah) I thank God every day (Uh-huh) That I woke up feelin' this way (Uh-huh) And I can't help lovin' myself And I don't need nobody else, nuh-uh If I was you, I'd wanna be me too I'd wanna be me too I'd wanna be me too If I was you, I'd wanna be me too I'd wanna be me too I'd wanna be me too I walk in like a dime piece I go straight "
756,Life is a Highway,Rascal Flatts,latin,happy,0.953,103.04,0.673,0.58,0.003,72,"Whoo um, yeah Life is like a road that you travel on When there is one day here and the next day gone Sometimes you bend, sometimes you stand Sometimes you turn your back to the wind There is a world outside every darkened door Where blues will not haunt you anymore Where brave are free and lovers soar Come ride with me to the distant shore We won't hesitate To break down the garden gate There's not much time left today Life is a highway I want to ride it all night long If you are going my way I"
757,OMG (feat. will.i.am),Usher,edm,sad,0.745,130.0,0.326,0.781,0.198,72,"Oh my gosh Baby let me I did it again, so I'm gon' let the beat rock Oh my Baby, let me love you down There's so many ways to love you Baby, I can break you down There's so many ways to love you Got me like, ""Oh my gosh"", I'm so in love I found you finally, you make me want to say Oh oh oh-oh oh, oh oh oh-oh oh Oh oh oh-oh oh, oh oh, oh my gosh (Oh oh oh-oh oh, oh oh oh-oh) You make me want to say (Oh oh oh-oh oh, oh oh oh-oh) Oh oh oh-oh oh, oh oh oh-oh I fell in love with shawty when I seen he"
758,Unconditionally,Katy Perry,edm,sad,0.725,128.86,0.358,0.397,0.003,72,"Oh no, did I get too close? Oh, did I almost see what's really on the inside? All your insecurities All the dirty laundry Never made me blink one time Unconditional, unconditionally I will love you unconditionally There is no fear now Let go and just be free I will love you unconditionally So come just as you are to me Don't need apologies Know that you are worthy I'll take your bad days with your good Walk through the storm, I would I'd do it all because I love you I love you Unconditional, unc"
759,Never Change,Don Diablo,edm,sad,0.954,125.89,0.236,0.553,0.004,72,That's just the way it is Things will never be the same That's just the way it is Things will never be the same That's just the way it is That's just the way it is That's just the way it is That's just the way it is That's just the way it is That's just the way it is That's just the way it is That's just the way it is That's just the way it is Things will never be the same That's just the way it is Things will never be the same That's just the way it is Things will never be the same That's just 
760,Beauty And A Beat,Justin Bieber,edm,neutral,0.843,128.0,0.534,0.601,0.001,72,"Yeah, Young Money, Nicki Minaj, Justin, rrr Show you off Tonight, I wanna show you off (Ayy-ayy-ayy) What you got A billion could've never bought (Ayy-ayy-ayy) We gonna party like it's 3012 tonight I wanna show you all the finer things in life So just forget about the world, we young tonight I'm coming for ya, I'm coming for ya 'Cause all I need is a beauty and a beat Who can make my life complete It's all 'bout you When the music makes you move Baby, do it like you do Body rock Girl, I can feel"
761,I Know What You Did Last Summer,Shawn Mendes,edm,happy,0.7609999999999999,113.96,0.745,0.695,0.104,72,"Ah-ha, hey-hey Ah-ha, ah-ha Ah-ha, hey-hey Ah-ha, ah-ha He knows Dirty secrets that I keep Does he know it's killing me? He knows, he knows D-d-does he know Another's hands have touched my skin? I won't tell him where I've been He knows, he knows, he knows It's tearing me apart She's slipping away (I'm slipping away) Am I just hanging on to all the words she used to say? The pictures on her phone She's not coming home (I'm not coming home) Coming home, coming home I know what you did last summer"
762,XO,John Mayer,latin,sad,0.377,173.67,0.353,0.431,0.749,72,"Your love is bright as ever Even in the shadows Baby, kiss me Before they turn the lights out Your heart is glowing And I'm crashing into you Baby, kiss me, kiss me Before they turn the lights out Before they turn the lights out Oh, baby, love me lights out In the darkest night I'll I'll search through the crowd Your face is all that I see I'm giving you everything Baby, love me lights out Baby, love me lights out Oh, we don't have forever Baby, daylight's wasting You better kiss me Before our t"
763,Where Have You Gone (Anywhere),Lucas & Steve,edm,sad,0.767,124.07,0.239,0.618,0.006,72,"I'm gonna search for you all night long Screaming I-I-I wanna know where you've gone Ain't gonna stop 'cause the love's too strong Where do you hi-i-ide let know me where you've gone? Where have you gone? Let me know, I wanna know where you've gone I'm gonna search for you all night long Screaming I-I-I wanna know where you've gone Let me know, I wanna know where you've gone I'm so obsessed see you everywhere Or will I-I-I tell them girls, I don't care Can't leave you down, meet me anywhere A pl"
764,Dancing Queen,ABBA,latin,happy,0.884,100.81,0.752,0.539,0.382,72,"You can dance, you can jive Having the time of your life Ooh, see that girl, watch that scene Digging the dancing queen Friday night and the lights are low Looking out for a place to go Where they play the right music, getting in the swing You come to look for a king Anybody could be that guy Night is young and the music's high With a bit of rock music, everything is fine You're in the mood for a dance And when you get the chance You are the dancing queen Young and sweet, only seventeen Dancing "
765,Turn Down for What,DJ Snake,latin,sad,0.799,100.01,0.082,0.818,0.001,72,"Fire up that loud, another round of shots Turn down for what? Turn down for what? Turn down for what? Turn down for what? Turn down for what? Turn down for what? Turn down for what? Turn down for what? Turn down for what? Turn down for what? Fire up that loud, another round of shots Fire up that loud, another round of shots Fire up that loud, another round of shots Fire up that loud, another round of shots Fire up that loud, another round of shots Fire up that loud, another round of shots Fire u"
766,Stars,VIZE,edm,sad,0.85,127.88,0.35,0.617,0.029,72,"We could be stars out here tonight Don't go back to reality Side by side we follow the light Don't go back to reality And I'm lost, and I'm lost, and I'm lost on fire But I know that we both could ignite We could be stars out here tonight Don't go back to reality(-ty, -ty, -ty, -ty, -ty....) We could be stars out here tonight Don't go back to reality Side by side we follow the light Don't go back to reality And I'm lost, and I'm lost, and I'm lost on fire But I know that we both could ignite We "
767,Good Time,Owl City,latin,happy,0.872,126.05,0.681,0.56,0.024,72,"Hmm-mmm-mmm Whoa-oh-oh-oh It's always a good time Whoa-oh-oh-oh It's always a good time Woke up on the right side of the bed What's up with this Prince song inside my head? Hands up, if you're down to get down tonight (Hmm-mmm-mmm) 'Cause it's always a good time Slept in all my clothes, like I didn't care Hopped into a cab, take me anywhere I'm in if you're down to get down tonight 'Cause it's always a good time Good morning and goodnight I wake up at twilight It's gonna be alright We don't even"
768,Rude Boy,Rihanna,latin,happy,0.75,173.91,0.812,0.563,0.113,72,"Come here, rude boy, boy, can you get it up? Come here rude boy, boy, is you big enough? Take it, take it (Yeah), baby, baby (Yeah) Take it, take it (Yeah), love me, love me Come here, rude boy, boy, can you get it up? Come here rude boy, boy, is you big enough? Take it, take it (Yeah), baby, baby (Yeah) Take it, take it (Yeah), love me, love me Tonight, I'ma let you be the captain Tonight, I'ma let you do your thing, yeah Tonight, I'ma let you be a rider Giddy-up, giddy-up, giddy-up babe Tonigh"
769,Since U Been Gone,Kelly Clarkson,latin,neutral,0.741,131.0,0.404,0.662,0.002,72,"Here's the thing, we started out friends It was cool, but it was all pretend Yeah, yeah, since you been gone You dedicated, you took the time Wasn't long till I called you mine Yeah, yeah, since you been gone And all you'd ever hear me say Is how I pictured me with you That's all you'd ever hear me say But since you been gone I can breathe for the first time I'm so moving on, yeah, yeah Thanks to you, now I get what I want Since you been gone How can I put it? You put me on I even fell for that "
770,American Teen,Khalid,latin,sad,0.623,100.44,0.207,0.658,0.068,72,"Living the good life full of goodbyes My eyes are on the grey skies Saying I don't want to come home tonight Yeah, and I'm high up, off what? I don't even remember But my friend passed out in the Uber ride Oh, I'm from the city of the 9-1-5 Where all the girls are pretty And they're down for the hype All my boys are with me Going up for the night But who cares, who cares 'Cause this is our year So wake me up in the spring While I'm high off my American dream We don't always say what we mean That"
771,On Somebody,Ava Max,latin,happy,0.742,137.84,0.767,0.698,0.016,72,"Heartbreak, heartbreak is a motherfucker I know, I know but I found a way to Deal though, deal though, it took work to get the wheels are moving on, wheels are moving on Can't stay, can't stay on a used lover I know, I've been better off without it You though, you thought it took work to get these feelings turning off, feelings turning off Oh, my, my, my, my, my I see you moving side to side, side, side, side, side Two hands on you that aren't mine, mine, mine, mine, mine You never know how much"
772,I Follow Rivers - The Magician Remix,Lykke Li,edm,sad,0.696,121.97,0.306,0.786,0.023,72,"NA Oh I beg you, can I follow? Oh I ask you, why not always Be the ocean, where I unravel? Be my only Be the water where I'm wading You're my river, running high Run deep, run wild I, I follow I follow you, deep sea baby I follow you I, I follow I follow you, dark doom honey I follow you He a message I'm the runner He the rebel I'm the daughter waiting for you You're my river, running high Run deep, run wild I, I follow I follow you, deep sea baby I follow you I, I follow I follow you, dark doom"
773,Delicate,Taylor Swift,edm,sad,0.404,95.04,0.05,0.75,0.216,71,"This ain't for the best My reputation's never been worse, so You must like me for me…We can't make Any promises now, can we, babe? But you can make me a drink Dive bar on the East Side, where you at? Phone lights up my nightstand in the black Come here, you can meet me in the back Dark jeans and your Nikes, look at you Oh damn, never seen that color blue Just think of the fun things we could do 'Cause I like you This ain't for the best My reputation's never been worse, so You must like me for me"
774,House Party,Sam Hunt,latin,happy,0.861,103.97,0.859,0.747,0.113,71,"You're on the couch, blowing up my phone You don't want to come out, but you don't want to be alone It don't take but two to have a little soiree If you're in the mood, sit tight right where you are, babe 'Cause I'll be at your door in ten minutes Whatever you got on, girl, stay in it You ain't gotta leave the house to have a good time I'ma bring the good time home to you We'll have a house party, we don't need nobody Turn your TV off, break that boombox out We'll wake up all the neighbors til t"
775,Monster - Robin Schulz Remix,LUM!X,edm,neutral,0.815,126.16,0.48,0.475,0.133,71,Monster How should I feel? Creatures lie here Looking through the window Monster How should I feel? Creatures lie here Looking through the window Monster How should I feel? Creatures lie here Looking through the window Monster How should I feel? Creatures lie here Looking through the window Monster monster monster monster Mon mon mon mon Monster How should I feel? Monster How should I feel? Monster How should I feel? Creatures lie here Looking through the window Monster How should I feel? Creatu
776,Jamais Vu,BTS,edm,sad,0.47,81.0,0.241,0.608,0.226,71,"또 져버린 것 같아 넌 화가 나 보여 아른대는 game over, over, over 만약 게임이라면 또 load하면 되겠지만 I guess I gotta deal with this, deal with this Real world Ayy, uh 차라리 게임이면 좋겠지 너무 아프니까 I need to heal my medic But I'm another star 완벽하지 못했던 나를 탓해 Brake in my head, brake in my step, always 그저 잘하고 싶었고 웃게 해주고 싶었는데, damn Please give me a remedy 멈춰버린 심장을 뛰게 할 remedy 이제 어떻게 해야 해 날 살려줘 다시 기회를 줘 Please give me A remedy, a melody 오직 내게만 남겨질 그 memory 이쯤에서 그만하면 꺼버리면 모든 게 다 편해질까 괜찮지만 괜찮지 않아 익숙하다고 혼잣말했지만 늘 처음인 것처럼 아파 부족한 gamer, 맞아 날 con"
777,Fades Away - Tribute Concert Version,Avicii,edm,sad,0.5489999999999999,134.49,0.165,0.595,0.132,71,"All of the troubled times that we have overcome All of the trials to find somewhere that we belong All I know is that, with you, I'm holding on 'Cause all of the days out, all of the days out on the run Don't you love it? How it all just fades away When your clothes don't feel the songs of yesterday And I can't go back, and I can't go back Don't you love it? How it all, it all just fades away It all just fades away All of the tracks we traced, we raced to reach the sun All of the lights to find "
778,Bye Bye Bye,*NSYNC,edm,happy,0.926,172.64,0.861,0.61,0.031,71,"Hey, hey Bye, bye, bye Bye, bye Bye, bye I'm doing this tonight You're probably gonna start a fight I know this can't be right, hey baby come on I loved you endlessly And you weren't there for me So now it's time to leave and make it alone I know that I can't take no more, it ain't no lie I wanna see you out that door Baby bye, bye, bye (Bye bye) Don't wanna be a fool for you Just another player in your game for two You may hate me but it ain't no lie Baby, bye, bye, bye(Bye bye) Don't really wa"
779,Pompeii,Bastille,latin,neutral,0.715,127.44,0.571,0.679,0.076,71,"NA Eh, eheu, eheu Eh, eheu, eheu Eh, eheu, eheu Eh, eheu, eheu Eh, eheu, eheu Eh, eheu, eheu Eh, eheu, eheu Eh, eheu, eheu I was left to my own devices Many days fell away with nothing to show And the walls kept tumbling down in the city that we love Grey clouds roll over the hills, bringing darkness from above But if you close your eyes Does it almost feel like nothing changed at all? And if you close your eyes Does it almost feel like you've been here before? How am I going to be an optimist a"
780,International Love,Pitbull,latin,happy,0.855,120.04,0.648,0.669,0.012,71,"Went from Mr. 305, (Dade County), to Mr. Worldwide (All around the world) Ayy, ayy Now we're International, so international, international, so international Oh, yeah (woo!) You can't catch me, boy (Can't catch me, boy) I'm overseas and about a hundred G's per show Don't test me, boy (Don't test me, boy) 'Cause I rap with the best for sure305 'til the death of me, cremate my body and let the ocean have what's left of me But for now, forget about that Blow the whistle, baby, you're the referee, d"
781,Head Over Boots,Jon Pardi,latin,happy,0.688,108.01,0.622,0.563,0.076,71,"I wanna sweep you off your feet tonight I wanna love you and hold you tight Spin you around on some old dance floor Act like we never met before for fun 'Cause you're the one I want You're the one I need Baby, if I was a king Ah, you would be my queen You're the rock in my roll You're good for my soul, it's true I'm head over boots for you The way you sparkle like a diamond ring Maybe one day we can make it a thing Test time and grow old together Rock in our chairs and talk about the weather, ye"
782,Don't Check On Me (feat. Justin Bieber & Ink),Chris Brown,latin,happy,0.395,82.0,0.678,0.66,0.873,71,"If I'm out at the bar havin' a night on the town Life of the party, pourin' shots of the brown And you see me from the street but I don't turn around Would you say, ""Hi""? Would you keep going? If I told your family that you didn't mean nothing If you posted about it and I didn't even comment If the songs weren't true, but you still feel something Would you still come looking for me? Oh, don't go reaching out 'Cause you can't have everything Your head and your heart won't feel the same Even if it"
783,We Are Family,Sister Sledge,latin,happy,0.893,118.74,0.819,0.784,0.3,71,"We are family I got all my sisters with me We are family Get up everybody sing We are family I got all my sisters with me We are family Get up everybody sing Everyone can see we're together As we walk on by (Fly) and we fly just like birds of a feather I won't tell no lie (All) all of the people around us they say Can they be that close Just let me state for the record We're giving love in a family dose We are family Yeah, yeah, ah I got all my sisters with me I have, I have We are family Get up"
784,Break Your Heart,Taio Cruz,edm,neutral,0.934,122.01,0.568,0.607,0.033,71,"Whoa, oh Whoa, oh Whoa, oh Whoa, oh Now listen to me baby Before I love and leave you They call me heart breaker I don't wanna deceive you If you fall for me I'm not easy to please I'm might tear you apart Told you from the start, baby, from the start I'm only gonna break break your break break your heart I'm only gonna break break your break break your heart I'm only gonna break break your break break your heart I'm only gonna break break your break break your heart There's no point trying to h"
785,Just Us (feat. SZA),DJ Khaled,latin,neutral,0.8590000000000001,93.13,0.566,0.639,0.135,71,"We The Best Music Another one DJ Khaled Back against the wall, middle fingers in the air Busting through the crowd, they gon' feel me now Straight shooter from the hip, yeah, we heavy in here Tell me get 'em, then I got 'em, yea (Get 'em)99 problems, but you ain't one Been so high lately, I don't care who's goin' down You could see it in my eyes, he been hitting it right Got me wishing that he wasn't, oh no And I need it all night Will love show me what it feels like? Fuck that, I let you pull u"
786,Solo Dance,Martin Jensen,latin,neutral,0.846,114.96,0.403,0.746,0.048,71,"In the faded light you touch my body I can feel your hands on my skin Think you got me right where you want me But you're just in my way I came to party on my own Don't need nobody in my zone I get down to the beat, I lose control Eh oh, I go so so-lo Boy you can cool it down Not here to fool around Just wanna dance, dance, dance Dance, dance, dance I know you want me But I don't care, baby Just want to dance, dance, dance Dance, dance, dance (Dance, dance, dance) Dance, dance, dance (Dance, dan"
787,Banana Pancakes,Jack Johnson,latin,happy,0.373,114.55,0.632,0.814,0.602,71,Can't you see that it's just raining? There ain't no need to go outside But baby you hardly even notice When I try to show you this Song it's meant to keep you From doing what you're supposed to Waking up too early Maybe we could sleep in I'll make you banana pancakes Pretend like it's the weekend now And we could pretend it all the time Can't you see that it's just raining There ain't no need to go outside But just maybe Hala ka ukulele Mama made a baby I really don't mind the practice 'Cause y
788,Feels Like Summer,Childish Gambino,latin,sad,0.596,165.73,0.255,0.554,0.162,71,"You can feel it in the streets On a day like this, the heat It feel like summer I feel like summer I feel like summer You can feel it in the streets On a day like this, the heat I feel like summer She feel like summer This feel like summer I feel like summer Seven billion souls that move around the sun Rolling faster, faster and not a chance to slow down Slow down Men who made machines that want what they decide Parents tryna tell their children please slow down Slow down I know Oh, I know you k"
789,Ooh Girl (feat. A Boogie Wit da Hoodie),Kris Kross Amsterdam,latin,neutral,0.7809999999999999,104.98,0.579,0.726,0.139,71,"Ooh, girl, I love you so Never ever ever, won't let you go Once I get my hands on you Ooh, girl, got me all in Gonna go solo 'til you walked in Ooh, girl, didn't plan it I don't want no one else, you the baddest Ooh, girl, this is crazy I'm lovin' where you take me Ooh, girl, when you call me I'm pickin' up cause you always say the right thing First class, me and you Cali for two I want you to know that Ooh, girl, I love you so Never ever ever gon' let you go Once I get my hands on you Oh, ooh, "
790,Life Of The Party,Shawn Mendes,edm,sad,0.614,113.98,0.161,0.667,0.066,71,"I love it when you just don't care I love it when you dance like there's nobody there So when it gets hard, don't be afraid We don't care what them people say I love it when you don't take no I love it when you do what you want 'cause you just said so Let them all go home, we out late We don't care what them people say We don't have to be ordinary Make your best mistakes 'Cause we don't have the time to be sorry So baby be the life of the party I'm telling you to take your shot it might be scary"
791,Ain't Your Mama,Jennifer Lopez,latin,happy,0.6779999999999999,120.08,0.82,0.757,0.047,71,"I ain't gon' be cooking all day, I ain't your mama I ain't gon' do your laundry, I ain't your mama, hmm I ain't your mama, boy, I ain't your mama When you gon' get your act together? I ain't your mama No, I ain't your mama No, I ain't your mama, no Wake up and rise and shine, ah-yeah-yeah-yeah Best get to work on time, ah-yeah-yeah-yeah No more playing video games, ah-yeah-yeah-yeah Things are about to change, 'round here, 'round here We used to be crazy in love Can we go back to how it was? Whe"
792,That's My Girl,Fifth Harmony,edm,happy,0.851,200.0,0.612,0.596,0.036,70,"That's my girl Yeah, who's been working so damn hard? You got that head on overload? Got yourself this flawless body Aching now from head to toe Ain't nothing, ain't nothing All my ladies 'round the world Ain't nothing, ain't nothing (Good girls better get bad) You've been down before You've been hurt before You got up before You'll be good to go, good to go Destiny said it, you got to get up and get it Get mad independent and don't you ever forget it Got some dirt on your shoulder, then let me "
793,Haute (feat. J Balvin & Chris Brown),Tyga,latin,sad,0.723,102.96,0.349,0.946,0.078,70,"Make it hot, yeah Make it hot I've been up four days, havin' three-ways (Yeah) Like my bitches in twos, I'm the one, man (One) Tryna jump in my lane, I'm in the air, man (Woo) Make her fall in love, she gon' want the last name (Hah) I'm a giant to these niggas like San Fran (Woah) And this beat slap, nigga, like a backhand (Woah) I know you wanna fuck a rapper, you a rap fan How you just glowed up like Pac-Man? (Man) I get it, you got bands (Yeah, yeah) Make your own money, make a nigga spend hi"
794,Familiar,Liam Payne,latin,happy,0.805,92.96,0.908,0.636,0.016,70,"J Balvin, man Liam Payne My G It's simple, you dip low Your hips roll, you do the Calypso An intro is all that I need, oh, yeah Y empiezo primero Tú sabes lo que me refiero De cero, sabes que estoy pa' ti Oh, ooh, I just wanted to get your name (Ah) But if it's cool, I wanna get inside your brain Can we get famili-famili-famili-familiar? (Yeah) I'm feelin', I'm feelin', I'm feelin', I'm feelin' ya (Hey) What's on your mind for later tonight? (Ah) Let me be the one to fill it up Can we get famili"
795,Right Back,Khalid,latin,happy,0.4270000000000001,97.03,0.605,0.789,0.065,70,"Power Got me sittin' by my phone, I've been waiting for hours On my line, sending mirror pics of you fresh out the shower So I might as well swing over to your place (Mmm, nah) It's crowded In LA, but I'll be there at 8 if the traffic allows it Say you're down, I could show you around If you're really about it, yeah But for you, I got something to prove, what do you say? What do you say? Should we bring it right back? Honestly, it's better like that I know we've been falling off track Bring it r"
796,Toothbrush,DNCE,edm,happy,0.7859999999999999,104.96,0.823,0.554,0.122,70,"Baby, you don't have to rush You can leave a toothbrush at my place, at my place We don't need to keep it hush You could leave a toothbrush at my place, at my place Stuck in a limbo, half hypnotized Each time I let you stay the night, stay the night Up in the morning, tangled in sheets We play the moment on repeat, on repeat When you're standing there in your underwear And my t-shirt from the night before With your messed up hair and your feet still bare Would you mind closing the bedroom door? "
797,Marvin Gaye,Charlie Puth,edm,happy,0.616,110.02,0.815,0.795,0.417,70,"Let's Marvin Gaye and get it on You got the healing that I want Just like they say it in the song Until the dawn, let's Marvin Gaye and get it on We got this king-size to ourselves Don't have to share with no one else Don't keep your secrets to yourself It's Kama Sutra show and tell, yeah Whoa-oh-oh-oh There's lovin' in your eyes that pulls me closer (Oh, it pulls me closer) It's so subtle (It's so subtle), I'm in trouble (I'm in trouble) But I'd love to be in trouble with you Let's Marvin Gaye "
798,Blue Ain't Your Color,Keith Urban,latin,neutral,0.416,82.45,0.479,0.69,0.617,70,"I can... See you over there starin' at your drink Watchin' that ice sink, all alone tonight And... Chances are you're sittin' here in this bar 'Cause he ain't gonna treat you right Well, it's... Probably not my place but I'm gonna say it anyway ‘Cause you look like You... Haven't felt the fire, had a little fun Hadn't had a smile in a little while, baby Blue... Looks good on the sky Looks good on that neon buzzin' on the wall But darlin', it don't match your eyes I'm tellin' you... You don't nee"
799,Lazy Day (feat. Danny Ocean),Fuse ODG,latin,happy,0.862,126.98,0.623,0.868,0.023,70,"This is, ay! It's a worldwide movement I did not sleep much last night Yeah, we were dancing to the early hours and late And now my bed feels just right I got my beautiful woman beside me Sayin', sayin' Baby, today's a lazy day Baby, today's a lazy day We're making love in a crazy way Baby, today's a lazy day No need to holla at me on my phone (Oh don't holla at, oh don't holla at me) 'Cause I just wanna stay in bed, with my baby alone (Oh don't holla at, oh don't holla at me) Hungover from the "
800,Better in Time,Leona Lewis,edm,neutral,0.7,163.95,0.549,0.584,0.512,70,"It's been the longest winter without you I didn't know where to turn to See, somehow I can't forget you After all that we've been through Going, coming Thought I heard a knock Who's there? No one Thinking that I deserve it Now I realize that I really didn't know If you didn't notice, you mean everything Quickly I'm learning to love again All I know is I'mma be okay Thought I couldn't live without you It's gonna hurt when it heals too (oh, yeah) It'll all get better in time And even though I real"
801,Beautiful Now,Zedd,edm,neutral,0.833,128.0,0.56,0.628,0.008,70,"NA I see what you're wearing, there's nothing beneath it Forgive me for staring, forgive me for breathing We might not know why, we might not know how But baby, tonight, we're beautiful now We're beautiful now We're beautiful now We might not know why, we might not know how But baby, tonight, we're beautiful now We'll light up the sky, we'll open the clouds 'Cause baby, tonight, we're beautiful now We're beautiful We're beautiful We're beautiful Wherever it's going, I'm gonna chase it What's lef"
802,Tie Me Down (with Elley Duhé),Gryffin,edm,sad,0.8390000000000001,98.93,0.314,0.548,0.135,70,"Don't lie, I know you been thinking it And two times, you let it slip from your lips You got too much pride to make any promises Thinking that we got time, and you wanna keep it in I want you out in the pouring rain I want you down on your knees Praying to God that I feel the same I'm right here, baby, so please Hold me up, tie me down 'Cause I never wanna leave your side I swear to never let you down And it's been eatin' me alive You can take me home You can never let me go Hold me up, hold me "
803,Ho Hey,The Lumineers,latin,sad,0.466,79.94,0.353,0.685,0.794,70,"I been trying to do it right I been living a lonely life I been sleepin' here instead I been sleepin' in my bed I been sleepin' in my bed So show me family All the blood that I will bleed I don't know where I belong I don't know where I went wrong But I can write a song I belong with you, you belong with me You're my sweetheart I belong with you, you belong with me You're my sweetheart I don't think you're right for him Think of what it might have been if we Took a bus to Chinatown I'd be standi"
804,Humble And Kind,Tim McGraw,latin,sad,0.48,100.96,0.137,0.355,0.679,70,"You know there's a light that glows by the front door Don't forget the keys under the mat When childhood stars shine Always stay humble and kind Go to church 'cause your momma says to Visit grandpa every chance that you can It won't be wasted time Always stay humble and kind Hold the door, say please, say thank you Don't steal, don't cheat, and don't lie I know you got mountains to climb but Always stay humble and kind When the dreams you're dreamin' come to you When the work you put in is reali"
805,Congratulations,Don Diablo,edm,neutral,0.8,120.08,0.519,0.82,0.086,69,Dreaming Dreaming about the days that we could (yeah) Take me Take me back to music in my room (yeah) {Pre-Chorus} All my life I've been searching Looking for something perfect That only led me back to blue Might be a little broken But I've got my eyes wide open I'm gonna say it till it's true Lately I've been stable I don't need no label Fuck congratulations No more expectations Don't care about my FOMO I've been riding solo So congratulations So congratulations Daily Daily I've been reaching f
806,Super Far,LANY,latin,neutral,0.46,95.95,0.462,0.575,0.099,69,"Up all night on my mind got me thinking Wanna stay, can you give me a reason? I don't think so, I don't think so I'm in love with someone, but I'm not sure She can love someone back the way they love her I don't think so, I don't think so Don't be mean, if you wanna go You can leave and leave my heart alone Waking up to nothing when you're super far from home And I watch you fall asleep at night and lay there on my own Got me begging for affection, all you do is roll your eyes Broken down, I've "
807,Sweater Weather,Gaullin,edm,sad,0.873,125.09,0.236,0.57,0.009,69,"And all I am Is a man I want the world In my hands I hate the beach But I stand In California with my toes in the sand Use the sleeves of my sweater Let's have an adventure Head in the clouds but my gravity's centered Touch my neck Аnd I'll touch yours You in those little high waisted shorts, oh She knows what I think about And what I think about One love, two mouths One love, one house No shirt, no blouse Just us, you find out Nothing that I wouldn't wanna tell you about, no 'Cause it's too col"
808,Drop It,Tujamo,edm,sad,0.897,126.04,0.177,0.747,0.01,69,We gonna do a song that's never been done before Now when the bass line dro-dro-drops Now when the bass line dro-dro-drops Now when the bass line dro-dro-drops We donna do a song that's never been done before Now when the bass line dro-dro-drops Now when the bass line dro-dro-drops NA Now when the bass line dro-dro-drops Now when the bass line dro-dro-drops We gonna do a song that's never been done before Now when the bass line dro-dro-drops Now when the bass line dro-dro-drops Now when the bass
809,I Gotta Feeling,The Black Eyed Peas,latin,happy,0.7659999999999999,127.96,0.61,0.743,0.087,69,"I got a feelin' That tonight's gonna be a good night That tonight's gonna be a good night That tonight's gonna be a good, good night Feelin' That tonight's gonna be a good night That tonight's gonna be a good night That tonight's gonna be a good, good night A feelin' (Wooh-ooh) That tonight's gonna be a good night That tonight's gonna be a good night That tonight's gonna be a good, good night A feelin' (Wooh-ooh) That tonight's gonna be a good night That tonight's gonna be a good night That toni"
810,Never Too Much,Luther Vandross,edm,happy,0.583,109.94,0.76,0.734,0.125,69,"I can't fool myself, I don't want nobody else to ever love me You are my shining star, my guiding light, my love fantasy There's not a minute, hour, day or night that I don't love you You're at the top of my list 'cause I'm always thinking of you I still remember in the days when I was scared to touch you How I spent my day dreaming planning how to say I love you You must have known that I had feelings deep enough to swim in That's when you opened up your heart and you told me to come in Oh, my "
811,In My Head,Jason Derulo,latin,happy,0.748,110.01,0.851,0.762,0.027,69,"Jason Derulo (Beluga Heights) (J-J-J-J-J.R.) C'mon, yeah Everybody's looking for love, oh (woo, huh) Ain't that the reason you're at this club? Oh (huh) You ain't gon' find it dancing with him, no (no) I've got a better solution for you, girl, oh (huh) Just leave with me now, say the word and we'll go (and we'll go) I'll be your teacher, I'll show you the ropes (you the ropes) You'll see the side of love you've never known I can see it going down, going down In my head, I see you all over me In "
812,Everlong - Acoustic Version,Foo Fighters,latin,neutral,0.344,144.17,0.547,0.643,0.909,69,"Hello, I've waited here for you Everlong Tonight, I throw myself into And out of the red Out of her head, she sang Come down, and waste away with me Down with me Slow how you wanted it to be I'm over my head, out of her head she sang And I wonder when I sing along with you If everything could ever feel this real forever If anything could ever be this good again The only thing I'll ever ask of you You've got to promise not to stop when I say when She sang Breathe out, so I can breathe you in Hold"
813,Calypso,Luis Fonsi,latin,happy,0.8590000000000001,109.97,0.923,0.866,0.138,69,"Letra de ""Calypso"" ft. Stefflon Don Calypso Ayy, báilalo, báilalo Boom pon di riddim, boom pon the baseline Confident, yuh never get decline Man come ah affa and beg yuh tek time Fonsi and Stefflon Don Yo no sé, no sé, no sé, no sé, que pasará Tu cuerpo frente al mar Mezclando arena con sal Yeah (Come on) Pero sé, yo sé, yo sé, yo sé que no es normal Lo que puede pasar Si tú me dejas entrar Yeah (Uh) Yo tengo lo que tú buscas (Ah) Calienta tanto que asusta (Ah) Y sabes lo que te gusta (Ah) Te gu"
814,Therapy,Timmy Trumpet,edm,sad,0.8959999999999999,149.94,0.039,0.504,0.002,69,"I'll be mentally how I'm meant to be Every geek, every freak is a friend to me Shout and disagree, be my enemy Open it up 'cause I need therapy I-I-I-I, oh-oh-oh, aw, oh I-I-I-I, oh-oh-oh, aw, oh I-eh-I-eh-I, oh-ay-oh, aw-ee-aw Ee-aw-ee, oh I-eh-I-eh-I, oh-ay-oh, aw-ee-aw Ee-aw-ee, oh 'Cause I need therapy I-eh-I-eh-I, oh-ay-oh, aw-ee-aw Ee-aw-ee, oh I-eh-I-eh-I, oh-ay-oh, aw-ee-aw Ee-aw-ee, oh I'll be mentally how I'm meant to be Every geek, every freak is a friend to me Shout and disagree, be "
815,A Different Way (with Lauv),DJ Snake,latin,neutral,0.757,105.0,0.587,0.784,0.495,69,"Could you believe? I could be different I'll be the difference, I'll lift you high And I understand your hesitation My reputation, it's no surprise So let me redefine you And you can see the tide move Just like tears in the eyes do And when you're feeling alone Oh, baby, I'll be right here Between the sea and silence So breathe easy my dear You can find sunshine in the rain I will come running when you call my name Even a broken heart can beat again Forget about the one who caused you pain I swe"
816,Algo Me Gusta De Ti,Wisin & Yandel,latin,sad,0.768,127.95,0.237,0.627,0.003,69,"NA WY Records (oh, oh, oh) Presenta Chris Brown (yeah, yeah, yeah) T-Pain 'W', Yandel (oh, oh, oh) Sh-sh-tah Hay algo que me gusta de ti (baby) Y ese algo me encanta (-canta) Siento que eres necesaria para mí (pam-pam-pam-pam) Me vuelve loco tu pelo Tu boca, tu piel, tu cintura (dura, dura-eh-eh-eh) Me vuelve loco tu pelo Tu boca, tu piel, tu cintura (dura, dura-eh-eh-eh) Seguimos acercándonos tú y yo-uoh Sintiéndonos, besándonos Seguimos acercándonos tú y yo-uoh Sin que nadie nos vea, disfrután"
817,No Sleep (feat. Bonn) - DubVision Remix,Martin Garrix,edm,sad,0.79,127.97,0.291,0.584,0.046,69,"Summer nights all align As we drown in the moonlight We collide in plain sight Yeah, I know we'll be alright And we come alive, we run the night with strangers 'Cause in the end, we're all familiar faces We're young and wild, enjoy the ride, we made it We made it I don't need no sleep 'Cause I'm already dreaming, already dreaming Say you'll never leave Because I love the feeling, I love the feeling Find myself awake at night See you through my lucid eyes Oh, I don't need no sleep 'Cause I'm alre"
818,Ride It - Jonas Blue Remix,Regard,edm,sad,0.946,125.04,0.392,0.689,0.007,69,"Ride it, we're all alone Ride  it, just lose control Ride  it, ride it, come touch my soul Ride it, ride, let me feel you Ride it, turn the lights down low Ride  it, from head to toe Ride  it, ride it, touch my soul Ride it, ride, let me feel you It's  been a month and twenty days And we're going 'round and 'round, playing silly games Now you're saying, slow it down, not right now Then ya wink at me and walk away Let  it be, let it be, let it be known Hold on, don't go Touching and teasing me, t"
819,Old Thing Back (feat. Ja Rule and Ralph Tresvant),Matoma,latin,neutral,0.858,97.03,0.523,0.805,0.194,69,"What you wanna do (Yeah) I got that old thing back (You know) What you wanna see Baby sing, relaxing What you wanna do (Yeah) I got that old thing back (You know) What you wanna see Baby sing, relaxing Yeah, bad boy baby Ralph Tresvant Biggie Smalls Listen Uh, yeah, babe Oh, listen to me Ah yeah To sex, I'm similar to the thriller in Manila Honeys call me ""Bigga the Condom Filler"" Whether it's stiff tongue or stiff dick Biggie squeeze it to make shit fit, now check this shit I got the pack of Ro"
820,Havana - Remix,Camila Cabello,latin,sad,0.579,105.03,0.349,0.751,0.398,69,"Hey Havana, ooh na-na (Ayy) Half of my heart is in Havana, ooh na-na (Ayy, ayy) He took me back to East Atlanta, na-na-na, ah Oh, but my heart is in Havana (Ayy) There's somethin' 'bout his manners (Uh-huh) Havana, ooh na-na (Uh) He didn't walk up with that ""how you doin'?"" (Uh) When he came in the room He said there's a lot of girls I can do with (Uh) But I can't without you I knew him forever in a minute (Hey) That summer night in June And papa says he got malo in him (Uh) He got me feelin' li"
821,I Don't Dance,Lee Brice,latin,sad,0.5589999999999999,92.04,0.19,0.587,0.399,69,"I'll never settle down That's what I always thought Yeah, I was that kind of man Just ask anyone I don't dance, But here I am Spinning you round and round in circles It Ain't my style, but I don't care I'd do anything with you anywhere Yes, you got me in the palm of your hand Cause, I don't dance Love's never come my way I've never been this far Cause you took these two left feet And waltzed away with my heart No, I don't dance, but here I am Spinning you round and round in circles It ain't my s"
822,Na Na Na,Now United,latin,neutral,0.62,106.03,0.457,0.917,0.26,69,"You got me saying, ooh na na na na na na Can't take my eyes off you, na na na na na na Got me acting a fool, na na na na na na Oh baby, baby, you drive me loco For you, I go loco NA Take my heart, keep it with you, yeah yeah Flex on me if you want to, yeah yeah Yeah yeah Every time I see you like that, like that Makes me keep coming right back, right back Every guy needs a good girl Welcome to my world The way that you look at me, baby The way that you talk drives me crazy (Can't nobody tell you"
823,Somebody,Sigala,latin,happy,0.8490000000000001,100.11,0.681,0.675,0.094,69,We painted a picture Broke the rules in the summer rain Twenty years later We'd have a big house in L.A Seems like our future is on the line for my mistake I can't let this fade away And now we find it hard to sleep And though your body's next to me I still got far to go I'm hanging on to hope Say those words you don't believe You turn around and look at me I still got far to go You're hanging on to hope So good that I don't deserve it So close that it's almost perfect To be lying in your arms E
824,Pretend,CNCO,latin,happy,0.883,101.98,0.834,0.68,0.284,69,"NA I only love you in the middle of the night That's when you run my mind Every time I get the feeling I can't fight And I know it just ain't right Al borde de perderte otra vez Ahora que estás tan dentro de mi piel No sé qué puedo hacer si estás con élBut for now we're just pretend Me avisa' cuando tú quiera' Haré como si no existiera' Sigo aquí en tu lista de espera, yey-ieh Yeah I ,gotta love but I'm involved Yeah, I made a choice so it's my fault Staring at a problem we can't solve (Uh-uh-uh"
825,When We Were Young,Lost Kings,edm,sad,0.789,129.92,0.345,0.547,0.009,69,"This isn't real, it's all in my head, I can feel it I'm imagining we're gonna wake up from this dream All over, fall back to sleep please For a second, for a minute can we go? For a second, for a minute can we go? For a second, for a minute can we go? For a second, for a minute can we go? Can we go back when we were young And didn't care if we messed up? We have forever so we got lost in each other 'Cause time wasn't catching, time wasn't catching us Back when we were young And didn't care if we"
826,Collide - Acoustic Version,Howie Day,latin,sad,0.253,90.18,0.294,0.582,0.827,69,"The dawn is breaking A light shining through You're barely waking And I'm tangled up in you, yeah I'm open, you're closed Where I follow, you'll go I worry I won't see your face Light up again Even the best fall down sometimes Even the wrong words seem to rhyme Out of the doubt that fills my mind I somehow find you and I collide I'm quiet you know You make a first impression I've found I'm scared to know I'm always on your mind Even the best fall down sometimes Even the stars refuse to shine Out"
827,Crown,Stormzy,latin,sad,0.581,108.91,0.086,0.542,0.701,69,"Searchin' every corner of my mind Lookin' for the answers I can't find I have my reasons and life has its lessons I try to be grateful and count all my blessings But heavy is the head that wears the crown Amen, in Jesus' name, yes, I declare it Any little seed I receive, I have to share it Bruddas wanna break me down, I can't bear it But heavy is the head with the crown, I still wear it You can't hold me down, I still cope Rain falling down at the BRITs, I'm still soaked Try to put a hole in our"
828,Wanted,Hunter Hayes,latin,sad,0.476,169.78,0.3,0.421,0.268,69,"You know I'd fall apart without you I don't know how you do what you do 'Cause everything that don't make sense about me Makes sense when I'm with you Like everything that's green, girl I need you But it's more than one and one makes two Put aside the math and the logic of it You gotta know you're wanted too 'Cause I wanna wrap you up Wanna kiss your lips I wanna make you feel wanted And I wanna call you mine Wanna hold your hand forever And never let you forget it Yeah, I wanna make you feel wa"
829,hot girl bummer (with Khea) - Khea Remix,blackbear,latin,happy,0.569,129.91,0.626,0.775,0.133,69,"Fuck you, and you, and you I hate your friends and they hate me too I'm through, I'm through, I'm through This that hot girl bummer anthem Turn it up and throw a tantrum This that hot girl bummer anthem Turn it up and throw a tantrum This that throw up in your Birkin bag Hook up with someone random This that social awkward suicide That buy your lips and buy your likes I swear she had a man But shit hit different when it's Thursday night That college dropout music Every day leg day, she be too th"
830,We Got That Cool (feat. Afrojack & Icona Pop),Yves V,edm,happy,0.865,124.01,0.611,0.639,0.005,69,"I wear something sweet, and it's not slimmin' my body It's just the beat of somethin' gettin' me higher I got grapes and trees, now I'm up in my zone 'Cause this is what I came for Yeah I got what came for Four drinks down free, wait for things to get blurry We gon' go real deep, but we're not in a hurry Let's keep this real, cause we out here alone This is what I came for Yeah I got what came for Do you feel it in your body When I say your name I can give it how you want it Drive you insane 'Ca"
831,Strongest (Alan Walker Remix),Ina Wroldsen,latin,happy,0.787,92.02,0.852,0.722,0.078,69,"You sit there with that look on your face like you won Like nothing that I say is gonna change how you feel now You sit there and you tell me you fell outta love And we are in your way so you just gotta leave now And we just need to understand your reasons And you are gonna justify this treason By telling me the promises that we sworn ain't enough So now you gonna be another person? And how do I explain this shit to our son? How'd you tell a toddler about a girlfriend? Daddy's gone Well, I will "
832,Vai malandra (feat. Tropkillaz & DJ Yuri Martins),Anitta,latin,neutral,0.55,129.92,0.557,0.876,0.023,68,"NA NA Vai, vai malandra, an, an Êta louca, tu brincando com o bumbum, an, an Tutudum, an, an Vai malandra, an, an Êta louca, tu brincando com o bumbum, an, an Tutudum, an, an Tá pedindo, an, an Se prepara, vou dançar presta atenção, an, an Tutudum, an, an Cê aguenta? An, an Se eu te olhar, descer e quicar até o chão, ela brinca não Tutudum, an, an Desce, rebola gostoso Empina me olhando, eu te pego de jeito Se eu começar embrazando contigo é: ""Taca, taca, taca, taca""Desço, rebolo gostoso Empino "
833,Passion Whine,Farruko,latin,happy,0.69,162.0,0.783,0.756,0.329,68,"Letra de ""Passion Whine"" ft. Sean Paul Well here come de ting dem call de passion whine For de girl dem who know how to grind pon time, Sean de Paul long side Farruko, You done know how we go Yo to the girl them song 'Cause dem wan' feel the passion long and strong Ya done know say dey call for the champion Quítate la ropa lento Toma tu tiempo Que yo me quiero disfrutar todo el momento Pon música suave Mueve tu cuerpo Y pon en práctica todos tus movimientos Ensobéame tuyo y báilame pegadito Hazm"
834,Promise,Romeo Santos,latin,happy,0.7390000000000001,133.0,0.77,0.764,0.403,68,"NA He perdido el balance por tu amor En tus manos yo caí, tienes control sobre mi Tu cuerpo es la cárcel y yo un prisionero Y jamás quiero salir, condenado y soy feliz Try to keep my balance but I still fall But how I fall so hard Right into your arms, I swear girl Wrapped inside you, baby, and it's so warm, yeah, yeah, yeah Love without a cause Leaves me trapped inside my own bars Quiero ser tuyo enterito pero tengo miedo Prometeme que no me vas a dejar sin tu amor (Talk to her Usher) I'll give"
835,Touch,Little Mix,edm,neutral,0.718,101.82,0.551,0.607,0.032,68,"You and I and nobody else Feeling feelings I've never felt The way you got me under your spell Don't you keep it all to yourself So, won't you take it? I feel like for the first time I am not faking Fingers on my buttons and now you're playing Master of anticipation, don't you keep it all to yourself Just a touch of your love is enough To knock me off of my feet all week Just a touch of your lo-ove Just a touch of your lo-ove Just a touch of your love is enough To take control of my whole body J"
836,Don't Leave Me Alone (feat. Anne-Marie),David Guetta,edm,neutral,0.738,127.95,0.481,0.659,0.118,68,"I don't wanna lie, can we be honest? Right now while you're sitting on my chest I don't know what I'd do without your comfort If you really go first, if you really left I don't know if I would be alive today With or without you like night and day Read and repeat every conversation Being with you, everyday is a Saturday But every Sunday you've got me praying Don't you ever leave me, don't you ever go I've seen it on TV, I know how it goes Even when you're angry, even when I'm cold Don't you ever "
837,Shake It Off,Taylor Swift,latin,happy,0.785,160.02,0.943,0.648,0.056,68,"I stay out too late Got nothing in my brain That's what people say, mm, mm That's what people say, mm, mm I go on too many dates But I can't make them stay At least that's what people say, mm, mm That's what people say, mm, mm But I keep cruisin' Can't stop, won't stop movin' It's like I got this music in my mind Saying it's gonna be alright 'Cause the players gonna play, play, play, play, play And the haters gonna hate, hate, hate, hate, hate Baby, I'm just gonna shake, shake, shake, shake, sha"
838,The Power,Duke Dumont,edm,sad,0.831,121.93,0.191,0.625,0.004,68,You do me I'll do you Feed me lies and we'll find the truth Feel the light numb the pain Kiss the sky and we'll make it rain Getting close breaking through Confidence looks good on you Feel the light numb the pain Kiss the sky and we'll make it rain I can feel the power running through my veins Getting louder calling out my name And it feels like sunlight and the night sky shines on my mind You do me I'll do you Feed me lies and we'll find the truth Feel the light numb the pain Kiss the sky and 
839,Neon Moon,Brooks & Dunn,latin,neutral,0.632,102.4,0.457,0.702,0.554,68,When the sun goes down on my side of town That lonesome feeling comes to my door And the whole world turns blue There's a rundown bar 'cross the railroad tracks I've got a table for two way in the back Where I sit alone and think of losing you I spend most every night Beneath the light Of a neon moon If you lose your one and only There's always room here for the lonely To watch your broken dreams Dance in and out of the beams Of a neon moon I think of two young lovers running wild and free I clo
840,16,Highly Suspect,latin,sad,0.621,91.84,0.186,0.534,0.001,68,"It took me 16 years to find ya One  second to love ya Seven  years to hold ya One minute to lose ya Oh, God Where  did I go wrong? Oh,  God Do you remember All  of the nasty shit you used to do with me? 'Cause I remember everything And do you remember When we hopped the P and B to NYC? You  were only 17 But that puppy love is over We're so much older Nothing's ever gonna feel the same way That it did when we were younger I wish that I could hold ya Baby, I know it's over We're never gonna feel i"
841,Finesse,Bruno Mars,edm,happy,0.7979999999999999,104.95,0.939,0.741,0.008,68,"Ooh, don't we look good together? There's a reason why they watch all night long Yeah, know we'll turn heads forever So tonight I'm gonna show you off When I'm walkin' with you I watch the whole room change Baby, that's what you do No my baby don't play Blame it on my confidence Oh, blame it on your measurements Shut that shit down on sight That's right We out here drippin' in finesse It don't make no sense Out here drippin' in finesse You know it, you know it We out here drippin' in finesse It "
842,"I Don't Like It, I Love It (feat. Robin Thicke & Verdine White)",Flo Rida,edm,happy,0.7659999999999999,118.0,0.784,0.854,0.024,68,"NA I don't like it, I love it, love it, love it, uh oh So good it hurts I don't want it, I gotta, gotta have it, uh oh When I can't find the words I don't like it, I love it, love it, love it, uh oh So good it hurts I don't want it, I gotta, gotta have it, uh oh When I can't find the words, I just go I don't like it, no, I love it I don't like it, no, I love it All out, turn the beat up Hey now I'm glad to meet ya Turn up girl, blow the speaker Yeah up, think about it now, blow the speaker I'll "
843,One Time,Justin Bieber,latin,happy,0.853,146.0,0.762,0.691,0.063,68,"Me plus you I'ma tell you one time Me plus you (One time) I'ma tell you one time Me plus you (One time) I'ma tell you one time One time, one time When I met you, girl, my heart went knock, knock Now them butterflies in my stomach won't stop, stop And even though it's a struggle, love is all we got So we gon' keep, keep climbing to the mountain top Your world is my world And my fight is your fight And my breath is your breath When you're hurt, I'm not right And girl, you're my one love My one hea"
844,Rabbit Hole,CamelPhat,edm,sad,0.865,123.99,0.287,0.603,0.01,68,"Step one side to side Bodies gently moving I let myself fly this time Dance for miles and miles Crowd's been slowly growing But it's only you I see this time We're going in now deeper down the rabbit hole Never ending rivers wind us too the fall Keep falling all the deeper down the rabbit hole Never ending rivers wind us too the fall They drop us way down low La-la, da-da-da-da La-la, da-da-da-da La-la, da-da-da-da Drop us way down low La-la, da-da-da-da La-la, da-da-da-da La-la, da-da-da-da Lea"
845,Freak - Joe Stone 2K18 Edit,R3HAB,edm,happy,0.855,125.94,0.769,0.666,0.222,68,"Let me live on the line I got a little freakiness inside And you know that the man Has got to go with it And I don't care what they say I'm not about to pay nobody's way 'Cause It's all about the dark in me Mm-hmm I want to freak in the morning A freak in the evening just like me I need a roughneck brother That can satisfy me Just for me If you are that kind of man 'Cause I'm that kind of girl I got a freaky secret, everybody sing 'cause we don't give a damn about a thing 'Cause I will be a frea"
846,Do You Remember,Jay Sean,latin,happy,0.6679999999999999,125.85,0.803,0.855,0.024,67,"Hey, Jay Sean, Sean Paul Yeah, Lil Jon This one right here is for all the ladies Ladies, who want to take it back Holler at them Jay I've been thinking about you And how we used to be Back when, it didn't have to end We can start again There's nothing left to say Don't waste another day Just you and me tonight Everything will be okay If it's alright with you Then it's alright with me Baby let's take this time Let's make new memories Do you remember Do you remember Do you remember All of the time"
847,Someone You Loved - Madism Radio Mix,Lewis Capaldi,latin,sad,0.638,119.84,0.365,0.713,0.519,67,"I'm going under, and this time, I fear there's no one to save me This all or nothing really got a way of driving me crazy I need somebody to heal, somebody to know Somebody to have, somebody to hold It's easy to say, but it's never the same I guess I kinda liked the way you numbed all the pain Now, the day bleeds into nightfall And you're not here to get me through it all I let my guard down and then you pulled the rug I was getting kinda used to being someone you loved I'm going under, and this"
848,dork,Sueco the Child,edm,happy,0.5379999999999999,84.03,0.607,0.753,0.2,67,"Kenz Dean I'm at- I'm at Sueco's, bitch Huh, lil' baby, I'm an animal Put it in her mouth, have her drink it up like Danimals (Sheesh) Nasty, she eat me like a cannibal Then she wanna kiss me, I'm like, ""Nah, that's impractical"" (Vroom) Catch me four-hundred on the dashy Beat that up, bacon booty, ain't talkin' pork, huh Booted up with the dorks, huh Suited up, Tony Stark, huh I'm sipping vodka with the french soda Move fast, Daytona Acne bag with the white docs Revenge storm with the black sock"
849,LUV,Tory Lanez,latin,sad,0.528,190.17,0.252,0.539,0.011,67,"We ah sip the Henny for the day baby Bad man, we no stray baby Oops I done fell for your way baby I know girl but, everyone falls... And I know from the first time, the first time I seen your love, you got me baby Even though girl I know that I will fall for you You got to know that everyone falls Oops I done fell so deep baby Oops I want you for me baby Oops I want you for me baby Oops I done fell so deep cause... Everyone falls in love sometimes I don't know 'bout you but it ain't a crime Neef"
850,Girls Like (feat. Zara Larsson),Tinie Tempah,latin,neutral,0.804,120.03,0.538,0.916,0.37,67,"(What do girls like?) Said I was the man All I ever needed was a plan Tell J.K. that I'm still rollin'Yeah, tell Russell I'm a brand Yeah, bust that skank Ain't nobody messing with the gang Might take a flight out for the weekend Yeah, and go Cannes ‘cause I can Go low, go low, everybody get low Had a couple hits and a couple solos Now I got a couple BRITs and a couple MOBOsDropped ""Pass Out"", everybody loco I was dropping off the mandem in my Polo Now I'm with the mandem at the polo I could mak"
851,I Love It (feat. Charli XCX),Icona Pop,latin,happy,0.906,125.92,0.824,0.711,0.01,67,"I got this feeling on the summer day when you were gone I crashed my car into the bridge, I watched, I let it burn I threw your shit into a bag and pushed it down the stairs I crashed my car into the bridge, I don't care!I love it, I don't care!I got this feeling on the summer day when you were gone I crashed my car into the bridge, I watched, I let it burn I threw your shit into a bag and pushed it down the stairs I crashed my car into the bridge, I don't care!I love it, I don't care! You're on"
852,Freed from Desire (feat. Indiiana),Drenchill,edm,sad,0.758,126.0,0.147,0.789,0.066,67,"My love has got no money, he's got his strong beliefs My love has got no power, he's got his strong beliefs My love has got no fame, he's got his strong beliefs My love has got no money, he's got his strong beliefs Want more and more, people just want more and more Freedom and love, what he's looking for Want more and more, people just want more and more Freedom and love, what he's looking for Freed from desire, mind and senses purified Freed from desire, mind and senses purified Freed from desi"
853,Ok Without You,Klaas,edm,sad,0.787,124.99,0.252,0.665,0.011,67,"Every time i look at you I see it in your eyes Your pretty, yeah but no, not like diamonds in the sky I look into your soul Don't like what I can see But you can make me hope Piece by piece, still broken me Piece by piece, still broken me But don't you worry I'll be ok, be ok So don't you worry I'll be ok, be ok, without you Now look at where we are Can you see how far we've come We moved but never left ‘Cause it's over yeah we're done You said we had it all But all we had was you It was never r"
854,Gone Too Long,Cat Dealers,edm,neutral,0.8029999999999999,124.0,0.434,0.632,0.007,67,"Life Don't always turn out like you plan But these things is making me who I am And why Is this so hard to understand? Since you've been away, I turned into a better man 'Cause baby, you've been gone too long Gone too long You've had me, you played me I'm moving on Gone too long You're gone too long Did you really think I'd keep hanging on? You've had me, you played me, I'm moving on Lying in the dark, I thought I heard you speak Tried listening, but your voice became too weak Then I knew I had "
855,Tennis Court,Lorde,latin,neutral,0.5670000000000001,89.99,0.428,0.764,0.013,67,"NA Don't you think that it's boring how people talk? Making smart with their words again, well, I'm bored Because I'm doing this for the thrill of it, killin' it Never not chasin' a million things I want And I am only as young as the minute is, full of it Getting pumped up on the little bright things I bought But I know they'll never own me (Yeah) Baby, be the class clown, I'll be the beauty queen in tears It's a new art form, showing people how little we care (Yeah) We're so happy, even when we"
856,Gyal You A Party Animal - Remix,Charly Black,latin,happy,0.894,101.05,0.757,0.729,0.061,67,"My girl, come flip it like a Flipagram Flip it like a Flipagram Make ya bumpa flip like a Flipagram Flip it like a Flipagram Flip it like a Flipagram Gyal wine up pon my body gyal Wine like it's a carnival Gyal me love the way yo you wine for me Gyal your wine is so emotional So wine up pon my body gyal Me want you come wine your waistline for me Baby you bubblin', you bubblin', you bubblin' baby Gyal you a party animal Gyal you active no you no lazy Gyal you a party animal Look how you wine you"
857,YOUTH,Troye Sivan,edm,neutral,0.737,91.51,0.592,0.628,0.062,67,"What if, what if we run away? What if, what if we left today? What if we said goodbye to safe and sound? And what if, what if we're hard to find? What if, what if we lost our minds? What if we let them fall behind and they're never found? And when the lights start flashing like a photobooth And the stars exploding, we'll be fireproof My youth, my youth is yours Trippin' on skies, sippin' waterfalls My youth, my youth is yours Runaway now and forevermore My youth, my youth is yours A truth so lou"
858,It's Gotta Be You,Isaiah,latin,neutral,0.745,95.47,0.588,0.433,0.221,67,"I hear a million voices in my head Telling me the things I should have said I don't know why I let you go Oh I learned the hard way Tell me it's not too late Now my arms are open wide They're hanging forever, there Waiting forever, for you I won't give up on you this time Cause I ain't holding up, for nobody else It's gotta be you When you walked away my Heart tried to replace ya With someone like you But I could never find it I don't want to fight it It's gotta be you I wish I could turn back t"
859,Easy Love,Sigala,latin,happy,0.942,123.99,0.65,0.68,0.175,67,"Come on now! Sit down girl! I think I love ya! And all I want you to do is repeat after me Say A, say B, say C, oh I think she's got it ABC is easy it's like counting up to three Sing a simple melody, that's how easy love can be ABC is easy it's like counting up to three Sing a simple melody, that's how easy love can be Simple melody, simple melody, sing a simple melody That's how easy love can be Simple melody, simple melody, sing a simple melody That's how easy love can be Simple melody, simpl"
860,One Less Lonely Girl,Justin Bieber,latin,happy,0.75,86.94,0.728,0.58,0.159,67,"Alright, let's go There's gonna be one less lonely girl, one less lonely girl One less lonely girl, one less lonely girl There's gonna be one less lonely girl, one less lonely girl One less lonely girl How many I told yous and start overs and shoulders have you cried on before? How many promises, be honest girl, how many tears you let hit the floor? How many bags you packed, just to take him back, tell me that, how many either ors? But no more if you let me inside of your world, there'll be one "
861,"Jennie (feat. R. City, Bori)",Felix Jaehn,latin,neutral,0.7979999999999999,118.07,0.594,0.799,0.086,67,"Jennie, talk to me, Jennie You make me go crazy (Why, why) And all you can say is ""No"" Me want no problems Me ain't tryin' be one of your man dem All your girlfriend dem, I can't stand dem I just see them in a jam and pass them 'Cause I just toss dem after I slam dem 'Cause from the jump is you who I want I give them play, 'cause I was just haunted Girl, take my number and hit me in the morning Cell phone ring (brr, brr), get 'em on the line (holla) Pull up on again (skrrt), come true tonight (c"
862,Menage A Trois,LIZOT,edm,neutral,0.8959999999999999,123.94,0.483,0.672,0.122,67,"Dreams and alcohol I love this story when I'm all alone I love my body Dreams and alcohol I love this story when I'm all alone I love my body Dreams and alcohol (I'm a sex preacher) When I'm all alone (And a love teacher) Dreams and alcohol (I'm a sex preacher) When I'm all alone (I'm thinking about) Menage a trois, with me, myself and I Menage a trois, oh my god, ooh-la-la Menage a trois, with me, myself and I Menage a trois, oh my god, ooh-la-la I'm thinking about Menage a trois, with me, myse"
863,One Call Away,Charlie Puth,latin,neutral,0.613,91.02,0.47,0.667,0.403,67,"I'm only one call away I'll be there to save the day Superman got nothing on me I'm only one call away Call me, baby, if you need a friend I just wanna give you love C'mon, c'mon, c'mon Reaching out to you, so take a chance No matter where you go You know you're not alone I'm only one call away I'll be there to save the day Superman got nothing on me I'm only one call away Come along with me and don't be scared I just wanna set you free C'mon, c'mon, c'mon You and me can make it anywhere But for"
864,Love Me Now,John Legend,latin,happy,0.762,123.89,0.709,0.488,0.591,67,"Pulling me further, further than I've been before Making me stronger, shaking me right to the core Oh, I don't know what's in the stars Never heard it from above, the world isn't ours But I know what's in my heart, if you ain't mine I'll be torn apart I don't know who's gonna kiss you when I'm gone So I'm gonna love you now, like it's all I have I know it'll kill me when it's over I don't wanna think about it, I want you to love me now I don't know who's gonna kiss you when I'm gone So I'm gonna"
865,The Worst In Me,KAYTRANADA,latin,neutral,0.645,109.98,0.59,0.784,0.009,67,"Oh yeah Ooh, woah, ooh Oh, nah, nah You make me a mess, oh Never meant to love you so, no Played with my emotions Falling for you don't make no sense Ooh-ooh-ooh, never could have cried so easily You, ooh-ooh, always get away with everything I can't believe that I let, let you in Once again, and again, and again, oh, no, no Every time I fuck, fight, we scream (All night) I thought it was (This ain't how it's supposed to be) That means I feel (Something) I want your love (You bring out the worst "
866,Day Or Night,Mike Williams,edm,neutral,0.8809999999999999,128.04,0.534,0.619,0.008,67,"Call up your body And call your name Oh, breathing the fire to feel the same I'm wide awake and by your side I'm in your blood and you're in mine I've lost all my sense of time Don't care if its day or night Day or night Put your hands up Put your, put your hands up Put your hands up Put your, put your hands up Put your hands up Put your, put your hands up Put your hands up Day or night Day or night Call up your body And call your name Oh, breathing the fire to feel the same I'm wide awake and b"
867,Body - Dzeko Remix,Loud Luxury,edm,happy,0.946,125.97,0.653,0.653,0.008,67,"Babe, don't make a sound 2 a.m. love gotta keep it down (keep it down) Don't wait around for a signal now Gimme some verbs, I ain't talkin' nouns (I'm naughty) You wanna ride in the Six You wanna dine in the Six (dine in the Six) But when I lean for the kiss You said I'll probably send you some pics And I'm like Hell nah, been waitin' too long (I've been waitin') Hell nah, I want that crew love (Come here, baby) Hell nah, been waitin' too long (I've been waitin') Hell nah, I want that crew love "
868,Move Your Body - Alan Walker Remix,Sia,edm,sad,0.789,128.03,0.4,0.636,0.083,67,"Poetry in your body You got it in every way And can't you see it's you I'm watching? I am hot for you in every way And turn around, let me see you Wanna free you with my rhythm I know you can't get enough When I turn up with my rhythm Your body's poetry, speak to me Won't you let me be your rhythm tonight? (Move your body, move your body) I wanna be your muse, use my music And let me be your rhythm tonight (Move your body, move your body) Your body's poetry speak to me Won't you let me be your r"
869,HandClap,Fitz and The Tantrums,latin,happy,0.836,139.96,0.715,0.636,0.006,67,"Turn it up Somebody save your soul 'cause you've been sinnin' in this city, I know Too many troubles, all these lovers got you losing control You're like a drug to me, a luxury, my sugar and gold I want the good life, every good night, you're a hard one to hold 'Cause you don't even know I can make your hands clap Said I can make your hands clap Somebody save your soul 'cause you've been sinning in this city, I know Too many troubles, all these lovers got you losing control You're like a drug to"
870,Salute,Little Mix,edm,sad,0.732,82.03,0.352,0.641,0.099,67,"Ladies all across the world, listen up, we're looking for recruits If you with me, let me see your hands, stand up and salute Get your killer heels, sneakers, pumps or lace up your boots Representing all the women, salute, salute Ladies all across the world, listen up, we're looking for recruits If you with me, let me see your hands, stand up and salute Get your killer heels, sneakers, pumps or lace up your boots Representing all the women, salute, salute It's who we are, we don't need no camouf"
871,Only Love,Deepend,latin,happy,0.81,108.01,0.648,0.647,0.066,67,"What can pull you from the edge Give you life and take your breath? What can make you leave and make you stay? What can make you lose your mind Drive cross town in the middle of the night? What can make you strong and so afraid? Only love, love Only love, only love Only love, love Only love, only love You and I, we've been through things But you still lying here with me And there's just one reason I can think of Why you deal with my crazy family? But I don't mind when you're nag me And why forev"
872,Unity,Dimitri Vegas & Like Mike,edm,sad,0.912,130.0,0.191,0.65,0.024,66,"Front to the back Front to the back Front to the back Front to the back Front to the back Front to the back Front to the back Front to the back Front, front, front, front Front, front, front, front... And we make the beat go! Front to the back Front to the back Front to the back Front to the back Front to the back Front to the back Front to the back Front to the back Front, front, front, front Front, front, front, front... And we make the beat go! Front to the back Front to the back Front to the"
873,Bongo Bong,Manu Chao,latin,happy,0.545,149.81,0.964,0.755,0.944,66,"Mama was queen of the mambo Papa was king of the Congo Deep down in the jungle I start bangin' my first bongo Every monkey'd like to be In my place instead of me 'Cause I'm the king of bongo, baby I'm the king of bongo bong I went to the big town Where there is a lot of sound From the jungle to the city Looking for a bigger crown So I play my boogie For the people of big city But they don't go crazy When I'm bangin' on my boogie I'm the (King kthe bongo, king of the bongo bong Hear me when I com"
874,Forever Young,UNDRESSD,latin,neutral,0.725,122.98,0.572,0.594,0.037,66,"Let's dance in style, let's dance for a while Heaven can wait we're only watching the skies Hoping for the best, but expecting the worst Are you gonna drop the bomb or not? Let us die young or let us live forever We don't have the power but we never say never Sitting in the sandpit, life a short trip The music's for the sad men Can you imagine when this race is won? Turn our golden faces into the sun Praising our leaders, we're getting in tune The music played by me, the mad men Forever young I "
875,Younger - Kygo Remix,Seinabo Sey,latin,happy,0.489,114.01,0.645,0.69,0.13,66,"There's a conclusion to my illusion I assure you this There's no end to this confusion if you let it wish you well Soul to sell, highest bidders can't you tell what you're getting? There is a light to all this darkness, I will tell you this There's redemption in you asking them just why it is Some answers are better left unspoken when you know you ain't getting any Younger, younger, younger Are you? Younger, younger, younger Are you? You ain't getting any Younger, younger, younger Are you? Young"
876,Nothing Breaks Like a Heart - Don Diablo Remix,Mark Ronson,edm,sad,0.871,123.97,0.379,0.712,0.179,66,"This world can hurt you It cuts you deep and leaves a scar Things fall apart, but nothing breaks like a heart And nothing breaks like a heart I heard you on the phone last night We live and die by pretty lies You know it, oh, we both know it These silver bullet cigarettes This burning house, there's nothing left It's smoking, we both know it We got all night to fall in love But just like that, we fall apart We're broken, we're broken Mmm, well, nothing, nothing, nothing gonna save us now Well, t"
877,Collateral Damage,Burna Boy,latin,happy,0.852,102.01,0.903,0.739,0.51,66,Ambassador go dey chop And Governor go dey chop And President go dey chop If dem say make we jump we go jump Ambassador go dey chop And President go dey chop And Governor go dey chop Dem dey say make we jump we go jump No be for here wey dem born Jesus ehee My country problem e pass Jesus Because na we be our own problem ehee Na who go come reason well? Oya dey there ooo Ambassador go dey chop And Governor go dey chop And President go dey chop Dem dey say make we jump we go jump Some people go s
878,Tokyo Drift,KVSH,edm,sad,0.767,125.99,0.342,0.844,0.053,66,"I wonder if you know how they live in Tokyo (はい) If you see me, then you mean it, then you know you have to go Fast and Furious (キタ、Drift) Fast and Furious (キタ、Drift) Well, woman de way de time cold, I wanna be keepin' you warm I got the right temperature fi shelter you fram the storm Oh Lord, gyal, I got de right tactics to turn you on And girl, I wanna de papa, you can be de mom, oh, oh Wanna be the papa, you can be the mom Oh, oh Oh, oh Oh, oh The gyal dem Schillaci, Sean da Paul So me give i"
879,The Same Way,Don Diablo,edm,sad,0.71,124.11,0.359,0.619,0.136,66,"We were young, we were far from home Dancing in the streets down in Mexico We were oceans, worlds apart Till we found each other in that old town bar Can you feel it, can you feel it Say you feel the same way I do Can you feel it, can you feel it Feel it in your blood like I do Oh Say you feel the same way I do Oh Feel it in your blood like I do Oh Say you feel the same way I do Oh Feel it in your blood like I do Oh Say you feel the same way I do Oh Feel it in your blood like I do We would lay u"
880,Amarillo By Morning,George Strait,latin,happy,0.361,121.06,0.621,0.606,0.264,66,"Amarillo by morning, up from San Antone Everything that I've got is just what I've got on When that sun is high in that Texas sky I'll be bucking at the county fair Amarillo by morning, Amarillo I'll be there They took my saddle in Houston, broke my leg in Santa FeLost my wife and a girlfriend somewhere along the way Well I'll be looking for eight when they pull that gate And I hope that judge ain't blind Amarillo by morning, Amarillo's on my mind Amarillo by morning, up from San Antone Everythi"
881,Hangover,Dynoro,edm,sad,0.7190000000000001,128.01,0.155,0.757,0.025,66,"And I can drink until dawn, dawn Got a hangover, oh Grow up, up And I can drink until dawn, dawn Got a hangover, oh I got a little bit trashed last night, night I got a little bit wasted And I can drink until dawn, dawn Got a hangover, oh Grow up, up And I can drink until dawn, dawn Got a hangover, oh Ohhh I got a hangover, whoa! I've been drinking too much for sure I got a hangover, whoa! I got an empty cup pour me some more I got a hangover, whoa! I've been drinking too much for sure I got a h"
882,Say My Name (feat. Zyra),ODESZA,edm,sad,0.745,115.05,0.347,0.749,0.004,66,"I wanna go, so, what'd you say When you gonna let me know If you give a damn about me?'Cause you got my hands tied In my defense, I always fall for confidence And your compliments look good on me 'Cause nobody knows it better Than the girl in the corner With the Scarlet Letter And while you're watching You may think that she doesn't matter But no one knows you better Oh yeah I wanna dance I wanna dance, dance, dance with you- you So, take a chance So, take a chance Oh yeah I wanna dance I wanna "
883,Beautiful People (feat. Khalid) - NOTD Remix,Ed Sheeran,latin,sad,0.794,103.97,0.37,0.702,0.007,66,"We are, we are, we are L.A. on a Saturday night in the summer Sundown and they all come out Lamborghinis and their rented Hummers The party's on, so they're headin' downtown ('Round here) Everybody's lookin' for a come up And they wanna know what you're about Me in the middle with the one I love and We're just tryna figure everything out We don't fit in well 'cause we are just ourselves I could use some help gettin' out of this conversation, yeah You look stunning, dear, so don't ask that questi"
884,Make It Right (feat. Lauv) [EDM Remix],BTS,edm,sad,0.741,106.0,0.238,0.648,0.004,66,"내가 날 눈치챘던 순간 떠나야만 했어 난 찾아내야 했어 All day all night 사막과 바다들을 건너 넓고 넓은 세계를 헤매어 다녔어 Baby I I could make it better I could hold you tighter 그 먼 길 위에서 Oh you're the light 초대받지 못한 환영받지 못한 나를 알아줬던 단 한 사람 끝도 보이지 않던 영원의 밤 내게 아침을 선물한 건 너야 이제 그 손 내가 잡아도 될까 Oh oh I can make it right All right All right Oh I can make it right All right All right Oh I can make it right 이 세상 속에 영웅이 된 나 나를 찾는 큰 환호와 내 손, 트로피와 금빛 마이크 All day, everywhere But 모든 게 너에게 닿기 위함인 걸 내 여정의 답인 걸 널 찾기 위해 노래해 Baby to you 전보다 조금 더 커진 키에 좀 더 단단해"
885,Don't Look Down,Martin Garrix,edm,sad,0.831,127.99,0.377,0.575,0.004,66,"Is your head spinning? Is your heart racing? Is that fire in your veins? Are your bones burning? Is your skin yearning? Cause you're driving me insane I kinda feel like I, feel like I saw the light You got me way up, a thousand miles Can we stay right here in this atmosphere Like we're flying in outer space? Don't look down Up this high, we'll never hit the ground Don't look down See that sky, we're gonna reach it now Do you feel the lightning inside of you? Will you follow through if I fall for"
886,Power,Hardwell,edm,sad,0.907,132.06,0.21,0.49,0.0,66,"I'll fill you up with bones that can never break Take you to a darker shade of grey Warm you like a sun that will never fade Oooh, ooh This is power, This is power This is power, This is power, power, power Power This is power, This is power This is power, This is power, power, power I'll give you every heart of a hundred souls You could be the fire to kill the cold I'll break you like a rock that could never hold Oooh, ooh This is power, This is power This is power, This is power, power, power "
887,Skyscraper,Demi Lovato,edm,sad,0.581,103.82,0.188,0.573,0.148,66,"Skies are crying, I am watching Catching tear drops in my hands Only silence as it's ending Like we never had a chance Do you have to make me feel like there's nothing left of me? You can take everything I have You can break everything I am Like I'm made of glass Like I'm made of paper Go on and try to tear me down I will be rising from the ground Like a skyscraper Like a skyscraper As the smoke clears I awaken and untangle you from me Would it make you feel better to watch me while I bleed? All"
888,Ignite (feat. SEUNGRI),K-391,edm,neutral,0.866,179.87,0.486,0.575,0.02,66,"Fireflies, a million little pieces Feeds the dying light, and breathes me back to life In your eyes, I see something to believe in Your hands are like a flame Your palms the sweetest pain Let the darkness lead us into the light Let our dreams get lost, feel the temperature rise Baby, tell me one more beautiful lie One touch and I ignite Like a starship speeding into the night You and I get lost in the infinite lights Baby, tell me one more beautiful lie One touch and I ignite One touch and I ign"
889,Stranger Things (feat. OneRepublic),Kygo,latin,neutral,0.6609999999999999,107.02,0.506,0.604,0.234,66,"The stranger things A life, a life of stranger things (Very far) For stranger things (Dreams of places I've) 'Cause that's just who we are We used to run around this ghost town Always thinking out loud How we gonna get out? I remember We dream of places that we could go Castles with the strange glow People that we don't know I remember We left a life That's ordinary from the start We look for stranger things 'Cause that's just who we are Found me the edge of something beautiful and loud Like I'm"
890,My Best Life (feat. Mike Waters) - Club Mix,KSHMR,edm,happy,0.921,120.2,0.675,0.603,0.018,66,"There's always someone with more money Someone who goes to better parties in a faster car I wanna be someone with no worries, ooh Not just someone who doesn't show it and keeps up a facade Oh, it used to get me down But now I know what's real I'm living my best life I don't know where it's taking me and that's fine At least it's what I make it So I don't mind, oh no No, I don't mind, oh no 'Cause nobody ever makes it out alive So I'm living my best life Gotta get up, I'm living my life Keep my h"
891,Jealous,Nick Jonas,edm,sad,0.701,93.01,0.38,0.7,0.013,65,"I don't like the way he's looking at you I'm starting to think you want him too Am I crazy? Have I lost ya? Even though I know you love me, can't help it I turn my chin music up And I'm puffing my chest I'm getting red in the face You can call me obsessed It's not your fault that they hover I mean no disrespect It's my right to be hellish I still get jealous 'Cause you're too sexy beautiful And everybody wants a taste That's why (that's why) I still get jealous 'Cause you're too sexy beautiful A"
892,Crashing (feat. Bahari),ILLENIUM,edm,sad,0.6809999999999999,96.0,0.273,0.582,0.342,65,"Intoxicating, your kiss Intoxicating, your lips Nobody does it like this I find it hard to resist, oh-ooh Feeling out of control, beautifully so What's coming over me? It's a total eclipse of rationality I don't usually say this I don't usually play this game Yeah, I know I'm not faded But it kinda feels that way I don't usually say this But I think I should let you know That baby, baby, I don't, I don't wanna go How could I go home when I feel like I belong? In your arms, it's like Champagne Fe"
893,Wildest Dreams,Taylor Swift,latin,neutral,0.664,140.06,0.467,0.553,0.071,65,"He said, ""Let's get out of this town Drive out of this city, away from the crowds"" I thought, ""Heaven can't help me now"" Nothing lasts forever But this is gonna take me down He's so tall and handsome as hell He's so bad, but he does it so well I can see the end as it begins My one condition is Say you'll remember me Standing in a nice dress Staring at the sunset, babe Red lips and rosy cheeks Say you'll see me again Even if it's just in your Wildest dreams, ah-aah, haa Wildest dreams, ah-aah, ha"
894,Nice To Meet Ya - Diplo Remix,Niall Horan,edm,neutral,0.747,125.0,0.498,0.719,0.011,65,"I like the way you talk, I like the things you wear I want your number tattooed on my arm in ink, I swear'Cause when the morning comes, I know you won't be there Every time I turn around, you disappear I wanna blow your mind, just come with me, I swear I'm gonna take you somewhere warm, you know j'adore la mer'Cause when the morning comes, I know you won't be there Every time I turn around, you disappear (I got love for you) (I got love for you) Nice to meet ya (I got love for you) (I got love f"
895,Loud Places (feat. Romy),Jamie xx,edm,sad,0.631,109.02,0.167,0.646,0.005,65,"I go to loud places To search for someone To be quiet with Who will take me home You go to loud places To find someone who Will take you higher than I took you Didn't I take you to Higher places you can't reach without me?(I have never reached such heights) Reach without me (I feel music in your eyes I have never reached such heights) I go to those places Where we used to go They seem so quiet now I'm here, all alone You go to new places With I don't know who And I don't know how To follow you H"
896,Russian Roulette,Rihanna,latin,sad,0.486,80.05,0.265,0.48,0.046,65,"Take a breath, take it deep ""Calm yourself,"" he says to me If you play, you play for keeps Take the gun and count to three I'm sweating now, moving slow No time to think, my turn to go And you can see my heart beating You can see it through my chest Said I'm terrified, but I'm not leaving I know that I must pass this test So just pull the trigger (Trigger, trigger, trigger) Say a prayer to yourself He says, ""Close your eyes Sometimes it helps"" And then I get a scary thought That he's here, means"
897,All the Things,Gaullin,edm,neutral,0.634,125.04,0.475,0.776,0.01,65,All the things she said All the things she said Runnin' through my head Runnin' through my head Runnin' through my head All the things she said All the things she said Runnin' through my head Runnin' through my head All the things she said All the things she said All the things she said Runnin' through my head Runnin' through my head Runnin' through my head All the things she said All the things she said Runnin' through my head Runnin' through my head All the things she said All the things she s
898,On Top Of The World,Imagine Dragons,latin,happy,0.926,100.05,0.761,0.635,0.089,65,"If you love somebody Better tell them while they're here 'cause They just may run away from you You'll never know quite when, well Then again, it just depends on How long of time is left for you I've had the highest mountains I've had the deepest rivers You can have it all, but life keeps moving Now take it in but don't look down... 'Cause I'm on top of the world, hey I'm on top of the world, hey Waiting on this for a while now Paying my dues to the dirt I've been waiting to smile, hey Been hold"
899,Rain Over Me,Pitbull,latin,sad,0.906,127.92,0.294,0.61,0.004,65,"NA Girl, my body don't lie (RedOne) I'm out of my mind Let it rain over me (Mr. Worldwide) I'm rising so high Out of my mind (Marc Anthony) So let it rain over me (Woo!) Ay-ay-ay, ay-ay-ay Let it rain over me Ay-ay-ay, ay-ay-ay Let it rain over me (Woo!) A billion is a new million Voli's a new vodka Forty's the new 30 (Ah) Baby, you're a rockstar (Ha, ha) Dale veterana, que tú sabe Más de la cuenta, no te hagas Teach me, baby, or better yet Freak me, baby, yes, yes I'm freaky, baby I'ma make sur"
900,Turn Me On,Kevin Lyttle,latin,happy,0.682,106.28,0.875,0.677,0.04,65,"Uh yeah...Oh yeah! Is ah big dance hall song in know Madzart alongside Kevin Lyttle You know how it is, you know how we go You know! For the longest while, we jamming in the party And you're wining on me Pushing everything right back on top of me, yeah heh But if you think you're gonna get away from me You better change your mind, you're going home You're going home with me tonight Let me hold you, girl, caress my body You got me going crazy, you Turn me on, turn me on Let me jam you, girl whine"
901,Road,Lane 8,edm,sad,0.514,121.98,0.096,0.689,0.512,65,"I've been staring at a road I've been staring at a road I've been staring at a road Too scared to follow up Even as the sunset descends on me I stay unmoved to change the view Of where it leads (Of where it leads) I've been staring at a road I've been staring at a road I've been staring at a road I've been staring at a road I feel the weight of what I need Come crash full force into me I see the stars, they light the sky And wonder where I fit into line Into line (Into line) I've been staring at"
902,Again,Wun Two,latin,happy,0.525,82.78,0.652,0.762,0.949,65,Again This couldn't happen again NA
903,Love Me,Justin Bieber,latin,happy,0.868,124.96,0.632,0.729,0.009,65,"My friends say I'm a fool to think that you're the one for me I guess I'm just a sucker for love Cause honestly the truth is that you know I'm never leaving Cause you're my angel sent from above Baby you can do no wrong, my money is yours Give you little more because I love ya, love ya With me, girl, is where you belong, just stay right here I promise my dear I'll put nothing above ya, above ya Love me, love me, say that you love me Fool me, fool me, oh how you do me Kiss me, kiss me, say that y"
904,Out Of This Town,Hardwell,edm,happy,0.902,149.99,0.633,0.553,0.009,65,"All I know, that's for sure Is that I don't know at all Throw your phone on the floor You only need it when I call I'm always throwing down for the whole squad Never going my back to my old job Flying in a jet, going off to Mars Trying to see the world through different cars And sweat tears, different years I knew I was made for this Tonight I just take a sip I guess this is what famous is I've been on my last, I've been down for the count I've been climbing to the top, I've been all the way dow"
905,She Doesn't Mind,Sean Paul,latin,happy,0.7759999999999999,120.02,0.622,0.718,0.001,65,"Oooh Oooh Oooh Oooh Oooh Oooh Oooh Girl I got you so high, and I know you like So come and push it on me, if it feels alright When you drop it low, and break me off No, she doesn't mind (aight) She doesn't mind (aight) She doesn't mind Girl I got you so... Push it back 'pon it, bring it back 'pon it Gimme di ting becah mi waah fi lock 'pon it Wine it, wiggle it, set di track 'pon it Two more shot, now we inna hot 'pon it Two girl, and dem ready fi jump 'pon it Two to my world, and mi ready fi tu"
906,You Got Me,The Roots,latin,happy,0.442,81.03,0.757,0.729,0.151,65,"If you were worried 'bout where I been or who I saw or What club I went to with my homies Baby, don't worry, you know that you got me If you were worried 'bout where I been or who I saw or What club I went to with my homies Baby, don't worry, you know that you got me Somebody Told me that this planet was small, we used to live in The same building, on the same floor, and never met before Until I'm overseas on tour, and peeped this Ethiopian Queen from Philly taking classes abroad She studying fi"
907,Summer,Marshmello,edm,sad,0.748,142.03,0.254,0.583,0.007,65,One-two-three-yeah! One-two-three-yeah!
908,Often - Kygo Remix,The Weeknd,latin,neutral,0.491,80.16,0.408,0.523,0.123,65,"NA ""Seneler sürer her günüm"" Ooh yeah, ooh yeah, ooh yeah, ooh yeah, ooh yeah ""Yalnız gitmekten yorgunum"" Ooh yeah, ooh yeah, ooh yeah, ooh yeah ""Seneler sürer her günüm"" Ooh yeah, ooh yeah, ooh yeah, ooh yeah, ooh yeah ""Yalnız gitmekten yorgunum"" Ooh yeah, ooh yeah, ooh yeah, ooh yeah, ooh yeah I usually love sleeping all alone This time around bring your friend with you But we ain't really going to sleep at all You ain't gonna catch me with them sneak pictures, sneak pictures, sneak pictures I"
909,Tell It to My Heart,Taylor Dayne,latin,happy,0.988,117.96,0.723,0.638,0.03,65,"I feel the night explode When we're together Emotion overload In the heat of pleasure Take me I'm yours into your arms Never let me go Tonight I really need to know Tell it to my heart Tell me I'm the only one Is this really love or just a game Tell it to my heart I can feel my body rock Every time you call my name The passion's so complete It's never ending As long as I receive This message you're sending Body to body, soul to soul Always feel you near So say the words I long to hear Tell it to"
910,Spaceship (feat. Uffie) - MOTi Remix,Galantis,edm,sad,0.883,125.99,0.219,0.507,0.05,65,"Hey, I found a spaceship You got the kinda love that's taking me new places Hey, I'm on a spaceship You got the kinda love that's taking me new places Hey, I found a spaceship You got the kinda love that's taking me new places Hey, I'm on a spaceship You got the kinda love that's taking me new places Hey, I found a spaceship Hey, you take me high-igh-igh Three, two, one Hey, I found a spaceship You got the kinda love that's taking me new places Hey, I'm on a spaceship You got the kinda love that"
911,Happy Kids,John De Sohn,edm,happy,0.649,124.07,0.672,0.603,0.01,65,"Do you remember when we used to be Them happy kids, them happy kids? When we were better, but in our memories We are happy kids, them happy kids Oh, take me back to the days We were dancing in the streets going insane We had no money, had no name But I knew that you and I would never change Do you remember when we used to be Them happy kids, them happy kids? When we were better, but in our memories We are happy kids, them happy kids Do you remember? We are happy kids, them happy kids Do you reme"
912,Tuesday (feat. Drake),ILOVEMAKONNEN,edm,neutral,0.664,140.16,0.472,0.77,0.215,64,"Sonny Digital Metro Boomin want some more, nigga Got the club goin' up on a Tuesday Got your girl in the cut and she choosey Club goin' up on a Tuesday Got your girl in the cut and she choosey Club goin' up on a Tuesday Got your girl in the cut and she choosey Club goin' up on a Tuesday Got your girl in the cut and she choosey Squad goin' up Nobody flippin' packs now I just did three in a row Them shows is back-to-back to back now Put the world on our sound You know PARTY and The Weeknd Ain't go"
913,Choosy (feat. Jeremih & Davido),Fabolous,latin,neutral,0.635,106.99,0.453,0.734,0.12,64,"Right Now Sound Hitmaka! Oh, I like this Choosy, choosy, choosy, choosy (Choosy) Choosy (Choosy) But I don't wanna choose (I swear, I don't) Choosy, choosy, choosy, choosy (I swear, I don't) Choosy (Yeah) But I don't wanna choose (I swear, I don't) Choosy, choosy, choosy, choosy (Here we go) She want me to come stay over (Stay) She caught a flight with no layover (Lay) Drinkin' all night with no hangover (Hey)(Drinkin' all night with no hangover) (Yeah) She never ask me to pay for it (Hard) She "
914,Say My Name (feat. Bebe Rexha & J Balvin) - Afrojack & Chasner Remix,David Guetta,edm,sad,0.91,127.97,0.239,0.406,0.005,64,"You've been dressing up the truth I've been dressing up for you Then you leave me in this room, this room Pour a glass and bite my tongue You say I'm the only one If it's true, then why you running, you running Oh-woah-oah If you're really being honest If you really want this (Oh-woah-oah) Why you acting like a stranger? What's with your behavior? (Oh-woah-oah) Say my name, say my name If you love me, let me hear you Say my name, say my name I am dying to believe you I feel alone in your arms I "
915,Not Nice,PARTYNEXTDOOR,latin,happy,0.496,128.06,0.725,0.598,0.025,64,"Oh-oh-oh-oh Oh-oh-oh-oh You've got some vacation time You and your girlfriend too badmind Bad, bad, bad, when you're both combined I don't know why you look so nice Girl you're not nice, you're rude Want me to feel like I'm new Want me to watch you do you Don't, girl, you look so nice But you're not nice, you're rude Look what you're putting me through I'd never do this to you I need to hold the corner and then slow whine it One time, yeah I need to hold the corner and then slow whine it One tim"
916,Reload - Radio Edit,Sebastian Ingrosso,edm,neutral,0.7240000000000001,128.04,0.433,0.485,0.074,64,"When night has become the day They're sending you far away So so far away When everything starts to fade You don't have to be afraid No you don't have to be afraid Take my hand and reload This is free love That's what we are made of Yes we are, are, are Reload, this is real love That's what we are made of Yes we are, are, are NA When you want to get off the ground But gravity pulls you down Gravity pulls you down And when you feel out of place You don't have to be afraid No you don't have to be "
917,Hey Baby (Drop It to the Floor),Pitbull,edm,happy,0.913,128.02,0.762,0.595,0.044,64,"Mr. Worldwide T-Pain (El que no olle consejo, no llega a viejo) So listen up Let her go, lalala If your girl wanna play, let her go Said let her go, lalala If your girl wanna play, let her go Said let her go, lalala If your girl wanna play, let her go Said let her go, lalala If your girl wanna play, let her go Dale, Pain Hey baby girl what you doing tonight? I wanna see what you got in store (hey, hey baby) You're giving it your all when you're dancing on me I want to see if you can give me some"
918,Faded,NERVO,edm,sad,0.807,137.98,0.149,0.685,0.002,64,"Baby, I'm wasted (wasted) All I wanna do is drive home to you Baby, I'm faded (faded) All I wanna do is take you downtown Baby, I'm wasted All I wanna do is drive home to you Baby, I'm faded I'm faded (All I wanna do is take you downtown) I'm faded All I wanna do is drive home to you Baby I'm wasted (I'm wasted) (No, no, I'm faded) Under your spell I'm not so well I'm faded Under your spell Oh, can't you tell I'm wasted Under your spell I'm not feeling well (No, no I'm faded) I'm faded Under you"
919,Baby,Bakermat,latin,happy,0.922,125.96,0.637,0.708,0.135,64,"Baby, my heart is full of love and desire for you Now come on down and do what you got to do You started this fire down in my soul Now can't you see it's burning out of control My heart is full of love and desire for you Now come on down and do what you got to do You started this fire down in my soul Now can't you see it's burning out of control Oh, satisfy the need in me Oh baby, my heart is full of love and desire for you Now come on down and do what you got to do You started this fire down in"
920,Death & Desire (feat. Harrison),Knife Party,edm,sad,0.964,124.99,0.379,0.617,0.001,64,"I feel I'm surrounded Can't live without it It's just what you do to me You save me from drowning Did you know? I'm calling now You're fuel to the fire I need you to light it To keep warm, you're burning down Flames getting higher From death and desire From death and desire From death and desire I'm calling now You're fuel to the fire I need you to light it You're burning down Flames getting higher From death and desire From death and desire"
921,Fuck You,CeeLo Green,edm,happy,0.879,127.46,0.753,0.693,0.193,64,"I see you driving around town with the girl I love And I'm like, ""Fuck you"" (Ooh, ooh, ooh) I guess the change in my pocket wasn't enough I'm like: ""Fuck you and fuck her, too"" Said if I was richer I'd still be with ya Hah, now ain't that some shit? (Ain't that some shit?) And although there's pain in my chest I still wish you the best With a fuck you (Oh, ooh, oooh) Yeah, I'm sorry, I can't afford a Ferrari But that don't mean I can't get you there I guess he's an Xbox and I'm more Atari But th"
922,Breakaway,Kelly Clarkson,latin,sad,0.701,159.96,0.394,0.446,0.03,64,"Grew up in a small town And when the rain would fall down I'd just stare out my window Dreaming of what could be And if I'd end up happy I would pray (I would pray) Trying hard to reach out But when I tried to speak out Felt like no one could hear me Wanted to belong here But something felt so wrong here So I prayed (I would pray) I could break away I'll spread my wings and I'll learn how to fly I'll do what it takes 'til I touch the sky And I'll make a wish, take a chance, make a change And bre"
923,Only You,Frenna,latin,happy,0.5539999999999999,94.98,0.847,0.852,0.013,64,"Songtekst van Frenna – ""Only You"" ft. Philly Moré Spanker Only you Don't make another one just come through Oh, baby you, just you Only you Don't make another one just come through Baby please, baby please Oh, baby you, just you Schat, ik wil je zeggen dat m'n brein niet werkt Vertrouw niemand, 't is zonde, m'n rug zit vol wonden Ey, dus zocht ik nog een meisje van de kerk Ik ben niet eens meer honderd, darling, oh Maar babe, ik ben er nooit Je keek naar boven, maar je zegt, je zag de sterren no"
924,Issues - Alan Walker Remix,Julia Michaels,edm,happy,0.772,113.94,0.628,0.756,0.142,64,"I'm jealous, I'm overzealous When I'm down, I get real down When I'm high, I don't come down I get angry, baby, believe me I could love you just like that And I could leave you just as fast But you don't judge me 'Cause if you did, baby, I would judge you too No, you don't judge me 'Cause if you did, baby, I would judge you too 'Cause I got issues But you got 'em too So give 'em all to me And I'll give mine to you Bask in the glory Of all our problems 'Cause we got the kind of love It takes to s"
925,WORKIN ME,Quavo,latin,sad,0.629,170.02,0.267,0.79,0.182,64,"M-M-M-Murda Work, work Workin' me (Work), she workin' me (Work, work) Urgin' me (Urge), it be urgin' me (Yeah, yeah) Just let up the top and close the curtain, please (Skrrt, skrrt) I decided to go up like Major League (Goin' up) She just popped the Perky just like pork and beans (Perky) She just popped the Perky, say I hurt her knees (Perky) She hurtin' me, wrist strong, Hercules (Hurtin' me) Two cups, Martell pour it neat (Two) Serve a fiend, fuck a bitch, then go to sleep (Serve, serve) I nee"
926,World At Our Feet,Timmy Trumpet,edm,sad,0.7490000000000001,137.96,0.253,0.456,0.005,64,"We can rise with the morning up against an ocean Send out a warning, we are free Cos we are the broken never letting go With our minds wide open, we can see (x2) I called them out, from underneath All dressed red and fires All that they could breath All i ask of you is your salvation Want you follow me to my imagination? We can rise with the morning up against an ocean Send out a warning, we are free Cos' we are the broken never letting go With our minds wide open, we can see We can see We've go"
927,White Lies,M-22,edm,happy,0.916,123.54,0.688,0.427,0.0,64,"So I'll be yours the way I feel for you But you ain't always running my mind We find it hard to always tell the truth, yeah So we just keep on telling white lies It ain't that ordinary, but you're too good to miss So I keep telling you, and you keep telling me It doesn't even matter, we both know what this is So I keep telling you, and you keep telling White lies, white lies I keep on telling you, telling you, telling you White lies, white lies I keep on telling you I don't believe in anything y"
928,Ocean (feat. Khalid) - David Guetta Remix,Martin Garrix,edm,sad,0.8240000000000001,127.07,0.36,0.609,0.091,64,"Tell me what you're crying for I'll wipe your tears, oh love If your soul is aching love I'll comfort you for sure If we're caught in a wave I will carry you over It don't matter where you are I'll run to your front door When my head goes in different directions You know my heart's never on the move And in the dark times you don't have to question If I'm 100 with you You could put an ocean between our love, love, love It won't keep us apart You could build a wall, I would run it up, up, up Just "
929,When Love Takes Over (feat. Kelly Rowland),David Guetta,edm,neutral,0.863,129.97,0.496,0.658,0.014,64,"It's complicated It always is That's just the way it goes Feels like I've waited so long for this I wonder if it shows Head underwater Now I can't breathe It never felt so good 'Cause I can feel it coming over me I wouldn't stop it if I could When love takes over, yeah You know you can't deny When love takes over, yeah 'Cause something's here tonight Give me a reason I gotta know Do you feel it too? Can't you see me here on overload? And this time, I blame you, mmm Looking out for you to hold my"
930,Happy Now - R3HAB Remix,Kygo,edm,neutral,0.84,123.07,0.539,0.623,0.017,63,"We don't wanna believe it, that it's all gone It's just a matter of minutes before the sun goes down We're afraid to admit it, but I know you know, know that We should've known better, but kept on trying And it's time that we see it, the fire's dying out Can't believe that I say this, we're out of chances now And I just want you to know that You and me, it was good, but it wasn't right And it'll be hard, but I know I will make it out Step by step, I'll move on and get on with life So I let go, a"
931,Booty Swing,Parov Stelar,edm,happy,0.669,112.97,0.914,0.85,0.26,63,"Now, Arab sheikhs on the burning sands Come into their harems and clap their hands Said, ""Come on, girls, are you ready to play? Let's have a little more of that swingin' today."" Now, in the land of Fu Manchu The girls all now do the Suzie-Q Clap their hands in the center of the floor Saying, ""Ching, ching, chop-suey, swing some more!"" Now, geisha girls in old Japan Wink behind their peacock fans Since they learned to say, ""Yeah! Let's swing it like Amelican's swing swing dance!"" Now, Gypsy cara"
932,Who's That Chick? (feat. Rihanna),David Guetta,latin,happy,0.601,127.94,0.931,0.675,0.004,63,"Feel the adrenaline moving under my skin It's an addiction, such an eruption Sound is my remedy, feeding me energy Music is all I need Baby, I just wanna dance I don't really care I just wanna dance I don't really care, care, care (You can feel it in the air, yeah) She's a mean-eyed crazy dita Disco diva and you wonder Who's that chick? Who's that chick? Too cold for you to keep her Too hot for you to leave her Who's that chick? Who's that chick? Who's that chick? Who's that chick? Who's that ch"
933,Dancing On My Own - Tiësto Remix,Calum Scott,edm,sad,0.602,122.02,0.291,0.636,0.018,63,"Somebody said you got a new friend But does she love you better than I can? And there's a big black sky over my town I know where you're at, I bet she's around And yeah I know it's stupid, but I just gotta see it for myself I'm in the corner, watching you kiss her, oh oh oh And I'm right over here, why can't you see me? Oh oh oh And I'm giving it my all But I'm not the guy you're taking home, oooh I keep dancing on my own I just wanna dance all night And I'm all messed up, I'm so out of line, ye"
934,I'm Not Alone - 2019 Edit,Calvin Harris,edm,sad,0.982,127.99,0.212,0.6,0.003,63,"Can you stay up for the weekend And blame God for looking too old? Can you find all that you stand for Has been replaced with mountains of gold? You can untrain yourself to notice To feel pain and swallow fear But can you stay up for the weekend 'Til next year? God, I can't do this any more Though I'll be laid down on the floor As many feet walk through the door I'm not alone If I see a light flashing, could this mean that I'm coming home? If I see a man waving, does this mean that I'm not alone"
935,Geronimo,Sheppard,latin,neutral,0.78,142.03,0.457,0.705,0.456,63,"Can you feel it? Now it's coming back We can steal it if we bridge this gap I can see you through the curtains of the waterfall When I lost it, yeah, you held my hand But I tossed it, didn't understand You were waiting as I dove into the waterfall So say Geronimo! Say Geronimo!Say Geronimo! Say Geronimo!Say Geronimo! Say Geronimo!Say Geronimo! So say Geronimo! Say Geronimo! Say Geronimo! Say Geronimo! Say Geronimo! Say Geronimo! Say Geronimo! Can you feel my love? Bombs away!Bombs away! Bombs aw"
936,Let Her Go - Acoustic,Passenger,latin,sad,0.0747,141.34,0.254,0.553,0.943,63,NA NA Well you only need the light when it's burning low Only miss the sun when it starts to snow Only know you love her when you let her go Only know you've been high when you're feeling low Only hate the road when you're missing home Only know you love her when you let her go And you let her go... Staring at the bottom of your glass Hoping one day you'll make a dream last But dreams come slow and they go so fast You see her when you close your eyes Maybe one day you'll understand why Everythin
937,SouthSide (feat. Eptic),DJ Snake,edm,neutral,0.94,149.96,0.555,0.571,0.011,63,"Watch out1, 2, 3, bring it up now Bring it up now 1, 2, 3, okay Bring it up now Check it out now Watch out 1, 2, 3, bring it up now Bring it up now 1, 2, 3, okay Bring it up now Check it out now"
938,Carry Me (feat. Julia Michaels),Kygo,latin,sad,0.551,105.05,0.222,0.621,0.486,63,"Like a kid and her teddy bear Like a leaf blowing in the air Could you carry me? Could you carry me? Like a flag after a war When you're gone or when you're first born Could you carry me? Could you carry me? Cause I don't know how we How we got so far, you and me Almost like there's oceans between us, us So I need to know Could you carry me? Back into your heart again Could you carry me? Right into your distant hands Could you carry me? Right back to where we started from Could you carry me? On "
939,Imagine,Jack Johnson,latin,sad,0.179,141.95,0.374,0.554,0.937,63,"Imagine there's no heaven Its easy if you try And no hell, below us And above us, is only sky Imagine all the people Livin for today You-ou-ou You may say, that I'm a dreamer But I'm not the only one I hope someday, you'll join us And the world will live as one Imagine there's no countries It isn't hard to do Nothing to kill Or die for No religion too Imagine all the people Livin the life for peace You-ou-ou You may say that I'm a dreamer But I'm not the only one I hope someday, you'll join us A"
940,Fuck You,Lily Allen,latin,happy,0.904,130.01,0.84,0.775,0.027,63,"Look inside, look inside your tiny mind Then look a bit harder 'Cause we're so uninspired, so sick and tired Of all the hatred you harbour So you say it's not okay to be gay Well, I think you're just evil You're just some racist who can't tie my laces Your point of view is medieval Fuck you (Fuck you), fuck you very, very much'Cause we hate what you do And we hate your whole crew So please, don't stay in touch (Da-da-da-da-da-da-da) Fuck you (Fuck you), fuck you very, very much'Cause your words "
941,Ring Ring (feat. Mabel & Rich The Kid),Jax Jones,latin,happy,0.6409999999999999,107.03,0.638,0.779,0.172,63,"Hello? You there? Hello? You there? What you, what you gon' do? If you take me out tonight I know you can change my mind (Oh) Yesterday, we were over But today, I'm feeling closer to you (Oh) No more late night Ubers, baby I'm not coming to your house, hah, are you crazy? You said you were home But I saw on your story, you out till the morning Not alone, so now you're gonna call Ring ring Hello? You there? Real talk, you got me going crazy Hello? You there? Are you out somewhere with your baby? "
942,We'll Be Coming Back (feat. Example),Calvin Harris,edm,neutral,0.952,127.94,0.571,0.596,0.001,63,"We took it all apart But I'm wishing I'd stayed In the back room something I heard you say We didn't want to call it too early Now it seems a world away But I miss that day, are we ever gonna feel the same? Standing in the light 'til it's over Out of our minds Someone had to draw a line We'll be coming back for you one day We'll be coming back for you one day I don't even care if I know ya Out of our minds Sad to leave it all behind We'll be coming back We'll be coming back for you one day You c"
943,Keep On Lovin',Cat Dealers,edm,sad,0.726,124.08,0.256,0.601,0.005,63,"Look into my eyes I know you can see Listen when I say That everything's okay Feel it in my touch I won't let you go I wanna spend my life Always by your side I'm so in love with you More than I've ever been I'm so in love with you More than I've ever thought I could So I just keep on learning Keep, keep running Keep on lovin' you So I just keep on learning Keep, keep running Keep on lovin' you I know there's nothing wrong There's nothing to fear No one in this world Could take me from here Don'"
944,Body Say,Demi Lovato,edm,sad,0.74,86.98,0.257,0.628,0.004,63,"If I had it my way, I would take you down If I had it my way, I would turn you out And if my body had a say, I would come again Scared of what I might say, cause I'm at the edge And our eyes are crossing paths across the room (Ooh) There's only one thing left for us to do You can touch me with slow hands Speed it up, baby, make me sweat Dreamland, take me there cause I want your sex If my body had a say, I wouldn't turn away Touch, make love, taste you If my body told the truth, baby I would do "
945,Shut Up and Dance - Live Acoustic - 2015,WALK THE MOON,latin,happy,0.615,129.87,0.768,0.82,0.151,63,"NA ""Oh, don't you dare look back Just keep your eyes on me"" I said, ""You're holding back""She said, ""Shut up and dance with me"" This woman is my destiny She said, ""Ooh hoo Shut up and dance with me"" We were victims of the night The chemical, physical kryptonite Helpless to the bass and the fading light Oh, we were bound to get together Bound to get together She took my arm I don't know how it happened We took the floor and she said ""Oh, don't you dare look back Just keep your eyes on me"" I said, "
946,Symphony,Sick Individuals,edm,sad,0.888,127.92,0.189,0.612,0.037,63,"I try to understand the reason why we've been hiding I'm waiting on a sign in neon lights Give me a sign 'Cause you and I are meant to paint the sky There's no denying, baby We're the chosen ones, we chase the high Nothing's free, I need your beating heart to breathe Come with me, we'll be a symphony We'll be a symphony We'll be a symphony We'll be a symphony Give me a sign 'Cause you and I are meant to paint the sky There's no denying, baby We're the chosen ones, we chase the high Nothing's fre"
947,Instagram - R3HAB Remix,Dimitri Vegas & Like Mike,edm,neutral,0.858,122.57,0.502,0.436,0.055,63,"NA Just bought a black Ferrari House in the hills in L.A Say that you'll take care of me Sorry, but I don't need a plan like that Don't need a man like that What'd you say? You say that you've been on TV? And I should come back to your place? Hold up, let me set you straight School's in session, let me educate Who the hell do you think I am? I don't give a fuck about your Instagram Listen up, 'cause I'm not that girl Ain't enough liquor in the whole wide world Who the hell do you think I am? I d"
948,That's What I Like - Alan Walker Remix,Bruno Mars,edm,happy,0.8959999999999999,134.06,0.798,0.692,0.012,63,"Hey, hey, hey I got a condo in Manhattan Baby girl, what's hatnin'? You and your ass invited So gon' and get to clappin'So pop it for a player Pop, pop it for me Turn around and drop it for a player Drop, drop it for me I'll rent a beach house in Miami (-ami) Wake up with no jammies (Nope) Lobster tail for dinner Julio serve that scampi (Julio!) You got it if you want it Got, got it if you want it Said you got it if you want it Take my wallet if you want it now Jump in the Cadillac, girl, let's "
949,Crawl Outta Love,ILLENIUM,edm,sad,0.723,84.15,0.167,0.376,0.178,63,"We were so bright Standing in the sunlight Never got burnt, we were alright Had that easy kind of love and I let it in For a moment Felt like we were floating Baby, I swear, we were golden It was easy, natural as breathing air And when the sky went dark You think I would have known Before we let it get this far I should have let you go Now I gotta crawl outta love Now I gotta crawl outta love It's so fucking easy to fall in But now that this ain't what you promised And tell me how to crawl outta"
950,I Should Have Walked Away,KAAZE,edm,sad,0.6679999999999999,129.8,0.281,0.434,0.031,63,"Oh I, I just died in your arms tonight It must have been something you said I just died in your arms tonight Oh I, I just died in your arms tonight It must've been some kind of kiss I should have walked away, I should have walked away I should have walked away Oh I, I just died in your arms tonight It must've been some kind of kiss I should have walked away, I should have walked away I keep looking for something I can't get Broken hearts lie all around me And I don't see an easy way to get out o"
951,Walk Thru Fire,Vicetone,edm,sad,0.664,116.03,0.351,0.639,0.329,63,"Talk to me Spill the secrets you've been keeping Life cuts deep Let me help pick up the pieces You're not alone, I'm by your side Don't you know, don't you know I'll walk through fire with you I'll walk through fire No matter what, I'll make it right Don't you know, don't you know I'll walk through fire with you I'll walk through fire I'm not an angel, I'm not a saint I've been a closed book full of mistakes But when you're broken, when you're in pain Oooh, ooh I'll walk through fire with you I'"
952,Never Never (feat. Indiiana),Drenchill,edm,sad,0.853,125.98,0.233,0.742,0.036,63,"Never never, never never I don't wanna hurt forever You used to be my song, love was the melody But now you overplayed it so much to make me hate it Her kisses in your phone, I found it on our bed Hurts more than betrayal, the fact that you never failed to Trick my mind, telling me the perfect lies Didn't want to see the signs Time after time, time after time It's okay, you belong to yesterday Never gonna make me stay This time I swear, this time I say N-N-N-Never never, never never I don't wann"
953,"Made In France (with Tchami & Malaa, feat. Mercer)",DJ Snake,edm,neutral,0.949,126.01,0.506,0.836,0.003,62,"Yo, before we get started Before we get started Before we get started Before we get started Yo, before we get started Before we get started Before we get started Before we get started Yo, before we get started Before we get started Before we get started Before we get started Yo, before we get started Before we get started Before we get started Before we get started Yo, before we get started Before we get started Before we get started Before we get started Yo, before we get started Before we get "
954,Rewind (feat. Caelu),Cat Dealers,edm,sad,0.8170000000000001,123.02,0.343,0.746,0.004,62,"When I wake up in the morning It feels like I had a drink or two last night Ten o'clock, I'm feeling sober I'm feeling fine I had a dream with you last night Flow (flow) chimes (chimes) We could be together, we could be alright I hope you don't remember what I did last night Wished that I could rewind Wished that I could rewind Wished that I could rewind Wished that I could rewind Wished that I could rewind Wished that I could rewind Rewind those times I was so high This is how I live my life Wh"
955,Thing For You - David Guetta Remix,David Guetta,edm,neutral,0.867,123.43,0.452,0.44,0.552,62,"I always stay when the night is done You got that kinda thing I should run from But that's the reason why it's so fun I always come back Sending all the wrong signals to my brain (Oh) Sending all the right feeling through my veins I should go, but I never walk away Always make the same mistakes No, I never change I got a thing for you I've got a thing for the things that I shouldn't do And when I'm next to you I get those fucked up feelings I do, 'cause I got a thing for you I've got a thing for"
956,Do Bad Well (feat. Nevve),KSHMR,edm,neutral,0.894,127.96,0.415,0.604,0.051,62,"Oh, my daddy taught me well There's some devils in heaven and some angels in hell So promise me child, when they pull your card You'll know, you'll know which one you are Ooh, oh ooh Yeah, my daddy taught me well (Hey) Ooh, oh ooh If you can't do good, better do bad well If you can't do good, better do bad well I don't believe in miracles Flickers in the night I know when something is worth it I know how to fight They never see the story, only wrong from right It's just like you told me Oh, I st"
957,Fighter,Klaas,edm,sad,0.895,125.02,0.293,0.592,0.003,62,"One look in the mirror I recognize the face that I see It's getting clearer The scars that you like mean nothing to me Sometimes I feel like falling But you're not around to hold or catch me I hear the voices calling But when I give in they disappear 'Cause I'm a fighter, a fighter I'm not gonna give up, I'm not gonna stop Cause I'm a fighter, a fighter I'm not gonna give up, I'm not gonna drop 'Cause I can fight, fight, fight I can fight to the end Yeah, I can fight, fight, fight If I fall I ju"
958,Bad Blood,Taylor Swift,edm,sad,0.802,170.16,0.295,0.652,0.087,62,"'Cause baby, now we've got bad blood You know it used to be mad love So take a look what you've done 'Cause baby, now we've got bad blood, hey!Now we've got problems And I don't think we can solve 'em You made a really deep cut And baby, now we've got bad blood, hey! Did you have to do this? I was thinking that you could be trusted Did you have to ruin what was shiny? Now it's all rusted Did you have to hit me where I'm weak? Baby, I couldn't breathe And rub it in so deep Salt in the wound like "
959,Change My Heart,Ummet Ozcan,edm,sad,0.8240000000000001,90.0,0.217,0.65,0.156,62,"I can see that you're jealous as fuck But I think you're having fun 'Cause when you see him talking me up You know you picked a good one And when I think that I've had enough Straight to you I'll run I might look, but I'm not gonna touch Next to you there's no one Come on, baby, let it go Not tripping on your ego I'm never gonna let you go I just wanna let you know I'm giving you a free throw I'm never gonna let you go Nothing's gonna change my heart Nothing's gonna change this story Nothing's g"
960,Bring It Back,Deorro,edm,neutral,0.904,127.96,0.518,0.762,0.002,62,"Everybody hands up, let's go Bring it back now Put your hands up Put your hands up Put your hands up Put your hands up Uno, dos, tres Hands up, let's go Bring it back now Hands up, let's go Make some noise Hands up, let's go Hey, hey, hey, hey Come on Hey, hey, hey, hey Everybody hands up let's go Put your hands up Put your hands up Put your hands up Put your hands up Put your hands up Put your hands up Put your hands up Put your hands up Put your hands up Put your hands up Put your hands up Put"
961,Mr. Navigator,Armin van Buuren,edm,sad,0.948,134.08,0.181,0.759,0.021,62,"Back to the basics, freed from cages Into the world of joy not stasis Natural chemicals, endorphin, dopamine Storming down my brain like a wild, wild vaccine Welcome back Mr. Navigator To rule your life and be the operator Lose the role, find the soul, get the goal, make it whole Never let the system take cruise control -TROL! This is the weekend When lame things end, meet your cool friend Time to dance, take a chance, go wild, in a trance Everyone can win a game of romance Welcome back Mr. Navi"
962,Working For It - Bonus Track,ZHU,edm,neutral,0.715,99.95,0.502,0.776,0.097,62,You've been working here all night long Let me see if I can give you better Even when I'm far and gone I know you're working for it You've been working here all night long Let me see if I can give you better Even when I'm far and gone I know you're working for it I know you're working for it I know you're working for it I'll make you better (I know you're working for it) (Money on my mind) I'll make you better (I know you're working for it) (Eyes on the dollar sign) I'll make you better (I know 
963,With U (feat. Karen Harding),Tujamo,edm,happy,0.865,122.02,0.673,0.785,0.079,62,"I've been thinking 'bout it I've been thinking 'bout it when I'm with you It's always underrated, never complicated when I'm with you I only wanna give enough Of something that you know I got plenty of I only wanna keep it real Trust me, you don't have to understand it This is how I planned it If you, if, if you Only for the night Work you, work, work you Only for the night Don't you, don't, don't you Only for the night Don't you get it twisted Not addicted, I just love it I've been thinking 'bo"
964,Your Body - Cat Dealers Radio Edit,Tom Novy,edm,sad,0.612,123.97,0.344,0.684,0.327,62,Something bout your body... hey hey hey hey hey I don't want nobody I don't want nobody baby But you There's something bout your body That's got me thinkin of nobody But you I don't want nobody I don't want nobody baby But you X2 There's something bout your body That's got me thinkin of nobody But you I don't want nobody I don't want nobody baby But you There's something bout your body That's got me thinkin of nobody But you I don't want nobody baby..ooooooo There's something bout your body baaa
965,FRIENDS - R3hab Remix,Marshmello,edm,happy,0.8140000000000001,104.93,0.696,0.545,0.028,62,"Ooh-oh, ooh-woh Ooh-oh, ooh-woh You say you love me, I say you crazy We're nothing more than friends You're not my lover, more like a brother I known you since we were like ten, yeah Don't mess it up, talking that shit Only gonna push me away, that's it! When you say you love me, that make me crazy Here we go again Don't go look at me with that look in your eye You really ain't going away without a fight You can't be reasoned with, I'm done being polite I've told you one, two, three, four, five,"
966,I Know,DallasK,edm,sad,0.873,122.04,0.295,0.6,0.001,62,"Sweat falls down my forehead Think I'm nervous, standing next to you, mmh Jagged heart's been stolen But on the surface I try to play it cool I know Shoulda let you, let you go I know Shoulda loved you, loved you more, oh I know, I know, I know, mmh-mmh I know, I know, I know I know! I know, I know, I know I know, I know, I know Oh-oh Bring your love right back Bring your love right back Oh-oh Bring your love right back Bring your love right back Don't give up on me Oh, I, I, I Don't know how to"
967,Last To Leave (feat. Caroline Ailin),Louis The Child,edm,neutral,0.602,94.06,0.555,0.753,0.052,62,You took it off the table then I put it back again I'm really good at starting but I don't know when it has to end You're leaving in reality I'm staying in pretend Here I am Here I am Holding On Here I am Here I am And you're gone I'm the last to leave the party Don't know when it's time to go When it's clear to everybody I'm always the last to know I heard what you said But I'm not ready yet Dancing on my own Like I don't notice that you left And when all the lights come on It's just me Cuz I'm
968,IM GONE,JOYRYDE,edm,sad,0.953,125.68,0.21,0.664,0.01,62,"Fuck if bitches hate me I'm ballistic, I'm hate seeking SK2's on every weekend I got bones, I got G's I got T zones always gleaming Cashing checks and closing gaps Ebay spree say dodging caps Thick as fuck in the JCrew sis ""Bristol Farms"" in L.A I got that fat ass, man, weed tight Hair straight, now rewrite Every kiss is word you ever heard in your life I don't fear, I don't cry I don't care, multiply Give a fuck if bitches hate me I'm the mother-fucking I'm the mother-fucking I'm the mother-fuc"
969,Say Something - RetroVision Remix,Lucas & Steve,edm,happy,0.7559999999999999,125.99,0.795,0.779,0.215,62,"I've been down every road every city seen every view Chasing the stars in the back of my cargos I had a few Cross every city you know, I would Why wouldn't I it's just so good Every road every river I travel leads back to you Ooh, darlin' say something let me steal one kiss Ooh, darlin' sweet-loving when it feels like this Cross every city you know I would Why wouldn't I it's just so good Ooh, darlin' say something, ooh, darling Ooh, darlin' say something Let me steal one kiss Ooh, darlin' sweet"
970,Heaven,The Blaze,edm,sad,0.461,125.07,0.084,0.613,0.026,62,"Will you surrender? Restless in a war, war... We're sailling, farewell love We praise our shared destiny Be sure to embrace the dreams I'm more than a dead and gone ... close your eyes... I see the past of the time passing fast The present's over and gone So know I'm ready, I trust my soul I'm hoping to fly with style, we shall know Trust in me and set me free You're hiding your love I don't wish to try this alone I feel lone, why shouldn't I go? Cause even the time we're so longing gets blown I"
971,Love Is Gone,SLANDER,edm,sad,0.465,149.59,0.083,0.452,0.059,62,"Don't go tonight Stay here one more time Remind me what it's like, oh And let's fall in love one more time I need you now by my side It tears me up when you turn me down I'm begging please, just stick around I'm sorry, don't leave me, I want you here with me I know that your love is gone I can't breathe, I'm so weak, I know this isn't easy Don't tell me that your love is gone That your love is gone I'm sorry, don't leave me, I want you here with me I know that your love is gone I can't breathe, "
972,Neverland,KSHMR,edm,sad,0.937,137.99,0.257,0.312,0.003,62,I'll take you to the places you never go Show you the things you will never see But you have the key Neverland I'll take you to the places you never go Show you the things you will never see But you have the key (key) Neverland
973,Hooked,Notion,edm,happy,0.789,128.02,0.853,0.783,0.135,62,"Don't be shook We don't do this by the book And I'm feeling super wavey off this sh*t that I just took Just relax, don't be shook I saw you give me that look Now I want you and you want me So come here, you've got me hooked Don't be shook We don't do this by the book And I'm feeling super wavey off this sh*t that I just took Just relax, don't be shook I saw you give me that look Now I want you and you want me So come here, you've got me hooked Don't be shook We don't do this by the book And I'm "
974,Superstylin',Groove Armada,edm,happy,0.7979999999999999,128.97,0.928,0.743,0.003,61,"Enter in the dance, plug it in an we begin Crowd up in the center, they watch be dibidim Watch the way we drop it in a mix timin' Rise and amplifyin' when we come in with the swing Just followin' the back an naturally harmonizin' Climb into position with synchronized things Live from out the ghetto, we maximizin' Sound of the Groove Armada we superstylin' We superstylin' We superstylin' Sometime Can you feel the pressure does unwind Sometime Sometime Through the day and trough the night Sometime"
975,Rolling In The Deep,Adele,edm,neutral,0.76,104.94,0.54,0.727,0.13,61,"There's a fire starting in my heart Reaching a fever pitch, and it's bringing me out the dark Finally, I can see you crystal clear Go ahead and sell me out, and then I'll lay your shit bare See how I'll leave with every piece of you Don't underestimate the things that I will do There's a fire starting in my heart Reaching a fever pitch, and it's bringing me out the dark The scars of your love remind me of us They keep me thinkin' that we almost had it all The scars of your love, they leave me br"
976,Bird Song,Elderbrook,edm,sad,0.391,120.0,0.26,0.882,0.613,61,"Like a bird with no song I've been silent so long I've been hiding my love I've been hiding Like a bird with no song I've been silent so long I've been hiding my love I've been hiding Hiding Hiding But I'd change my tune, if it works for you I would flip the switch into something new I would change it all I would change it all But I'd change my tune, if it works for you I would flip the switch into something new I would change it all I would change it all Like a bird with no song I've been silen"
977,Drop To The Floor,Hardwell,edm,sad,0.995,127.97,0.237,0.769,0.032,61,"Drop to the floor Don't stop give it to me Give it, give it to me (Woo) Give it, give it to me (Gyal) Give it, give it (Eyy) Put your hands up in the air (Huu) Hands up, hands up Put your hands up in the air (Huu) Hands up, hands up Put your hands up in the air (Huu) Hands up, hands up Put your hands up in the air Let me see ya drop to the floor Drop to the floor Let me see ya drop to the floor Drop to the floor Let me see ya drop to the floor Drop to the floor Jump Let me see ya drop to the flo"
978,All Night,Example,edm,happy,0.799,124.02,0.905,0.788,0.26,61,"All night (All night) All night (All night) All night (All night) All night (All night) Only one place we wanna be (All night) Only need the crew plus me (All night) Don't know who we're gonna see (All night) But I heard they play a couple CDs (All night)8 quid for a G&T (All night) Probably gonna spill it on my jeans (All night) Don't really care, honestly (All night) 'Cause I only need the crew plus me (All night) We stay (All night) All day (All night) UK (All night) Okay (All night) Just vib"
979,Forgive or Forget - R3HAB Remix,Ina Wroldsen,edm,sad,0.813,127.18,0.384,0.601,0.01,61,"Ay, ay, ay, ay, ay, ah, ah Da, da, da, da, da You keep calling me Follow me on the internet Apologies, apologies I don't want your attention I don't want you to mention What we used to be Mention me in your interviews It's novelty and honestly I'm so mad about what you did I can't forgive or forget ya (Ay, ay, ah, ah) I can't forgive or forget ya (Ay, ay, ah, ah) I can't forgive that I let ya Under my, under my skin I can't forgive or forget ya (Ay, ay, ah, ah) I can't forgive or forget ya (Ay, "
980,Strangers,Vigiland,edm,neutral,0.594,124.21,0.534,0.718,0.195,61,"Play me like the best of melodies Happy with our heads inside a dream We're like strangers in the night Heaven knows what we will find But I'm falling in those deep blue eyes Bodies made of gold Only love can get me sold I'm a sucker for your touch tonight So I say, hold on to me 'Cause this feels so good, you see Just keep holding on to me Let me love, let me love Let me love, let me love you tonight Let me love, let me love you tonight Let me love, let me love you tonight Let me love, let me l"
981,Back to Beautiful,Sofia Carson,edm,neutral,0.7,95.92,0.56,0.603,0.314,61,"They say You're not good enough, you're not brave enough You should cover up your body Tell me, watch my weight Gotta paint my face Or else no one's gonna want me Why do we say this to ourselves? And even worse to each other? Why do we say this to ourselves? Ooh We gotta, get back to beautiful Gotta, get back to beautiful All these words, starting wars Over who can hurt who more Gotta, get back to beautiful Get back, beautiful Get back, beautiful Judging who we love, judging where we're from (Wh"
982,Hurricane - Arty Remix,Halsey,edm,neutral,0.856,127.99,0.49,0.438,0.027,61,"There's a place way down in Bed Stuy Where a boy lives behind bricks He's got an eye for girls of eighteen And he turns them out like tricks I went down to a place in Bed Stuy A little liquor on my lips I let him climb inside my body And held him captive in my kiss And there's a storm you're starting now And there's a storm you're starting now And there's a storm you're starting I'm a wanderess, I'm a one night stand Don't belong to no city, don't belong to no man I'm the violence in the pouring"
983,Came For The Low,ZHU,edm,sad,0.531,117.97,0.13,0.794,0.018,61,"I came for the low I came for the low Low, low, low, low, low Low, low, low, low, low Low, low, low, low, low Low, low, low, low, low Low, low, low, low, low Low, low, low, low, low I came for the You came for the She came for the They came for the I came for the You came for the She came for the They came for the (Low, low) You game with the (Low, low) Are you hanging with the (Low, low) She playing with the (Low, low) You dangerous (Low, low) But you know that I (Low, low) Love playin' with yo"
984,Black Fur,Elder Island,edm,neutral,0.49,119.97,0.428,0.758,0.357,61,Fate unknown Said I'll settle for alone Set in stone Say we dunno we dunno we dunno Come along If you fall you'll be undone Stretched and strung Saying oh no no oh no no oh no no It's a thinking a feeling it's so hard for me to say A symbol of home life and you can't take that away I gotta think of the small things it's got four small bins with claws in it And a bullet face for your neighbour Name every caught up Parade all you want love 'cause I've set a fire in my mind Take all you can do Comp
985,Tell Me Why,Alok,edm,sad,0.909,123.03,0.195,0.561,0.005,61,"Run away, turn away Run away, turn away Run away Run away, turn away Run away, turn away Run away Run away, turn away Run away, turn away Run away Run away, turn away Run away, turn away Run away Turn away Turn away Turn away Turn away Turn away Turn away, turn away Run away, turn away Tell me why Turn away, turn away Run away, turn away Tell me why Cry, boy, cry Cry, boy, cry Cry, boy, cry, boy, cry Cry, boy, cry, boy, cry Turn away Turn away Turn away Turn away Turn away Turn away, turn away R"
986,My Best Life (feat. Mike Waters),KSHMR,edm,happy,0.836,105.02,0.675,0.625,0.03,61,"There's always someone with more money Someone who goes to better parties in a faster car I wanna be someone with no worries, ooh Not just someone who doesn't show it and keeps up a facade Oh, it used to get me down But now I know what's real I'm living my best life I don't know where it's taking me and that's fine At least it's what I make it So I don't mind, oh no No, I don't mind, oh no 'Cause nobody ever makes it out alive So I'm living my best life Gotta get up, I'm living my life Keep my h"
987,Friday (feat. JGUAR),MOTi,edm,neutral,0.762,126.13,0.421,0.554,0.002,61,"(I've got Friday on my mind on a Sunday) I've got Friday on my mind, mind, mind, mind, mind I've got Friday on my mind on a Sunday I've got Friday on my mind… I've got Friday on my Mind I've got Friday on my Mind Mind Mind Here we are, here we are, here we are The last ones standing Here we are, here we are, here we are The weekend's ended Here we are, here we are, here we are We never felt it Here we are, here we are, here we are I've got Friday on my mind, mind, mind, mind, mind I've got Frida"
988,Who Do You Love - R3HAB Remix,The Chainsmokers,edm,sad,0.698,142.01,0.357,0.529,0.2,61,"Yeah Found cigarettes in your Fendi coat Even though you don't even smoke Always changin' your access codes Yeah, I can tell you know I know Yeah, you've been actin' so conspicuous You flip it on me, say I think too much You're movin' different when we makin' love Baby, tell me, tell me Who do you love, do you love now? I wanna know the truth (Whoa) Who do you love, do you love now? I know it's someone new You ain't gotta make it easy, where you been sleepin'? This shit is keepin' me up at night"
989,Untouchable (feat. Aimee Dalton),Will Sparks,edm,sad,0.7859999999999999,128.16,0.16,0.57,0.208,61,Stop me now I'll cross the line Just need what's here To satisfy Maybe one to fantasise But I see pleasure in your eyes Undress me unless we confess that it's real Just take me don't wake me if you won't be here Your body has got me I'm down on my knees Control me just stall me give me what I need Ooh You're untouchable You're untouchable I want it Ooh You're untouchable You're untouchable Can't stop this You're untouchable You're untouchable Can't stop this Ooh You're untouchable You're untouch
990,Waiting For Love,Brooks,edm,happy,0.836,127.92,0.712,0.57,0.003,60,"You and I, been waiting enough So tell me why we're waiting for love Day and night, I'm craving the rush So tell me why we're waiting for love All I need, is to feel alive So tell me why we're waiting for love 1,2,3 my time's running out So tell me why we're waiting for love Waiting for love, love Waiting for love, love Waiting for love, love So tell me why we're waiting for love Why we're waiting So tell me why we're waiting for love Why we're waiting, waiting You and I, been waiting enough So "
991,Crowd Control,FISHER,edm,happy,0.664,125.03,0.854,0.87,0.008,60,"Major Tom to crowd control Now that I have your attention On a count of three I'd like you all to sit down One, two, three Crowd control I'm in control I'm in control I'm in control I'm in control I'm in control Major Tom to crowd control Crowd control Crowd control Crowd control Major Tom to crowd control Crowd control Crowd control Crowd control Major Tom to crowd control Now that I have your attention On a count of three I'd like you all to sit down One, two, three Crowd control I'm in contro"
992,Games Continued - Radio Edit,Bakermat,edm,sad,0.618,127.03,0.229,0.656,0.036,60,You got the gun I've got the flower You've got your pride I've got my shame You've got your luck What the hell is mine but you're Dark And I'm Bright I'm not the flame And you are the first Let me explode let me burst Let me shout shout shout shout shout shout shout Let me shout shout Let me shout shout shout shout shout shout shout Let me shout shout Funniest game Strongest pain Hardest time Hardest time
993,I Want It All (feat. Elderbrook),Casper Cole,edm,neutral,0.588,125.98,0.442,0.702,0.008,60,"I will wait for you I will find my way through But you pass in another lane Oh, could you ever stay true? I want it all I want it all But you want it now Oh, but you want it now But you want it now But you want it now I will wait for you I will find my way through But you pass in another lane Oh, could you ever stay true? I want it all I want it all But you want it now Oh, but you want it now I want it all I want it all But you want it now Oh, but you want it now But you want it now But you want"
994,Really,BLACKPINK,edm,happy,0.8809999999999999,142.02,0.947,0.695,0.023,60,If you really really love me 말해줘 나 없이 하루도 버틸 수 없다고 really really 집착할 만큼 원한다고 really If you really really want me 말해줘 너 절대 잠시도 한눈 안 판다고 really really 다른 남자와는 다르다고 really 하늘의 별이라도 따주겠다 말해 시간은 많지 않아 있을 때 잘해 다른 여자 보기를 돌 같이 본다고 해 때론 거짓말 같지 않은 거짓말을 난 원해별 볼 일 없는 네 주위의 여자 그만 관리하고 싹 다 정리해 네 어장 어차피 넌 내게 오게 돼 있으니까 Better act like you know what Better act like you know what Eyes have been callin me baby Body been tellin me take me Boys have been sayin to date me Your lips should be sayin the same thing For 
995,Lick It,Valentino Khan,edm,happy,0.8370000000000001,124.99,0.662,0.798,0.007,60,"Take it, hold it, pass it down Pat it, lick it, pull it down Take it, hold it, pass it down Pat it, lick it, pull it down Lick it, lick it down, down Lick it, lick it down, down Lick it, lick it down, down Lick it down, down Lick it, lick it down, down Lick it, lick it down, down Lick it, lick it down, down Lick it down, down Lick it, lick it down, down Lick it, lick it down, down Lick it, lick it down, down Lick it down, down Lick it, lick it down, down Lick it, lick it down, down Lick it, lick"
996,Deep Down Low,Valentino Khan,edm,neutral,0.8959999999999999,126.0,0.5,0.794,0.004,60,"Yo Drop Dat Ass Yo Drop Dat Ass, Deep Down Low Drop Dat Ass Yo Drop Dat Ass, Deep Down Low Deep Down Low Deep Down Low Deep Down Low Deep Down Low Deep Down Low Deep Down Low Deep Down Low Deep Down Low Deep Down Low Deep Down Low Deep Down Low Deep Down Low Deep Down Low Deep Down Low Deep Down Low Deep Down Low Deep Down Low Deep Down Low Deep Down Low Deep Down Low Deep Down Low Deep Down Low Deep Down Low Drop Dat Ass"
997,Wildcard (feat. Sidnie Tipton),KSHMR,edm,neutral,0.835,127.93,0.472,0.591,0.1,60,"I come around the turn and people stop and stare I'll make a killin' from this change Snake eyes and Sevens, you can feel it in the air You see your fortune and your fame Wanna take a spin? Wanna take a roll? You know you're dealin' with a wildcard If you go all in, I'll make your troubles fold Might take your Diamonds but I'll steal your Heart I'm sure you've had a lot of heartaches But now you've stumbled on a winning hand, a hard Eight You crossed your fingers and wished upon a shooting star "
998,Up & Down,Marnik,edm,happy,0.746,137.97,0.658,0.758,0.442,60,They just want your head Moving up & down Up & down Up & down They got inside your head Flip it upside down Upside down Upside down We can feel an order Getting in our way We don't need the rule of yesterday Breaking down the borders Tearing down the sides Hear this one last time They just want your head Moving up & down Up & down Up & down They got inside your head Flip it upside down Upside down Upside down They just want your head Moving up & down Up & down Up & down They got inside your head
999,This Is How We Party (with Icona Pop),R3HAB,edm,sad,0.8029999999999999,119.0,0.339,0.802,0.057,60,"I jump the line And you're always waiting for me It's who I am And you're in my territory I go, go, go, we get it on, yeah I'm chemical, just getting started Get low, low, low, it's all that you wanted You got what you wanted, don't you know that This is how we party, foolin' with your body Come on everybody, you can't get enough of me This is how we party, foolin' with your body Don't know how it started, you can't get enough of me You can't get enough of me You can't get enough of me Don't was"
1000,Calabria - Firebeatz Remix,Rune RK,edm,neutral,0.887,128.04,0.427,0.649,0.001,60,"Easy now, no need fi go down Easy now, no need fi go down Rock that, run that, this where we from Easy now, no need fi go down Easy now, no need fi go down Rock that, run that, this where we from Whoop-whoop Whoop-whoop, whoop-whoop Whoop-whoop, when yuh run, come around Cuz mi kno yuh di talk of di town, yeah Whoop-whoop, when yuh run, come around Cuz mi kno yuh di talk of di town, yeah (Whoop-whoop) Whoop-whoop, when yuh run, come around Cuz mi kno yuh di talk of di town, yeah Whoop-whoop, whe"
1001,Cool,Alesso,edm,neutral,0.848,128.02,0.498,0.537,0.036,60,"I saw stars on the pavement California dreams Looked up through the bright lights No stars that I see You said, ""It's all yours if you take it there""I said, ""I can't do it alone, I swear"" You said, ""It's all yours It's all yours when you smile"" It's only you (you) Loves me like you do (do) Trying to keep it cool (cool) But I can't keep cool about it Acted like a fool (fool) Ought to scream it from the roof (roof) I'm trying to keep it cool (cool) But I can't keep cool about it ('bout it) Can't k"
1002,Inside Out,The Chainsmokers,edm,sad,0.65,143.94,0.121,0.545,0.003,59,"Bend your chest open so I can read your heart I need to get inside, or I'll start a war Wanna look at the pieces that make you who you are I wanna build you up and take you apart Let me see the dark sides as well as the bright I'm gonna love you inside out I'm gonna love you inside out Let me see the dark sides as well as the bright I'm gonna love you inside out I'm gonna love you inside out I'm gonna love you in... I'm gonna love you I'm gonna love you I'm gonna pick your brain and get to know "
